id,time_utc,time_dk,price_area,price_dkk,price_eur,created_at
911370346707446,2026-08-29 21:45:00,2026-08-29 23:45:00,DK1,1037.9507,138.86,2026-08-30 08:43:34.908991
976689349014963,2026-08-29 21:15:00,2026-08-29 23:15:00,DK1,1080.5571,144.56,2026-08-30 08:43:34.908991
81357751690008,2026-08-29 21:00:00,2026-08-29 23:00:00,DK1,1117.4825,149.5,2026-08-30 08:43:34.908991
453864188694774,2026-08-29 20:45:00,2026-08-29 22:45:00,DK1,1126.5271,150.71,2026-08-30 08:43:34.908991
509534402403882,2026-08-29 20:15:00,2026-08-29 22:15:00,DK1,1196.566,160.08,2026-08-30 08:43:34.908991
430184534062078,2026-08-29 18:45:00,2026-08-29 20:45:00,DK1,1360.7874,182.05,2026-08-30 08:43:34.908991
786218923226899,2026-08-29 18:30:00,2026-08-29 20:30:00,DK1,1366.6924,182.84,2026-08-30 08:43:34.908991
725276703067521,2026-08-29 18:00:00,2026-08-29 20:00:00,DK1,1639.9711,219.4,2026-08-30 08:43:34.908991
34299494455861,2026-08-29 17:00:00,2026-08-29 19:00:00,DK1,1334.7751,178.57,2026-08-30 08:43:34.908991
659604539857369,2026-08-29 16:45:00,2026-08-29 18:45:00,DK1,1467.0042,196.26,2026-08-30 08:43:34.908991
703734416611140,2026-08-29 16:30:00,2026-08-29 18:30:00,DK1,1345.8378,180.05,2026-08-30 08:43:34.908991
103190867737952,2026-08-29 16:00:00,2026-08-29 18:00:00,DK1,1065.6074,142.56,2026-08-30 08:43:34.908991
208248349821299,2026-08-29 15:30:00,2026-08-29 17:30:00,DK1,977.5543,130.78,2026-08-30 08:43:34.908991
691166086677333,2026-08-29 15:00:00,2026-08-29 17:00:00,DK1,397.5846,53.19,2026-08-30 08:43:34.908991
109588170036026,2026-08-29 14:00:00,2026-08-29 16:00:00,DK1,3.886896,0.52,2026-08-30 08:43:34.908991
640818146846534,2026-08-29 13:45:00,2026-08-29 15:45:00,DK1,37.897236,5.07,2026-08-30 08:43:34.908991
888403478203726,2026-08-29 13:15:00,2026-08-29 15:15:00,DK1,5.456604,0.73,2026-08-30 08:43:34.908991
426457358460737,2026-08-29 11:30:00,2026-08-29 13:30:00,DK1,0.971724,0.13,2026-08-30 08:43:34.908991
857740232656086,2026-08-29 10:45:00,2026-08-29 12:45:00,DK1,10.09098,1.35,2026-08-30 08:43:34.908991
575593392787826,2026-08-29 10:15:00,2026-08-29 12:15:00,DK1,11.735436,1.57,2026-08-30 08:43:34.908991
909429048676220,2026-08-29 09:45:00,2026-08-29 11:45:00,DK1,15.173844,2.03,2026-08-30 08:43:34.908991
492244461134349,2026-08-29 09:15:00,2026-08-29 11:15:00,DK1,15.996072,2.14,2026-08-30 08:43:34.908991
6686340965894,2026-08-29 09:00:00,2026-08-29 11:00:00,DK1,15.996072,2.14,2026-08-30 08:43:34.908991
160069154016342,2026-08-29 08:30:00,2026-08-29 10:30:00,DK1,18.238512,2.44,2026-08-30 08:43:34.908991
103245417774201,2026-08-29 08:00:00,2026-08-29 10:00:00,DK1,22.05066,2.95,2026-08-30 08:43:34.908991
828270402064185,2026-08-29 04:45:00,2026-08-29 06:45:00,DK1,725.0556,97.0,2026-08-30 08:43:34.908991
206540745308981,2026-08-29 03:30:00,2026-08-29 05:30:00,DK1,703.9019,94.17,2026-08-30 08:43:34.908991
39608938043221,2026-08-29 03:00:00,2026-08-29 05:00:00,DK1,739.0335,98.87,2026-08-30 08:43:34.908991
484481213057889,2026-08-29 02:45:00,2026-08-29 04:45:00,DK1,659.0531,88.17,2026-08-30 08:43:34.908991
914946257291134,2026-08-29 02:30:00,2026-08-29 04:30:00,DK1,676.6189,90.52,2026-08-30 08:43:34.908991
85632901806783,2026-08-29 01:00:00,2026-08-29 03:00:00,DK1,723.56067,96.8,2026-08-30 08:43:34.908991
715928279008177,2026-08-29 00:45:00,2026-08-29 02:45:00,DK1,680.28156,91.01,2026-08-30 08:43:34.908991
16654631518232,2026-08-28 23:45:00,2026-08-29 01:45:00,DK1,799.95306,107.02,2026-08-30 08:43:34.908991
368334589366671,2026-08-28 23:30:00,2026-08-29 01:30:00,DK1,821.85425,109.95,2026-08-30 08:43:34.908991
144034802495242,2026-08-28 23:00:00,2026-08-29 01:00:00,DK1,869.394,116.31,2026-08-30 08:43:34.908991
304809444373617,2026-08-28 22:45:00,2026-08-29 00:45:00,DK1,874.0284,116.93,2026-08-30 08:43:34.908991
242355046420360,2026-08-28 22:00:00,2026-08-29 00:00:00,DK1,1043.3326,139.58,2026-08-30 08:43:34.908991
556299202401273,2026-08-28 21:00:00,2026-08-28 23:00:00,DK1,1157.0991,154.8,2026-08-30 08:43:34.908991
37797790957426,2026-08-28 20:45:00,2026-08-28 22:45:00,DK1,1125.1069,150.52,2026-08-30 08:43:34.908991
260870105104828,2026-08-28 18:30:00,2026-08-28 20:30:00,DK1,1350.5468,180.68,2026-08-30 08:43:34.908991
365589308814325,2026-08-28 18:15:00,2026-08-28 20:15:00,DK1,1326.3285,177.44,2026-08-30 08:43:34.908991
455407225777381,2026-08-28 17:30:00,2026-08-28 19:30:00,DK1,1313.5466,175.73,2026-08-30 08:43:34.908991
607918033447835,2026-08-28 17:00:00,2026-08-28 19:00:00,DK1,1153.5112,154.32,2026-08-30 08:43:34.908991
317291920683823,2026-08-28 16:45:00,2026-08-28 18:45:00,DK1,1268.324,169.68,2026-08-30 08:43:34.908991
209527085249935,2026-08-28 16:30:00,2026-08-28 18:30:00,DK1,1251.9543,167.49,2026-08-30 08:43:34.908991
309540250628989,2026-08-28 16:15:00,2026-08-28 18:15:00,DK1,1200.1539,160.56,2026-08-30 08:43:34.908991
754861338673076,2026-08-28 13:15:00,2026-08-28 15:15:00,DK1,851.5292,113.92,2026-08-30 08:43:34.908991
987351375057333,2026-08-28 12:30:00,2026-08-28 14:30:00,DK1,808.2501,108.13,2026-08-30 08:43:34.908991
996843549573942,2026-08-28 11:15:00,2026-08-28 13:15:00,DK1,734.7729,98.3,2026-08-30 08:43:34.908991
747675240988082,2026-08-28 10:45:00,2026-08-28 12:45:00,DK1,871.1132,116.54,2026-08-30 08:43:34.908991
779263577803455,2026-08-28 10:00:00,2026-08-28 12:00:00,DK1,854.9676,114.38,2026-08-30 08:43:34.908991
891304510619973,2026-08-28 09:30:00,2026-08-28 11:30:00,DK1,909.4589,121.67,2026-08-30 08:43:34.908991
891170796723924,2026-08-28 08:45:00,2026-08-28 10:45:00,DK1,945.7117,126.52,2026-08-30 08:43:34.908991
696110462883357,2026-08-28 04:45:00,2026-08-28 06:45:00,DK1,1075.0258,143.82,2026-08-30 08:43:34.908991
468615051721459,2026-08-28 04:00:00,2026-08-28 06:00:00,DK1,1028.3082,137.57,2026-08-30 08:43:34.908991
667041306590635,2026-08-28 03:30:00,2026-08-28 05:30:00,DK1,923.1378,123.5,2026-08-30 08:43:34.908991
405479416700274,2026-08-28 02:15:00,2026-08-28 04:15:00,DK1,855.9394,114.51,2026-08-30 08:43:34.908991
55037212811477,2026-08-28 01:30:00,2026-08-28 03:30:00,DK1,846.5959,113.26,2026-08-30 08:43:34.908991
775268500938663,2026-08-28 00:30:00,2026-08-28 02:30:00,DK1,835.08466,111.72,2026-08-30 08:43:34.908991
299199628535247,2026-08-27 23:30:00,2026-08-28 01:30:00,DK1,828.05835,110.78,2026-08-30 08:43:34.908991
777063424558658,2026-08-27 22:30:00,2026-08-28 00:30:00,DK1,823.9472,110.23,2026-08-30 08:43:34.908991
308860361846455,2026-08-27 22:15:00,2026-08-28 00:15:00,DK1,820.6583,109.79,2026-08-30 08:43:34.908991
112089565438250,2026-08-27 21:45:00,2026-08-27 23:45:00,DK1,952.87476,127.48,2026-08-30 08:43:34.908991
185838157425035,2026-08-27 21:30:00,2026-08-27 23:30:00,DK1,965.2828,129.14,2026-08-30 08:43:34.908991
668846214614686,2026-08-27 20:30:00,2026-08-27 22:30:00,DK1,973.20593,130.2,2026-08-30 08:43:34.908991
6906552310517,2026-08-27 19:45:00,2026-08-27 21:45:00,DK1,1037.4884,138.8,2026-08-30 08:43:34.908991
297946872418253,2026-08-27 19:00:00,2026-08-27 21:00:00,DK1,998.6947,133.61,2026-08-30 08:43:34.908991
108451912656194,2026-08-27 17:15:00,2026-08-27 19:15:00,DK1,1163.6613,155.68,2026-08-30 08:43:34.908991
305332349813668,2026-08-27 16:15:00,2026-08-27 18:15:00,DK1,1101.3223,147.34,2026-08-30 08:43:34.908991
7465781426021,2026-08-27 16:00:00,2026-08-27 18:00:00,DK1,1114.7767,149.14,2026-08-30 08:43:34.908991
474462572935829,2026-08-27 15:00:00,2026-08-27 17:00:00,DK1,850.3219,113.76,2026-08-30 08:43:34.908991
966698290876727,2026-08-27 14:45:00,2026-08-27 16:45:00,DK1,866.69147,115.95,2026-08-30 08:43:34.908991
195408102127198,2026-08-27 14:30:00,2026-08-27 16:30:00,DK1,771.987,103.28,2026-08-30 08:43:34.908991
868537066618249,2026-08-27 12:15:00,2026-08-27 14:15:00,DK1,11.511038,1.54,2026-08-30 08:43:34.908991
138959467993232,2026-08-27 11:45:00,2026-08-27 13:45:00,DK1,10.240339,1.37,2026-08-30 08:43:34.908991
267046846255372,2026-08-27 11:15:00,2026-08-27 13:15:00,DK1,12.258508,1.64,2026-08-30 08:43:34.908991
949728961270454,2026-08-27 10:45:00,2026-08-27 12:45:00,DK1,11.660532,1.56,2026-08-30 08:43:34.908991
543606976204172,2026-08-27 10:30:00,2026-08-27 12:30:00,DK1,15.69687,2.1,2026-08-30 08:43:34.908991
101034791744796,2026-08-27 10:00:00,2026-08-27 12:00:00,DK1,22.274607,2.98,2026-08-30 08:43:34.908991
410970433379377,2026-08-27 09:30:00,2026-08-27 11:30:00,DK1,180.3645,24.13,2026-08-30 08:43:34.908991
174403555101183,2026-08-27 09:15:00,2026-08-27 11:15:00,DK1,496.09586,66.37,2026-08-30 08:43:34.908991
32094315367313,2026-08-27 09:00:00,2026-08-27 11:00:00,DK1,731.6236,97.88,2026-08-30 08:43:34.908991
433811798707165,2026-08-27 08:15:00,2026-08-27 10:15:00,DK1,810.18274,108.39,2026-08-30 08:43:34.908991
999542790799824,2026-08-27 06:45:00,2026-08-27 08:45:00,DK1,994.95734,133.11,2026-08-30 08:43:34.908991
165847934418271,2026-08-27 04:45:00,2026-08-27 06:45:00,DK1,1176.9663,157.46,2026-08-30 08:43:34.908991
681571938571917,2026-08-27 04:30:00,2026-08-27 06:30:00,DK1,1180.9279,157.99,2026-08-30 08:43:34.908991
857024028470744,2026-08-27 04:00:00,2026-08-27 06:00:00,DK1,1133.7625,151.68,2026-08-30 08:43:34.908991
627379949129834,2026-08-27 03:30:00,2026-08-27 05:30:00,DK1,1075.086,143.83,2026-08-30 08:43:34.908991
201829201936192,2026-08-27 02:30:00,2026-08-27 04:30:00,DK1,1016.70874,136.02,2026-08-30 08:43:34.908991
149008868347485,2026-08-27 01:00:00,2026-08-27 03:00:00,DK1,1003.92694,134.31,2026-08-30 08:43:34.908991
953106929525331,2026-08-27 00:45:00,2026-08-27 02:45:00,DK1,986.5857,131.99,2026-08-30 08:43:34.908991
663276738064342,2026-08-27 00:30:00,2026-08-27 02:30:00,DK1,995.33105,133.16,2026-08-30 08:43:34.908991
181597805562934,2026-08-27 00:15:00,2026-08-27 02:15:00,DK1,1000.11487,133.8,2026-08-30 08:43:34.908991
235182027106145,2026-08-26 23:30:00,2026-08-27 01:30:00,DK1,1053.6338,140.96,2026-08-30 08:43:34.908991
749653556986013,2026-08-26 23:15:00,2026-08-27 01:15:00,DK1,1061.2579,141.98,2026-08-30 08:43:34.908991
257303668439953,2026-08-26 22:45:00,2026-08-27 00:45:00,DK1,1054.3812,141.06,2026-08-30 08:43:34.908991
28026681341028,2026-08-26 22:15:00,2026-08-27 00:15:00,DK1,1112.3849,148.82,2026-08-30 08:43:34.908991
290342141530458,2026-08-26 22:00:00,2026-08-27 00:00:00,DK1,1152.225,154.15,2026-08-30 08:43:34.908991
675488254113238,2026-08-26 20:45:00,2026-08-26 22:45:00,DK1,1130.9987,151.29,2026-08-30 08:43:34.908991
642494861452035,2026-08-26 20:15:00,2026-08-26 22:15:00,DK1,1237.3031,165.51,2026-08-30 08:43:34.908991
771687576718,2026-08-26 19:00:00,2026-08-26 21:00:00,DK1,1411.1879,188.77,2026-08-30 08:43:34.908991
908907687361089,2026-08-26 18:45:00,2026-08-26 20:45:00,DK1,1390.854,186.05,2026-08-30 08:43:34.908991
16789366960990,2026-08-26 17:45:00,2026-08-26 19:45:00,DK1,1690.7043,226.16,2026-08-30 08:43:34.908991
915984859083378,2026-08-26 16:00:00,2026-08-26 18:00:00,DK1,1199.1023,160.4,2026-08-30 08:43:34.908991
39547686050661,2026-08-26 15:15:00,2026-08-26 17:15:00,DK1,1122.3269,150.13,2026-08-30 08:43:34.908991
879040422558342,2026-08-26 13:00:00,2026-08-26 15:00:00,DK1,677.07416,90.57,2026-08-30 08:43:34.908991
787596163820891,2026-08-26 12:45:00,2026-08-26 14:45:00,DK1,691.0537,92.44,2026-08-30 08:43:34.908991
934024172088000,2026-08-26 11:30:00,2026-08-26 13:30:00,DK1,609.19476,81.49,2026-08-30 08:43:34.908991
644419414302138,2026-08-26 11:15:00,2026-08-26 13:15:00,DK1,646.12476,86.43,2026-08-30 08:43:34.908991
901775764939480,2026-08-26 11:00:00,2026-08-26 13:00:00,DK1,698.2304,93.4,2026-08-30 08:43:34.908991
558271434401841,2026-08-26 10:15:00,2026-08-26 12:15:00,DK1,672.6635,89.98,2026-08-30 08:43:34.908991
286403142477557,2026-08-26 10:00:00,2026-08-26 12:00:00,DK1,811.9358,108.61,2026-08-30 08:43:34.908991
346858488245860,2026-08-26 09:45:00,2026-08-26 11:45:00,DK1,751.8312,100.57,2026-08-30 08:43:34.908991
324949176270627,2026-08-26 09:30:00,2026-08-26 11:30:00,DK1,873.98413,116.91,2026-08-30 08:43:34.908991
47453195696787,2026-08-26 09:00:00,2026-08-26 11:00:00,DK1,971.841,130.0,2026-08-30 08:43:34.908991
28872297631775,2026-08-26 08:30:00,2026-08-26 10:30:00,DK1,948.5168,126.88,2026-08-30 08:43:34.908991
633496273483446,2026-08-26 07:45:00,2026-08-26 09:45:00,DK1,1070.8193,143.24,2026-08-30 08:43:34.908991
123850044756874,2026-08-26 07:15:00,2026-08-26 09:15:00,DK1,1288.9602,172.42,2026-08-30 08:43:34.908991
512343477744409,2026-08-26 07:00:00,2026-08-26 09:00:00,DK1,1429.5781,191.23,2026-08-30 08:43:34.908991
649405182052323,2026-08-26 06:45:00,2026-08-26 08:45:00,DK1,1277.7466,170.92,2026-08-30 08:43:34.908991
442778695768720,2026-08-26 04:15:00,2026-08-26 06:15:00,DK1,1385.4714,185.33,2026-08-30 08:43:34.908991
130906650462719,2026-08-26 02:45:00,2026-08-26 04:45:00,DK1,1154.3229,154.41,2026-08-30 08:43:34.908991
628489131851463,2026-08-26 02:15:00,2026-08-26 04:15:00,DK1,1121.4297,150.01,2026-08-30 08:43:34.908991
458438752476246,2026-08-26 01:15:00,2026-08-26 03:15:00,DK1,1109.1696,148.37,2026-08-30 08:43:34.908991
253050898404929,2026-08-26 00:00:00,2026-08-26 02:00:00,DK1,1135.185,151.85,2026-08-30 08:43:34.908991
218109948293112,2026-08-25 23:15:00,2026-08-26 01:15:00,DK1,1167.181,156.13,2026-08-30 08:43:34.908991
313085130014559,2026-08-25 23:00:00,2026-08-26 01:00:00,DK1,1201.8683,160.77,2026-08-30 08:43:34.908991
135085172452187,2026-08-25 22:15:00,2026-08-26 00:15:00,DK1,1235.0604,165.21,2026-08-30 08:43:34.908991
119590588659183,2026-08-25 22:00:00,2026-08-26 00:00:00,DK1,1343.9066,179.77,2026-08-30 08:43:34.908991
290762951852318,2026-08-25 18:45:00,2026-08-25 20:45:00,DK1,1463.2899,195.75,2026-08-30 08:43:34.908991
815507582883135,2026-08-25 18:30:00,2026-08-25 20:30:00,DK1,1583.2686,211.8,2026-08-30 08:43:34.908991
222685648775708,2026-08-25 17:30:00,2026-08-25 19:30:00,DK1,1644.566,220.0,2026-08-30 08:43:34.908991
465106104380124,2026-08-25 17:00:00,2026-08-25 19:00:00,DK1,1445.125,193.32,2026-08-30 08:43:34.908991
762238790715570,2026-08-25 16:00:00,2026-08-25 18:00:00,DK1,1164.2032,155.74,2026-08-30 08:43:34.908991
336662437512015,2026-08-25 13:30:00,2026-08-25 15:30:00,DK1,689.52167,92.24,2026-08-30 08:43:34.908991
476628292290529,2026-08-25 13:15:00,2026-08-25 15:15:00,DK1,634.05493,84.82,2026-08-30 08:43:34.908991
168523113320131,2026-08-25 11:45:00,2026-08-25 13:45:00,DK1,438.2021,58.62,2026-08-30 08:43:34.908991
316085479077225,2026-08-25 11:00:00,2026-08-25 13:00:00,DK1,459.1329,61.42,2026-08-30 08:43:34.908991
903067316182794,2026-08-25 10:15:00,2026-08-25 12:15:00,DK1,409.64642,54.8,2026-08-30 08:43:34.908991
739732207248476,2026-08-25 09:30:00,2026-08-25 11:30:00,DK1,489.48267,65.48,2026-08-30 08:43:34.908991
726719397450105,2026-08-25 09:00:00,2026-08-25 11:00:00,DK1,765.91925,102.46,2026-08-30 08:43:34.908991
689665001400069,2026-08-25 08:15:00,2026-08-25 10:15:00,DK1,879.3195,117.63,2026-08-30 08:43:34.908991
197566552411022,2026-08-25 07:30:00,2026-08-25 09:30:00,DK1,1015.66895,135.87,2026-08-30 08:43:34.908991
257008065679302,2026-08-25 06:30:00,2026-08-25 08:30:00,DK1,1237.7601,165.58,2026-08-30 08:43:34.908991
599113314070874,2026-08-25 04:30:00,2026-08-25 06:30:00,DK1,1298.6091,173.72,2026-08-30 08:43:34.908991
473374226806543,2026-08-25 02:15:00,2026-08-25 04:15:00,DK1,1050.5039,140.53,2026-08-30 08:43:34.908991
368086182764470,2026-08-25 01:15:00,2026-08-25 03:15:00,DK1,1041.2345,139.29,2026-08-30 08:43:34.908991
531663164518210,2026-08-25 00:15:00,2026-08-25 02:15:00,DK1,1060.8945,141.92,2026-08-30 08:43:34.908991
552960023478068,2026-08-24 23:00:00,2026-08-25 01:00:00,DK1,1138.2639,152.27,2026-08-30 08:43:34.908991
297823351747611,2026-08-24 22:00:00,2026-08-25 00:00:00,DK1,1159.8676,155.16,2026-08-30 08:43:34.908991
740496559497653,2026-08-24 19:45:00,2026-08-24 21:45:00,DK1,1323.4979,177.04,2026-08-30 08:43:34.908991
773417091995384,2026-08-24 19:30:00,2026-08-24 21:30:00,DK1,1372.0153,183.53,2026-08-30 08:43:34.908991
183037079779562,2026-08-24 18:30:00,2026-08-24 20:30:00,DK1,1640.5424,219.45,2026-08-30 08:43:34.908991
944412273454004,2026-08-24 17:30:00,2026-08-24 19:30:00,DK1,1729.2789,231.32,2026-08-30 08:43:34.908991
22149155741183,2026-08-24 17:00:00,2026-08-24 19:00:00,DK1,1417.2432,189.58,2026-08-30 08:43:34.908991
149764225795529,2026-08-24 16:30:00,2026-08-24 18:30:00,DK1,1383.3783,185.05,2026-08-30 08:43:34.908991
379877549378286,2026-08-24 16:15:00,2026-08-24 18:15:00,DK1,1300.8466,174.01,2026-08-30 08:43:34.908991
340262624784397,2026-08-24 16:00:00,2026-08-24 18:00:00,DK1,1178.2451,157.61,2026-08-30 08:43:34.908991
897148712203141,2026-08-24 15:00:00,2026-08-24 17:00:00,DK1,845.6512,113.12,2026-08-30 08:43:34.908991
973513068109475,2026-08-24 13:30:00,2026-08-24 15:30:00,DK1,688.88574,92.15,2026-08-30 08:43:34.908991
506249646249991,2026-08-24 12:30:00,2026-08-24 14:30:00,DK1,458.7837,61.37,2026-08-30 08:43:34.908991
328305571796266,2026-08-24 08:00:00,2026-08-24 10:00:00,DK1,1008.92053,134.96,2026-08-30 08:43:34.908991
78765131192669,2026-08-24 07:45:00,2026-08-24 09:45:00,DK1,898.8034,120.23,2026-08-30 08:43:34.908991
866375045914336,2026-08-24 04:45:00,2026-08-24 06:45:00,DK1,1671.5665,223.6,2026-08-30 08:43:34.908991
487215761801101,2026-08-24 04:30:00,2026-08-24 06:30:00,DK1,1663.4928,222.52,2026-08-30 08:43:34.908991
590865211583983,2026-08-24 03:15:00,2026-08-24 05:15:00,DK1,1236.5555,165.41,2026-08-30 08:43:34.908991
689750212679504,2026-08-24 03:00:00,2026-08-24 05:00:00,DK1,1131.223,151.32,2026-08-30 08:43:34.908991
264641223262043,2026-08-24 01:45:00,2026-08-24 03:45:00,DK1,1101.9929,147.41,2026-08-30 08:43:34.908991
114490177727527,2026-08-23 23:15:00,2026-08-24 01:15:00,DK1,1154.9956,154.5,2026-08-30 08:43:34.908991
515497111006568,2026-08-23 20:45:00,2026-08-23 22:45:00,DK1,1278.3618,171.0,2026-08-30 08:43:34.908991
391494284707100,2026-08-23 19:15:00,2026-08-23 21:15:00,DK1,1349.6062,180.53,2026-08-30 08:43:34.908991
846038344765827,2026-08-23 18:30:00,2026-08-23 20:30:00,DK1,1379.3599,184.51,2026-08-30 08:43:34.908991
855730635508581,2026-08-23 18:00:00,2026-08-23 20:00:00,DK1,1395.5076,186.67,2026-08-30 08:43:34.908991
631659186835488,2026-08-23 17:15:00,2026-08-23 19:15:00,DK1,1316.1146,176.05,2026-08-30 08:43:34.908991
416646328194695,2026-08-23 16:30:00,2026-08-23 18:30:00,DK1,1193.7357,159.68,2026-08-30 08:43:34.908991
446458324018205,2026-08-23 16:00:00,2026-08-23 18:00:00,DK1,761.8588,101.91,2026-08-30 08:43:34.908991
410192043226104,2026-08-23 15:45:00,2026-08-23 17:45:00,DK1,821.06714,109.83,2026-08-30 08:43:34.908991
70418117249205,2026-08-23 15:15:00,2026-08-23 17:15:00,DK1,84.99985,11.37,2026-08-30 08:43:34.908991
63090939456145,2026-08-23 14:45:00,2026-08-23 16:45:00,DK1,11.662248,1.56,2026-08-30 08:43:34.908991
752789900953492,2026-08-23 11:30:00,2026-08-23 13:30:00,DK1,11.512732,1.54,2026-08-30 08:43:34.908991
84135290690799,2026-08-23 10:30:00,2026-08-23 12:30:00,DK1,11.737006,1.57,2026-08-30 08:43:34.908991
821103432704936,2026-08-23 09:45:00,2026-08-23 11:45:00,DK1,4.934028,0.66,2026-08-30 08:43:34.908991
441852807467204,2026-08-23 08:45:00,2026-08-23 10:45:00,DK1,0.0,0.0,2026-08-30 08:43:34.908991
591996287948612,2026-08-23 08:30:00,2026-08-23 10:30:00,DK1,1.719434,0.23,2026-08-30 08:43:34.908991
889020179199196,2026-08-23 07:30:00,2026-08-23 09:30:00,DK1,3.139836,0.42,2026-08-30 08:43:34.908991
467832483955297,2026-08-23 06:45:00,2026-08-23 08:45:00,DK1,45.452866,6.08,2026-08-30 08:43:34.908991
576495873859808,2026-08-23 06:30:00,2026-08-23 08:30:00,DK1,188.1659,25.17,2026-08-30 08:43:34.908991
402843101175196,2026-08-23 06:00:00,2026-08-23 08:00:00,DK1,708.25726,94.74,2026-08-30 08:43:34.908991
299581543575,2026-08-23 05:45:00,2026-08-23 07:45:00,DK1,600.97955,80.39,2026-08-30 08:43:34.908991
865142065858578,2026-08-23 02:00:00,2026-08-23 04:00:00,DK1,873.24817,116.81,2026-08-30 08:43:34.908991
409269318889389,2026-08-23 01:15:00,2026-08-23 03:15:00,DK1,863.4549,115.5,2026-08-30 08:43:34.908991
647532894793432,2026-08-23 00:30:00,2026-08-23 02:30:00,DK1,872.94916,116.77,2026-08-30 08:43:34.908991
641919656250147,2026-08-22 23:45:00,2026-08-23 01:45:00,DK1,894.8532,119.7,2026-08-30 08:43:34.908991
551656232005067,2026-08-22 22:45:00,2026-08-23 00:45:00,DK1,937.1663,125.36,2026-08-30 08:43:34.908991
587529752832816,2026-08-22 22:15:00,2026-08-23 00:15:00,DK1,971.9287,130.01,2026-08-30 08:43:34.908991
297073326015842,2026-08-22 22:00:00,2026-08-23 00:00:00,DK1,986.1328,131.91,2026-08-30 08:43:34.908991
988020464911130,2026-08-22 21:45:00,2026-08-22 23:45:00,DK1,906.8893,121.31,2026-08-30 08:43:34.908991
796403516572128,2026-08-22 17:30:00,2026-08-22 19:30:00,DK1,1003.9251,134.29,2026-08-30 08:43:34.908991
635507898514118,2026-08-22 16:45:00,2026-08-22 18:45:00,DK1,1006.5417,134.64,2026-08-30 08:43:34.908991
511548338406173,2026-08-22 14:30:00,2026-08-22 16:30:00,DK1,15.773938,2.11,2026-08-30 08:43:34.908991
622287113821520,2026-08-22 13:45:00,2026-08-22 15:45:00,DK1,9.942814,1.33,2026-08-30 08:43:34.908991
239185856932795,2026-08-22 12:30:00,2026-08-22 14:30:00,DK1,9.793298,1.31,2026-08-30 08:43:34.908991
239744633743727,2026-08-22 12:15:00,2026-08-22 14:15:00,DK1,9.942814,1.33,2026-08-30 08:43:34.908991
919194673159611,2026-08-22 07:30:00,2026-08-22 09:30:00,DK1,635.51776,85.01,2026-08-30 08:43:34.908991
317730885207671,2026-08-22 07:00:00,2026-08-22 09:00:00,DK1,827.9448,110.75,2026-08-30 08:43:34.908991
574085943153191,2026-08-22 05:45:00,2026-08-22 07:45:00,DK1,972.5268,130.09,2026-08-30 08:43:34.908991
679514359591878,2026-08-22 04:45:00,2026-08-22 06:45:00,DK1,1116.6602,149.37,2026-08-30 08:43:34.908991
157114440422837,2026-08-22 03:30:00,2026-08-22 05:30:00,DK1,1069.9364,143.12,2026-08-30 08:43:34.908991
46556604777657,2026-08-22 03:00:00,2026-08-22 05:00:00,DK1,1097.896,146.86,2026-08-30 08:43:34.908991
420715377139220,2026-08-22 01:45:00,2026-08-22 03:45:00,DK1,1102.4562,147.47,2026-08-30 08:43:34.908991
900844535341223,2026-08-22 01:30:00,2026-08-22 03:30:00,DK1,1148.8809,153.68,2026-08-30 08:43:34.908991
409569994298965,2026-08-22 01:15:00,2026-08-22 03:15:00,DK1,1166.15,155.99,2026-08-30 08:43:34.908991
386352249066915,2026-08-22 00:30:00,2026-08-22 02:30:00,DK1,1195.3804,159.9,2026-08-30 08:43:34.908991
571274205447639,2026-08-22 00:15:00,2026-08-22 02:15:00,DK1,1173.0278,156.91,2026-08-30 08:43:34.908991
804551926445873,2026-08-21 23:15:00,2026-08-22 01:15:00,DK1,1205.9213,161.31,2026-08-30 08:43:34.908991
690858908930785,2026-08-21 23:00:00,2026-08-22 01:00:00,DK1,1233.0585,164.94,2026-08-30 08:43:34.908991
858014744926812,2026-08-21 22:00:00,2026-08-22 00:00:00,DK1,1318.2826,176.34,2026-08-30 08:43:34.908991
98172291828171,2026-08-21 21:00:00,2026-08-21 23:00:00,DK1,1363.3616,182.37,2026-08-30 08:43:34.908991
952290223447132,2026-08-21 20:45:00,2026-08-21 22:45:00,DK1,1339.7382,179.21,2026-08-30 08:43:34.908991
718063052819080,2026-08-21 19:15:00,2026-08-21 21:15:00,DK1,1525.138,204.01,2026-08-30 08:43:34.908991
731221211401304,2026-08-21 18:15:00,2026-08-21 20:15:00,DK1,1495.6085,200.06,2026-08-30 08:43:34.908991
143989132092356,2026-08-21 16:00:00,2026-08-21 18:00:00,DK1,1302.3591,174.21,2026-08-30 08:43:34.908991
846792385180002,2026-08-21 15:45:00,2026-08-21 17:45:00,DK1,1450.978,194.09,2026-08-30 08:43:34.908991
172592425039784,2026-08-21 15:15:00,2026-08-21 17:15:00,DK1,1229.6195,164.48,2026-08-30 08:43:34.908991
253368683785846,2026-08-21 14:00:00,2026-08-21 16:00:00,DK1,1051.0227,140.59,2026-08-30 08:43:34.908991
748860005527293,2026-08-21 13:45:00,2026-08-21 15:45:00,DK1,1183.3444,158.29,2026-08-30 08:43:34.908991
861980144985476,2026-08-21 13:00:00,2026-08-21 15:00:00,DK1,1073.3007,143.57,2026-08-30 08:43:34.908991
122862731815039,2026-08-21 12:15:00,2026-08-21 14:15:00,DK1,1054.3868,141.04,2026-08-30 08:43:34.908991
575258010877652,2026-08-21 11:30:00,2026-08-21 13:30:00,DK1,1049.4529,140.38,2026-08-30 08:43:34.908991
785817882224341,2026-08-21 10:45:00,2026-08-21 12:45:00,DK1,1018.0544,136.18,2026-08-30 08:43:34.908991
151227490088331,2026-08-21 10:30:00,2026-08-21 12:30:00,DK1,1002.2806,134.07,2026-08-30 08:43:34.908991
49030347856043,2026-08-21 10:15:00,2026-08-21 12:15:00,DK1,1000.7106,133.86,2026-08-30 08:43:34.908991
417108102537930,2026-08-21 08:45:00,2026-08-21 10:45:00,DK1,992.1882,132.72,2026-08-30 08:43:34.908991
266985743169950,2026-08-21 07:15:00,2026-08-21 09:15:00,DK1,1312.6757,175.59,2026-08-30 08:43:34.908991
25055730759840,2026-08-21 06:30:00,2026-08-21 08:30:00,DK1,1406.9456,188.2,2026-08-30 08:43:34.908991
509331789014345,2026-08-21 03:30:00,2026-08-21 05:30:00,DK1,1265.2792,169.25,2026-08-30 08:43:34.908991
107857893271245,2026-08-21 03:15:00,2026-08-21 05:15:00,DK1,1174.224,157.07,2026-08-30 08:43:34.908991
592514219632994,2026-08-21 03:00:00,2026-08-21 05:00:00,DK1,1136.172,151.98,2026-08-30 08:43:34.908991
916511731206571,2026-08-21 02:30:00,2026-08-21 04:30:00,DK1,1139.9099,152.48,2026-08-30 08:43:34.908991
77451165944295,2026-08-21 01:45:00,2026-08-21 03:45:00,DK1,1125.9303,150.61,2026-08-30 08:43:34.908991
88326744633462,2026-08-20 23:30:00,2026-08-21 01:30:00,DK1,1194.1843,159.74,2026-08-30 08:43:34.908991
501663560010864,2026-08-20 23:15:00,2026-08-21 01:15:00,DK1,1213.1729,162.28,2026-08-30 08:43:34.908991
511901448113923,2026-08-20 23:00:00,2026-08-21 01:00:00,DK1,1237.6187,165.55,2026-08-30 08:43:34.908991
411974265286580,2026-08-20 22:30:00,2026-08-21 00:30:00,DK1,1244.3469,166.45,2026-08-30 08:43:34.908991
760844118610593,2026-08-20 22:00:00,2026-08-21 00:00:00,DK1,1368.4452,183.05,2026-08-30 08:43:34.908991
779606072313424,2026-08-20 19:00:00,2026-08-20 21:00:00,DK1,1499.9445,200.64,2026-08-30 08:43:34.908991
559743141706119,2026-08-20 18:00:00,2026-08-20 20:00:00,DK1,1491.2726,199.48,2026-08-30 08:43:34.908991
584530721340690,2026-08-20 17:45:00,2026-08-20 19:45:00,DK1,1517.7369,203.02,2026-08-30 08:43:34.908991
648064417831886,2026-08-20 16:30:00,2026-08-20 18:30:00,DK1,1327.104,177.52,2026-08-30 08:43:34.908991
172156885043118,2026-08-20 16:00:00,2026-08-20 18:00:00,DK1,1058.6481,141.61,2026-08-30 08:43:34.908991
13011902390729,2026-08-20 15:45:00,2026-08-20 17:45:00,DK1,1208.0894,161.6,2026-08-30 08:43:34.908991
821490165618260,2026-08-20 15:15:00,2026-08-20 17:15:00,DK1,1012.82135,135.48,2026-08-30 08:43:34.908991
771484261731099,2026-08-20 14:00:00,2026-08-20 16:00:00,DK1,758.41986,101.45,2026-08-30 08:43:34.908991
263433802529389,2026-08-20 12:30:00,2026-08-20 14:30:00,DK1,703.9214,94.16,2026-08-30 08:43:34.908991
850886459486048,2026-08-20 10:00:00,2026-08-20 12:00:00,DK1,753.03735,100.73,2026-08-30 08:43:34.908991
619625830346147,2026-08-20 09:45:00,2026-08-20 11:45:00,DK1,744.7392,99.62,2026-08-30 08:43:34.908991
369732498667796,2026-08-20 07:45:00,2026-08-20 09:45:00,DK1,1015.13885,135.79,2026-08-30 08:43:34.908991
298873133805476,2026-08-20 07:30:00,2026-08-20 09:30:00,DK1,1099.8396,147.12,2026-08-30 08:43:34.908991
87965614130419,2026-08-20 07:00:00,2026-08-20 09:00:00,DK1,1270.886,170.0,2026-08-30 08:43:34.908991
253362478495557,2026-08-20 06:45:00,2026-08-20 08:45:00,DK1,1161.7393,155.4,2026-08-30 08:43:34.908991
506192995377684,2026-08-20 06:15:00,2026-08-20 08:15:00,DK1,1327.9264,177.63,2026-08-30 08:43:34.908991
269671757203731,2026-08-20 05:30:00,2026-08-20 07:30:00,DK1,1388.1064,185.68,2026-08-30 08:43:34.908991
670836273778323,2026-08-20 03:30:00,2026-08-20 05:30:00,DK1,1212.0515,162.13,2026-08-30 08:43:34.908991
890554046917217,2026-08-20 01:00:00,2026-08-20 03:00:00,DK1,1114.9408,149.14,2026-08-30 08:43:34.908991
269055050318764,2026-08-20 00:00:00,2026-08-20 02:00:00,DK1,1187.9794,158.91,2026-08-30 08:43:34.908991
115500819799508,2026-08-19 17:00:00,2026-08-19 19:00:00,DK1,1403.8992,187.79,2026-08-30 08:43:34.908991
589693901991956,2026-08-19 15:15:00,2026-08-19 17:15:00,DK1,1093.4999,146.27,2026-08-30 08:43:34.908991
514892794953121,2026-08-19 14:30:00,2026-08-19 16:30:00,DK1,1053.728,140.95,2026-08-30 08:43:34.908991
726381774934242,2026-08-19 13:15:00,2026-08-19 15:15:00,DK1,967.08246,129.36,2026-08-30 08:43:34.908991
258942160958730,2026-08-19 12:15:00,2026-08-19 14:15:00,DK1,967.3067,129.39,2026-08-30 08:43:34.908991
737391893105671,2026-08-19 11:45:00,2026-08-19 13:45:00,DK1,927.08636,124.01,2026-08-30 08:43:34.908991
760475532027914,2026-08-19 10:15:00,2026-08-19 12:15:00,DK1,1012.38635,135.42,2026-08-30 08:43:34.908991
28448215916818,2026-08-19 09:30:00,2026-08-19 11:30:00,DK1,1062.5497,142.13,2026-08-30 08:43:34.908991
956491202655971,2026-08-19 09:00:00,2026-08-19 11:00:00,DK1,1089.164,145.69,2026-08-30 08:43:34.908991
355410771926595,2026-08-19 08:00:00,2026-08-19 10:00:00,DK1,1218.5717,163.0,2026-08-30 08:43:34.908991
627165442263760,2026-08-19 07:00:00,2026-08-19 09:00:00,DK1,1495.18,200.0,2026-08-30 08:43:34.908991
44659179934180,2026-08-19 05:00:00,2026-08-19 07:00:00,DK1,1472.7523,197.0,2026-08-30 08:43:34.908991
607677729323807,2026-08-19 04:45:00,2026-08-19 06:45:00,DK1,1437.0923,192.23,2026-08-30 08:43:34.908991
769820491864573,2026-08-19 04:30:00,2026-08-19 06:30:00,DK1,1412.347,188.92,2026-08-30 08:43:34.908991
109516467873804,2026-08-19 04:15:00,2026-08-19 06:15:00,DK1,1380.9482,184.72,2026-08-30 08:43:34.908991
748435995028744,2026-08-19 02:15:00,2026-08-19 04:15:00,DK1,1112.5635,148.82,2026-08-30 08:43:34.908991
133196822175634,2026-08-19 01:45:00,2026-08-19 03:45:00,DK1,1100.901,147.26,2026-08-30 08:43:34.908991
801372561174126,2026-08-19 01:30:00,2026-08-19 03:30:00,DK1,1095.0698,146.48,2026-08-30 08:43:34.908991
677369817753603,2026-08-19 01:00:00,2026-08-19 03:00:00,DK1,1102.8448,147.52,2026-08-30 08:43:34.908991
422129038677633,2026-08-19 00:45:00,2026-08-19 02:45:00,DK1,1095.1447,146.49,2026-08-30 08:43:34.908991
753624992386824,2026-08-18 21:45:00,2026-08-18 23:45:00,DK1,1232.7759,164.9,2026-08-30 08:43:34.908991
544135648583279,2026-08-18 20:30:00,2026-08-18 22:30:00,DK1,1407.3381,188.25,2026-08-30 08:43:34.908991
867734349292994,2026-08-18 18:45:00,2026-08-18 20:45:00,DK1,1486.6575,198.86,2026-08-30 08:43:34.908991
387406801193843,2026-08-18 18:30:00,2026-08-18 20:30:00,DK1,1514.8417,202.63,2026-08-30 08:43:34.908991
754921806672553,2026-08-18 18:15:00,2026-08-18 20:15:00,DK1,1514.9911,202.65,2026-08-30 08:43:34.908991
667237669281821,2026-08-18 16:30:00,2026-08-18 18:30:00,DK1,1395.302,186.64,2026-08-30 08:43:34.908991
859914277905598,2026-08-18 14:45:00,2026-08-18 16:45:00,DK1,1116.1519,149.3,2026-08-30 08:43:34.908991
855759387287956,2026-08-18 14:15:00,2026-08-18 16:15:00,DK1,1003.7143,134.26,2026-08-30 08:43:34.908991
266659752301714,2026-08-18 14:00:00,2026-08-18 16:00:00,DK1,985.92175,131.88,2026-08-30 08:43:34.908991
937335456948655,2026-08-18 13:45:00,2026-08-18 15:45:00,DK1,1011.265,135.27,2026-08-30 08:43:34.908991
706713397060129,2026-08-18 12:00:00,2026-08-18 14:00:00,DK1,968.8019,129.59,2026-08-30 08:43:34.908991
692646217665508,2026-08-18 11:00:00,2026-08-18 13:00:00,DK1,998.70544,133.59,2026-08-30 08:43:34.908991
241106449119303,2026-08-18 10:45:00,2026-08-18 12:45:00,DK1,1011.1902,135.26,2026-08-30 08:43:34.908991
466494253051772,2026-08-18 10:30:00,2026-08-18 12:30:00,DK1,1019.78754,136.41,2026-08-30 08:43:34.908991
909340449489287,2026-08-18 10:00:00,2026-08-18 12:00:00,DK1,1024.7217,137.07,2026-08-30 08:43:34.908991
123185986999061,2026-08-18 05:15:00,2026-08-18 07:15:00,DK1,1438.8865,192.47,2026-08-30 08:43:34.908991
925344310236765,2026-08-18 03:45:00,2026-08-18 05:45:00,DK1,1297.592,173.57,2026-08-30 08:43:34.908991
239492979393474,2026-08-18 02:15:00,2026-08-18 04:15:00,DK1,1099.3312,147.05,2026-08-30 08:43:34.908991
214306765566122,2026-08-18 02:00:00,2026-08-18 04:00:00,DK1,1109.4235,148.4,2026-08-30 08:43:34.908991
896981252027496,2026-08-17 23:30:00,2026-08-18 01:30:00,DK1,1196.144,160.0,2026-08-30 08:43:34.908991
551885492347940,2026-08-17 23:15:00,2026-08-18 01:15:00,DK1,1210.5724,161.93,2026-08-30 08:43:34.908991
355472751206604,2026-08-17 20:30:00,2026-08-17 22:30:00,DK1,1489.4784,199.24,2026-08-30 08:43:34.908991
60874415286194,2026-08-17 20:15:00,2026-08-17 22:15:00,DK1,1489.1046,199.19,2026-08-30 08:43:34.908991
87292603041517,2026-08-17 20:00:00,2026-08-17 22:00:00,DK1,1535.5293,205.4,2026-08-30 08:43:34.908991
437940164724848,2026-08-17 19:30:00,2026-08-17 21:30:00,DK1,1569.918,210.0,2026-08-30 08:43:34.908991
295803905229175,2026-08-17 19:00:00,2026-08-17 21:00:00,DK1,1637.574,219.05,2026-08-30 08:43:34.908991
824539468705202,2026-08-17 18:45:00,2026-08-17 20:45:00,DK1,1624.7156,217.33,2026-08-30 08:43:34.908991
924152406019538,2026-08-17 18:30:00,2026-08-17 20:30:00,DK1,1615.4456,216.09,2026-08-30 08:43:34.908991
499376789691565,2026-08-17 17:45:00,2026-08-17 19:45:00,DK1,1638.6206,219.19,2026-08-30 08:43:34.908991
834979416972804,2026-08-17 15:00:00,2026-08-17 17:00:00,DK1,1021.6429,136.66,2026-08-30 08:43:34.908991
140760924391330,2026-08-17 13:30:00,2026-08-17 15:30:00,DK1,1019.92334,136.43,2026-08-30 08:43:34.908991
160680487875409,2026-08-17 12:45:00,2026-08-17 14:45:00,DK1,1073.0763,143.54,2026-08-30 08:43:34.908991
585522691381343,2026-08-17 11:15:00,2026-08-17 13:15:00,DK1,1182.3726,158.16,2026-08-30 08:43:34.908991
931193450539091,2026-08-17 07:15:00,2026-08-17 09:15:00,DK1,1526.8574,204.24,2026-08-30 08:43:34.908991
761623710014725,2026-08-17 06:30:00,2026-08-17 08:30:00,DK1,1593.392,213.14,2026-08-30 08:43:34.908991
419791604794164,2026-08-17 05:30:00,2026-08-17 07:30:00,DK1,1532.539,205.0,2026-08-30 08:43:34.908991
507801246535043,2026-08-17 03:45:00,2026-08-17 05:45:00,DK1,1421.4486,190.14,2026-08-30 08:43:34.908991
401527669564805,2026-08-17 03:00:00,2026-08-17 05:00:00,DK1,1217.8077,162.9,2026-08-30 08:43:34.908991
731699789496960,2026-08-17 02:45:00,2026-08-17 04:45:00,DK1,1226.0312,164.0,2026-08-30 08:43:34.908991
630344469898784,2026-08-17 01:30:00,2026-08-17 03:30:00,DK1,1183.0454,158.25,2026-08-30 08:43:34.908991
149177428544708,2026-08-17 00:00:00,2026-08-17 02:00:00,DK1,1288.7532,172.39,2026-08-30 08:43:34.908991
178367038078533,2026-08-16 23:30:00,2026-08-17 01:30:00,DK1,1334.7292,178.54,2026-08-30 08:43:34.908991
197190860341201,2026-08-16 22:15:00,2026-08-17 00:15:00,DK1,1465.2568,196.0,2026-08-30 08:43:34.908991
922977764587463,2026-08-16 20:45:00,2026-08-16 22:45:00,DK1,1475.3295,197.35,2026-08-30 08:43:34.908991
428584823643907,2026-08-16 19:00:00,2026-08-16 21:00:00,DK1,1587.8386,212.4,2026-08-30 08:43:34.908991
504999773236035,2026-08-16 18:30:00,2026-08-16 20:30:00,DK1,1516.072,202.8,2026-08-30 08:43:34.908991
234464396155637,2026-08-16 17:30:00,2026-08-16 19:30:00,DK1,1451.5566,194.17,2026-08-30 08:43:34.908991
897026486429586,2026-08-16 16:30:00,2026-08-16 18:30:00,DK1,1308.7709,175.07,2026-08-30 08:43:34.908991
41155904274562,2026-08-16 15:00:00,2026-08-16 17:00:00,DK1,883.0297,118.12,2026-08-30 08:43:34.908991
886746858743215,2026-08-16 14:45:00,2026-08-16 16:45:00,DK1,1093.4707,146.27,2026-08-30 08:43:34.908991
650599418141539,2026-08-16 14:15:00,2026-08-16 16:15:00,DK1,825.3173,110.4,2026-08-30 08:43:34.908991
289648725096909,2026-08-16 13:00:00,2026-08-16 15:00:00,DK1,361.0763,48.3,2026-08-30 08:43:34.908991
671445439654376,2026-08-16 12:30:00,2026-08-16 14:30:00,DK1,298.28046,39.9,2026-08-30 08:43:34.908991
457779466678556,2026-08-16 11:45:00,2026-08-16 13:45:00,DK1,226.06517,30.24,2026-08-30 08:43:34.908991
912683800094998,2026-08-16 11:30:00,2026-08-16 13:30:00,DK1,187.042,25.02,2026-08-30 08:43:34.908991
161398396006192,2026-08-16 11:15:00,2026-08-16 13:15:00,DK1,172.31488,23.05,2026-08-30 08:43:34.908991
504007986134241,2026-08-16 10:30:00,2026-08-16 12:30:00,DK1,298.95325,39.99,2026-08-30 08:43:34.908991
481568929350403,2026-08-16 09:45:00,2026-08-16 11:45:00,DK1,388.0636,51.91,2026-08-30 08:43:34.908991
803630374853040,2026-08-16 09:30:00,2026-08-16 11:30:00,DK1,443.45853,59.32,2026-08-30 08:43:34.908991
526814878164092,2026-08-16 08:30:00,2026-08-16 10:30:00,DK1,626.987,83.87,2026-08-30 08:43:34.908991
969766325163093,2026-08-16 07:15:00,2026-08-16 09:15:00,DK1,942.23724,126.04,2026-08-30 08:43:34.908991
388931592846096,2026-08-16 07:00:00,2026-08-16 09:00:00,DK1,1106.4036,148.0,2026-08-30 08:43:34.908991
512740898400538,2026-08-16 05:00:00,2026-08-16 07:00:00,DK1,1196.112,160.0,2026-08-30 08:43:34.908991
927822914812467,2026-08-16 04:45:00,2026-08-16 06:45:00,DK1,1133.4656,151.62,2026-08-30 08:43:34.908991
643158099364525,2026-08-16 04:30:00,2026-08-16 06:30:00,DK1,1148.118,153.58,2026-08-30 08:43:34.908991
660259324485572,2026-08-16 04:00:00,2026-08-16 06:00:00,DK1,1205.0828,161.2,2026-08-30 08:43:34.908991
352191278092312,2026-08-16 01:00:00,2026-08-16 03:00:00,DK1,1198.6537,160.34,2026-08-30 08:43:34.908991
655018755322049,2026-08-15 23:30:00,2026-08-16 01:30:00,DK1,1233.042,164.94,2026-08-30 08:43:34.908991
699222344069919,2026-08-15 22:30:00,2026-08-16 00:30:00,DK1,1261.8982,168.8,2026-08-30 08:43:34.908991
343212615028723,2026-08-15 20:45:00,2026-08-15 22:45:00,DK1,1278.6437,171.04,2026-08-30 08:43:34.908991
401960798855717,2026-08-15 20:15:00,2026-08-15 22:15:00,DK1,1344.6542,179.87,2026-08-30 08:43:34.908991
882368614310731,2026-08-15 20:00:00,2026-08-15 22:00:00,DK1,1416.2714,189.45,2026-08-30 08:43:34.908991
516395418364626,2026-08-15 15:45:00,2026-08-15 17:45:00,DK1,1214.1284,162.41,2026-08-30 08:43:34.908991
268773308731735,2026-08-15 12:30:00,2026-08-15 14:30:00,DK1,38.275585,5.12,2026-08-30 08:43:34.908991
57039141124148,2026-08-15 12:15:00,2026-08-15 14:15:00,DK1,32.14551,4.3,2026-08-30 08:43:34.908991
49439383804839,2026-08-15 11:30:00,2026-08-15 13:30:00,DK1,21.006718,2.81,2026-08-30 08:43:34.908991
414015477089023,2026-08-15 11:00:00,2026-08-15 13:00:00,DK1,24.370783,3.26,2026-08-30 08:43:34.908991
859089115135451,2026-08-15 10:15:00,2026-08-15 12:15:00,DK1,52.3299,7.0,2026-08-30 08:43:34.908991
863854005779061,2026-08-15 10:00:00,2026-08-15 12:00:00,DK1,66.38422,8.88,2026-08-30 08:43:34.908991
332904197081291,2026-08-15 09:00:00,2026-08-15 11:00:00,DK1,349.78802,46.79,2026-08-30 08:43:34.908991
572632371395721,2026-08-15 06:45:00,2026-08-15 08:45:00,DK1,997.4079,133.42,2026-08-30 08:43:34.908991
308418198497964,2026-08-15 06:00:00,2026-08-15 08:00:00,DK1,1225.2672,163.9,2026-08-30 08:43:34.908991
880818941937000,2026-08-15 05:45:00,2026-08-15 07:45:00,DK1,1045.3271,139.83,2026-08-30 08:43:34.908991
407035117641557,2026-08-15 05:00:00,2026-08-15 07:00:00,DK1,1277.6719,170.91,2026-08-30 08:43:34.908991
882498477914913,2026-08-15 03:30:00,2026-08-15 05:30:00,DK1,1159.6305,155.12,2026-08-30 08:43:34.908991
923091304101873,2026-08-15 03:00:00,2026-08-15 05:00:00,DK1,1117.5425,149.49,2026-08-30 08:43:34.908991
597702166758081,2026-08-15 01:30:00,2026-08-15 03:30:00,DK1,1171.9656,156.77,2026-08-30 08:43:34.908991
364694297792780,2026-08-15 01:15:00,2026-08-15 03:15:00,DK1,1178.3947,157.63,2026-08-30 08:43:34.908991
352296881097820,2026-08-15 00:15:00,2026-08-15 02:15:00,DK1,1178.4694,157.64,2026-08-30 08:43:34.908991
10118078249911,2026-08-14 23:45:00,2026-08-15 01:45:00,DK1,1171.9656,156.77,2026-08-30 08:43:34.908991
504318143533827,2026-08-14 23:15:00,2026-08-15 01:15:00,DK1,1205.98,161.32,2026-08-30 08:43:34.908991
837280540912630,2026-08-14 22:45:00,2026-08-15 00:45:00,DK1,1207.1013,161.47,2026-08-30 08:43:34.908991
130236229611486,2026-08-14 22:30:00,2026-08-15 00:30:00,DK1,1260.2535,168.58,2026-08-30 08:43:34.908991
271614865907513,2026-08-14 22:00:00,2026-08-15 00:00:00,DK1,1328.6561,177.73,2026-08-30 08:43:34.908991
459796739954314,2026-08-14 21:15:00,2026-08-14 23:15:00,DK1,1360.7269,182.02,2026-08-30 08:43:34.908991
919659481693255,2026-08-14 20:45:00,2026-08-14 22:45:00,DK1,1400.7968,187.38,2026-08-30 08:43:34.908991
357633044928509,2026-08-14 20:15:00,2026-08-14 22:15:00,DK1,1482.3564,198.29,2026-08-30 08:43:34.908991
356702130224415,2026-08-14 19:45:00,2026-08-14 21:45:00,DK1,1569.5232,209.95,2026-08-30 08:43:34.908991
376196777442845,2026-08-14 18:45:00,2026-08-14 20:45:00,DK1,1868.8502,249.99,2026-08-30 08:43:34.908991
619327342609714,2026-08-14 18:00:00,2026-08-14 20:00:00,DK1,2053.575,274.7,2026-08-30 08:43:34.908991
374633659719508,2026-08-14 17:30:00,2026-08-14 19:30:00,DK1,1941.5889,259.72,2026-08-30 08:43:34.908991
437345180929462,2026-08-14 17:00:00,2026-08-14 19:00:00,DK1,1488.4119,199.1,2026-08-30 08:43:34.908991
354982699422773,2026-08-14 16:30:00,2026-08-14 18:30:00,DK1,1391.3772,186.12,2026-08-30 08:43:34.908991
649096973014846,2026-08-14 16:15:00,2026-08-14 18:15:00,DK1,1292.9971,172.96,2026-08-30 08:43:34.908991
481624164809310,2026-08-14 14:00:00,2026-08-14 16:00:00,DK1,650.3859,87.0,2026-08-30 08:43:34.908991
109957406339434,2026-08-14 13:00:00,2026-08-14 15:00:00,DK1,181.43524,24.27,2026-08-30 08:43:34.908991
289379935221798,2026-08-14 12:45:00,2026-08-14 14:45:00,DK1,325.56674,43.55,2026-08-30 08:43:34.908991
373419733958155,2026-08-14 12:30:00,2026-08-14 14:30:00,DK1,128.58205,17.2,2026-08-30 08:43:34.908991
719507597843603,2026-08-14 12:15:00,2026-08-14 14:15:00,DK1,88.96083,11.9,2026-08-30 08:43:34.908991
329393568131163,2026-08-14 12:00:00,2026-08-14 14:00:00,DK1,51.88136,6.94,2026-08-30 08:43:34.908991
251442548693425,2026-08-14 11:15:00,2026-08-14 13:15:00,DK1,112.73356,15.08,2026-08-30 08:43:34.908991
804303608864379,2026-08-14 11:00:00,2026-08-14 13:00:00,DK1,121.405365,16.24,2026-08-30 08:43:34.908991
100822896703038,2026-08-14 08:00:00,2026-08-14 10:00:00,DK1,933.19165,124.83,2026-08-30 08:43:34.908991
234604897520369,2026-08-14 07:30:00,2026-08-14 09:30:00,DK1,951.5071,127.28,2026-08-30 08:43:34.908991
634879453995027,2026-08-14 05:30:00,2026-08-14 07:30:00,DK1,1256.2914,168.05,2026-08-30 08:43:34.908991
520576889076465,2026-08-14 04:30:00,2026-08-14 06:30:00,DK1,1294.3427,173.14,2026-08-30 08:43:34.908991
987391858983385,2026-08-14 04:15:00,2026-08-14 06:15:00,DK1,1289.4087,172.48,2026-08-30 08:43:34.908991
991936464894171,2026-08-14 03:30:00,2026-08-14 05:30:00,DK1,1178.8431,157.69,2026-08-30 08:43:34.908991
956117519516876,2026-08-14 03:15:00,2026-08-14 05:15:00,DK1,1138.0258,152.23,2026-08-30 08:43:34.908991
682579979460463,2026-08-14 02:15:00,2026-08-14 04:15:00,DK1,1065.661,142.55,2026-08-30 08:43:34.908991
271717756565668,2026-08-14 00:30:00,2026-08-14 02:30:00,DK1,1093.7697,146.31,2026-08-30 08:43:34.908991
428447974496628,2026-08-14 00:00:00,2026-08-14 02:00:00,DK1,1101.9181,147.4,2026-08-30 08:43:34.908991
437198733985311,2026-08-13 18:15:00,2026-08-13 20:15:00,DK1,2780.512,371.94,2026-08-30 08:43:34.908991
654746251998261,2026-08-13 17:15:00,2026-08-13 19:15:00,DK1,1963.7916,262.69,2026-08-30 08:43:34.908991
604580155885201,2026-08-13 17:00:00,2026-08-13 19:00:00,DK1,1713.1315,229.16,2026-08-30 08:43:34.908991
990910123173743,2026-08-13 16:15:00,2026-08-13 18:15:00,DK1,1405.4316,188.0,2026-08-30 08:43:34.908991
418066565278833,2026-08-13 14:45:00,2026-08-13 16:45:00,DK1,984.84875,131.74,2026-08-30 08:43:34.908991
164236325418247,2026-08-13 14:00:00,2026-08-13 16:00:00,DK1,586.0949,78.4,2026-08-30 08:43:34.908991
183522243999484,2026-08-13 13:45:00,2026-08-13 15:45:00,DK1,568.3027,76.02,2026-08-30 08:43:34.908991
184257490267181,2026-08-13 12:45:00,2026-08-13 14:45:00,DK1,247.96895,33.17,2026-08-30 08:43:34.908991
218553456773084,2026-08-13 12:15:00,2026-08-13 14:15:00,DK1,178.29544,23.85,2026-08-30 08:43:34.908991
267817311414578,2026-08-13 11:45:00,2026-08-13 13:45:00,DK1,226.96227,30.36,2026-08-30 08:43:34.908991
206971686625238,2026-08-13 11:15:00,2026-08-13 13:15:00,DK1,377.22382,50.46,2026-08-30 08:43:34.908991
600048574603811,2026-08-13 09:45:00,2026-08-13 11:45:00,DK1,91.95111,12.3,2026-08-30 08:43:34.908991
586788691387896,2026-08-13 08:30:00,2026-08-13 10:30:00,DK1,756.4661,101.19,2026-08-30 08:43:34.908991
91286761798033,2026-08-13 08:15:00,2026-08-13 10:15:00,DK1,916.37134,122.58,2026-08-30 08:43:34.908991
991071580327734,2026-08-13 04:30:00,2026-08-13 06:30:00,DK1,1324.9932,177.24,2026-08-30 08:43:34.908991
582355284283918,2026-08-13 02:45:00,2026-08-13 04:45:00,DK1,1114.4774,149.08,2026-08-30 08:43:34.908991
590838903282955,2026-08-13 01:45:00,2026-08-13 03:45:00,DK1,1079.7902,144.44,2026-08-30 08:43:34.908991
537979603551165,2026-08-12 23:30:00,2026-08-13 01:30:00,DK1,1101.0958,147.29,2026-08-30 08:43:34.908991
752112837059603,2026-08-12 23:00:00,2026-08-13 01:00:00,DK1,1143.7821,153.0,2026-08-30 08:43:34.908991
771935463606129,2026-08-12 20:15:00,2026-08-12 22:15:00,DK1,1445.8197,193.4,2026-08-30 08:43:34.908991
660414119840571,2026-08-12 19:30:00,2026-08-12 21:30:00,DK1,1670.0189,223.39,2026-08-30 08:43:34.908991
521248963466873,2026-08-12 19:15:00,2026-08-12 21:15:00,DK1,1817.5165,243.12,2026-08-30 08:43:34.908991
263833814389853,2026-08-12 18:45:00,2026-08-12 20:45:00,DK1,1735.6565,232.17,2026-08-30 08:43:34.908991
753262637381276,2026-08-12 17:45:00,2026-08-12 19:45:00,DK1,3447.6147,461.17,2026-08-30 08:43:34.908991
100551289243960,2026-08-12 15:45:00,2026-08-12 17:45:00,DK1,1297.2008,173.52,2026-08-30 08:43:34.908991
125437350051056,2026-08-12 14:15:00,2026-08-12 16:15:00,DK1,683.58716,91.44,2026-08-30 08:43:34.908991
88487960939644,2026-08-12 13:45:00,2026-08-12 15:45:00,DK1,539.07996,72.11,2026-08-30 08:43:34.908991
967407040592855,2026-08-12 12:45:00,2026-08-12 14:45:00,DK1,132.17215,17.68,2026-08-30 08:43:34.908991
730549730184259,2026-08-12 11:45:00,2026-08-12 13:45:00,DK1,93.74653,12.54,2026-08-30 08:43:34.908991
818850781942435,2026-08-12 11:30:00,2026-08-12 13:30:00,DK1,90.980484,12.17,2026-08-30 08:43:34.908991
496036433004427,2026-08-12 11:15:00,2026-08-12 13:15:00,DK1,109.296196,14.62,2026-08-30 08:43:34.908991
426268341084653,2026-08-12 10:30:00,2026-08-12 12:30:00,DK1,81.56098,10.91,2026-08-30 08:43:34.908991
909886317037542,2026-08-12 08:45:00,2026-08-12 10:45:00,DK1,387.76974,51.87,2026-08-30 08:43:34.908991
937569643612546,2026-08-12 06:30:00,2026-08-12 08:30:00,DK1,1093.4105,146.26,2026-08-30 08:43:34.908991
629551800632098,2026-08-12 04:15:00,2026-08-12 06:15:00,DK1,1306.7699,174.8,2026-08-30 08:43:34.908991
849141859815112,2026-08-12 03:15:00,2026-08-12 05:15:00,DK1,1113.9689,149.01,2026-08-30 08:43:34.908991
492872067524936,2026-08-12 02:45:00,2026-08-12 04:45:00,DK1,1078.6831,144.29,2026-08-30 08:43:34.908991
967226891133273,2026-08-12 02:00:00,2026-08-12 04:00:00,DK1,1024.5585,137.05,2026-08-30 08:43:34.908991
460357963732256,2026-08-12 01:15:00,2026-08-12 03:15:00,DK1,1040.5566,139.19,2026-08-30 08:43:34.908991
546053543288779,2026-08-12 00:45:00,2026-08-12 02:45:00,DK1,1067.9928,142.86,2026-08-30 08:43:34.908991
26248349059450,2026-08-12 00:30:00,2026-08-12 02:30:00,DK1,1067.9928,142.86,2026-08-30 08:43:34.908991
494280195442473,2026-08-11 23:15:00,2026-08-12 01:15:00,DK1,1120.6223,149.9,2026-08-30 08:43:34.908991
200058453379693,2026-08-11 22:45:00,2026-08-12 00:45:00,DK1,1083.991,145.0,2026-08-30 08:43:34.908991
40553788375014,2026-08-11 21:30:00,2026-08-11 23:30:00,DK1,1132.8676,151.54,2026-08-30 08:43:34.908991
107070802955771,2026-08-11 19:45:00,2026-08-11 21:45:00,DK1,1298.529,173.7,2026-08-30 08:43:34.908991
514487592859710,2026-08-11 19:15:00,2026-08-11 21:15:00,DK1,1448.8654,193.81,2026-08-30 08:43:34.908991
236020828855298,2026-08-11 17:15:00,2026-08-11 19:15:00,DK1,1225.7905,163.97,2026-08-30 08:43:34.908991
573285298430951,2026-08-11 16:30:00,2026-08-11 18:30:00,DK1,1151.2578,154.0,2026-08-30 08:43:34.908991
842721893877601,2026-08-11 14:45:00,2026-08-11 16:45:00,DK1,642.83545,85.99,2026-08-30 08:43:34.908991
693284980707986,2026-08-11 13:45:00,2026-08-11 15:45:00,DK1,74.83176,10.01,2026-08-30 08:43:34.908991
157520718324414,2026-08-11 13:30:00,2026-08-11 15:30:00,DK1,24.894081,3.33,2026-08-30 08:43:34.908991
346018614077946,2026-08-11 11:15:00,2026-08-11 13:15:00,DK1,12.110634,1.62,2026-08-30 08:43:34.908991
575881300303177,2026-08-11 10:45:00,2026-08-11 12:45:00,DK1,13.381503,1.79,2026-08-30 08:43:34.908991
169943261083693,2026-08-11 10:30:00,2026-08-11 12:30:00,DK1,11.512578,1.54,2026-08-30 08:43:34.908991
196817738987522,2026-08-11 07:45:00,2026-08-11 09:45:00,DK1,598.35504,80.04,2026-08-30 08:43:34.908991
850341482046706,2026-08-11 07:15:00,2026-08-11 09:15:00,DK1,868.3773,116.16,2026-08-30 08:43:34.908991
733404881134110,2026-08-11 05:45:00,2026-08-11 07:45:00,DK1,1014.2282,135.67,2026-08-30 08:43:34.908991
50912720360997,2026-08-11 04:00:00,2026-08-11 06:00:00,DK1,940.3683,125.79,2026-08-30 08:43:34.908991
207947797325986,2026-08-11 03:00:00,2026-08-11 05:00:00,DK1,835.48425,111.76,2026-08-30 08:43:34.908991
376945588206195,2026-08-11 02:45:00,2026-08-11 04:45:00,DK1,763.0447,102.07,2026-08-30 08:43:34.908991
203074311851051,2026-08-11 02:30:00,2026-08-11 04:30:00,DK1,747.49524,99.99,2026-08-30 08:43:34.908991
630775105151157,2026-08-11 01:45:00,2026-08-11 03:45:00,DK1,686.41876,91.82,2026-08-30 08:43:34.908991
968575659373948,2026-08-11 00:30:00,2026-08-11 02:30:00,DK1,747.57,100.0,2026-08-30 08:43:34.908991
84835312584523,2026-08-11 00:00:00,2026-08-11 02:00:00,DK1,782.8553,104.72,2026-08-30 08:43:34.908991
461548460107550,2026-08-10 23:45:00,2026-08-11 01:45:00,DK1,747.6448,100.01,2026-08-30 08:43:34.908991
40864916792863,2026-08-10 23:15:00,2026-08-11 01:15:00,DK1,801.395,107.2,2026-08-30 08:43:34.908991
921052453449841,2026-08-10 22:30:00,2026-08-11 00:30:00,DK1,846.1745,113.19,2026-08-30 08:43:34.908991
688849438433545,2026-08-10 19:30:00,2026-08-10 21:30:00,DK1,1017.83014,136.15,2026-08-30 08:43:34.908991
699326947893151,2026-08-10 17:15:00,2026-08-10 19:15:00,DK1,938.2129,125.5,2026-08-30 08:43:34.908991
416079401320428,2026-08-10 16:45:00,2026-08-10 18:45:00,DK1,826.8235,110.6,2026-08-30 08:43:34.908991
436874879320881,2026-08-10 16:30:00,2026-08-10 18:30:00,DK1,774.49286,103.6,2026-08-30 08:43:34.908991
608600109530899,2026-08-10 16:00:00,2026-08-10 18:00:00,DK1,387.09692,51.78,2026-08-30 08:43:34.908991
480683976723985,2026-08-10 15:45:00,2026-08-10 17:45:00,DK1,528.61383,70.71,2026-08-30 08:43:34.908991
630656855407793,2026-08-10 14:30:00,2026-08-10 16:30:00,DK1,396.66595,53.06,2026-08-30 08:43:34.908991
457767506498893,2026-08-10 14:15:00,2026-08-10 16:15:00,DK1,197.66016,26.44,2026-08-30 08:43:34.908991
326130136363377,2026-08-10 12:00:00,2026-08-10 14:00:00,DK1,57.862694,7.74,2026-08-30 08:43:34.908991
739740750544707,2026-08-10 11:45:00,2026-08-10 13:45:00,DK1,44.78004,5.99,2026-08-30 08:43:34.908991
153121697837217,2026-08-10 10:45:00,2026-08-10 12:45:00,DK1,150.93642,20.19,2026-08-30 08:43:34.908991
265526985942757,2026-08-10 10:30:00,2026-08-10 12:30:00,DK1,246.25284,32.94,2026-08-30 08:43:34.908991
569613801733015,2026-08-10 09:45:00,2026-08-10 11:45:00,DK1,445.9315,59.65,2026-08-30 08:43:34.908991
211193850929078,2026-08-10 09:15:00,2026-08-10 11:15:00,DK1,652.7121,87.31,2026-08-30 08:43:34.908991
998764132634800,2026-08-10 08:30:00,2026-08-10 10:30:00,DK1,788.1736,105.43,2026-08-30 08:43:34.908991
320108999929261,2026-08-10 08:15:00,2026-08-10 10:15:00,DK1,859.717,115.0,2026-08-30 08:43:34.908991
274123000349838,2026-08-10 08:00:00,2026-08-10 10:00:00,DK1,999.7387,133.73,2026-08-30 08:43:34.908991
206413552262702,2026-08-10 07:00:00,2026-08-10 09:00:00,DK1,1222.7418,163.56,2026-08-30 08:43:34.908991
563462258685257,2026-08-10 06:15:00,2026-08-10 08:15:00,DK1,1233.507,165.0,2026-08-30 08:43:34.908991
36710558888746,2026-08-10 05:45:00,2026-08-10 07:45:00,DK1,1165.851,155.95,2026-08-30 08:43:34.908991
844863044460416,2026-08-10 04:15:00,2026-08-10 06:15:00,DK1,1233.507,165.0,2026-08-30 08:43:34.908991
227023209934567,2026-08-10 03:15:00,2026-08-10 05:15:00,DK1,1041.977,139.38,2026-08-30 08:43:34.908991
119546568871116,2026-08-10 02:45:00,2026-08-10 04:45:00,DK1,974.4706,130.35,2026-08-30 08:43:34.908991
450333987159094,2026-08-10 00:30:00,2026-08-10 02:30:00,DK1,970.73267,129.85,2026-08-30 08:43:34.908991
344335132458876,2026-08-09 22:45:00,2026-08-10 00:45:00,DK1,1015.51263,135.84,2026-08-30 08:43:34.908991
464499926540983,2026-08-09 22:30:00,2026-08-10 00:30:00,DK1,1076.6648,144.02,2026-08-30 08:43:34.908991
420125584561397,2026-08-09 21:45:00,2026-08-09 23:45:00,DK1,1109.6781,148.44,2026-08-30 08:43:34.908991
419319969030348,2026-08-09 20:15:00,2026-08-09 22:15:00,DK1,1279.0752,171.1,2026-08-30 08:43:34.908991
865043900773745,2026-08-09 16:45:00,2026-08-09 18:45:00,DK1,1272.5714,170.23,2026-08-30 08:43:34.908991
770116025921581,2026-08-09 16:30:00,2026-08-09 18:30:00,DK1,1199.0862,160.4,2026-08-30 08:43:34.908991
793301319562085,2026-08-09 15:15:00,2026-08-09 17:15:00,DK1,537.04706,71.84,2026-08-30 08:43:34.908991
505045640611505,2026-08-09 15:00:00,2026-08-09 17:00:00,DK1,51.95542,6.95,2026-08-30 08:43:34.908991
821868797185430,2026-08-09 14:30:00,2026-08-09 16:30:00,DK1,4.634872,0.62,2026-08-30 08:43:34.908991
873859359653948,2026-08-09 13:00:00,2026-08-09 15:00:00,DK1,-0.224268,-0.03,2026-08-30 08:43:34.908991
93878072032704,2026-08-09 10:45:00,2026-08-09 12:45:00,DK1,0.0,0.0,2026-08-30 08:43:34.908991
631051859539984,2026-08-09 07:00:00,2026-08-09 09:00:00,DK1,544.1489,72.79,2026-08-30 08:43:34.908991
492754338730623,2026-08-09 06:30:00,2026-08-09 08:30:00,DK1,625.40875,83.66,2026-08-30 08:43:34.908991
530738236331642,2026-08-09 05:15:00,2026-08-09 07:15:00,DK1,924.358,123.65,2026-08-30 08:43:34.908991
24537642271365,2026-08-09 04:45:00,2026-08-09 06:45:00,DK1,902.7535,120.76,2026-08-30 08:43:34.908991
28269065214206,2026-08-09 03:15:00,2026-08-09 05:15:00,DK1,1009.1313,134.99,2026-08-30 08:43:34.908991
392974110152249,2026-08-09 02:30:00,2026-08-09 04:30:00,DK1,1000.68384,133.86,2026-08-30 08:43:34.908991
953897292760600,2026-08-09 00:30:00,2026-08-09 02:30:00,DK1,1010.6264,135.19,2026-08-30 08:43:34.908991
990752682628279,2026-08-08 22:30:00,2026-08-09 00:30:00,DK1,1075.066,143.81,2026-08-30 08:43:34.908991
724156694965137,2026-08-08 20:30:00,2026-08-08 22:30:00,DK1,1255.1532,167.9,2026-08-30 08:43:34.908991
169188876817551,2026-08-08 19:45:00,2026-08-08 21:45:00,DK1,1238.2584,165.64,2026-08-30 08:43:34.908991
378495719695509,2026-08-08 18:30:00,2026-08-08 20:30:00,DK1,1369.4552,183.19,2026-08-30 08:43:34.908991
649569470751368,2026-08-08 18:00:00,2026-08-08 20:00:00,DK1,1369.4552,183.19,2026-08-30 08:43:34.908991
871573979748924,2026-08-08 16:45:00,2026-08-08 18:45:00,DK1,1221.4382,163.39,2026-08-30 08:43:34.908991
814319550715224,2026-08-08 16:00:00,2026-08-08 18:00:00,DK1,794.731,106.31,2026-08-30 08:43:34.908991
866236617059826,2026-08-08 15:00:00,2026-08-08 17:00:00,DK1,18.464731,2.47,2026-08-30 08:43:34.908991
838720560978813,2026-08-08 11:30:00,2026-08-08 13:30:00,DK1,0.0,0.0,2026-08-30 08:43:34.908991
177029585555250,2026-08-08 09:45:00,2026-08-08 11:45:00,DK1,11.512424,1.54,2026-08-30 08:43:34.908991
623434706136729,2026-08-08 08:45:00,2026-08-08 10:45:00,DK1,8.821208,1.18,2026-08-30 08:43:34.908991
348738722170512,2026-08-08 08:30:00,2026-08-08 10:30:00,DK1,10.017304,1.34,2026-08-30 08:43:34.908991
488446763723584,2026-08-08 08:00:00,2026-08-08 10:00:00,DK1,92.099396,12.32,2026-08-30 08:43:34.908991
685009421856363,2026-08-08 06:45:00,2026-08-08 08:45:00,DK1,620.4,82.99,2026-08-30 08:43:34.908991
959438340807047,2026-08-08 06:15:00,2026-08-08 08:15:00,DK1,931.1607,124.56,2026-08-30 08:43:34.908991
156494680683019,2026-08-08 05:00:00,2026-08-08 07:00:00,DK1,1158.718,155.0,2026-08-30 08:43:34.908991
81167604067918,2026-08-08 04:45:00,2026-08-08 06:45:00,DK1,1029.5397,137.72,2026-08-30 08:43:34.908991
651842825266033,2026-08-08 02:45:00,2026-08-08 04:45:00,DK1,1065.273,142.5,2026-08-30 08:43:34.908991
285978224288516,2026-08-08 02:30:00,2026-08-08 04:30:00,DK1,1053.1626,140.88,2026-08-30 08:43:34.908991
252810943975454,2026-08-08 00:45:00,2026-08-08 02:45:00,DK1,1060.3391,141.84,2026-08-30 08:43:34.908991
12670969988684,2026-08-08 00:00:00,2026-08-08 02:00:00,DK1,1109.0801,148.36,2026-08-30 08:43:34.908991
614101391206608,2026-08-07 21:45:00,2026-08-07 23:45:00,DK1,1200.1328,160.54,2026-08-30 08:43:34.908991
723264773884220,2026-08-07 21:30:00,2026-08-07 23:30:00,DK1,1225.176,163.89,2026-08-30 08:43:34.908991
570171821121297,2026-08-07 21:15:00,2026-08-07 23:15:00,DK1,1244.9863,166.54,2026-08-30 08:43:34.908991
179530497684043,2026-08-07 21:00:00,2026-08-07 23:00:00,DK1,1285.2051,171.92,2026-08-30 08:43:34.908991
843288895341470,2026-08-07 20:45:00,2026-08-07 22:45:00,DK1,1276.0101,170.69,2026-08-30 08:43:34.908991
129946987851061,2026-08-07 20:30:00,2026-08-07 22:30:00,DK1,1308.6038,175.05,2026-08-30 08:43:34.908991
114314122363069,2026-08-07 18:30:00,2026-08-07 20:30:00,DK1,1517.0983,202.94,2026-08-30 08:43:34.908991
378456198888900,2026-08-07 17:30:00,2026-08-07 19:30:00,DK1,1298.8855,173.75,2026-08-30 08:43:34.908991
596620927484735,2026-08-07 16:30:00,2026-08-07 18:30:00,DK1,1089.3445,145.72,2026-08-30 08:43:34.908991
965555573238167,2026-08-07 15:30:00,2026-08-07 17:30:00,DK1,897.8195,120.1,2026-08-30 08:43:34.908991
397603417344398,2026-08-07 15:00:00,2026-08-07 17:00:00,DK1,762.2869,101.97,2026-08-30 08:43:34.908991
426984394320901,2026-08-07 14:30:00,2026-08-07 16:30:00,DK1,675.19617,90.32,2026-08-30 08:43:34.908991
500558018804360,2026-08-07 12:30:00,2026-08-07 14:30:00,DK1,171.26599,22.91,2026-08-30 08:43:34.908991
951131506222281,2026-08-07 10:45:00,2026-08-07 12:45:00,DK1,165.28552,22.11,2026-08-30 08:43:34.908991
14252879172792,2026-08-07 10:15:00,2026-08-07 12:15:00,DK1,231.7436,31.0,2026-08-30 08:43:34.908991
30078037589778,2026-08-07 09:45:00,2026-08-07 11:45:00,DK1,330.87006,44.26,2026-08-30 08:43:34.908991
835751458944650,2026-08-07 09:30:00,2026-08-07 11:30:00,DK1,460.9455,61.66,2026-08-30 08:43:34.908991
30565171864534,2026-08-07 07:00:00,2026-08-07 09:00:00,DK1,1124.4797,150.42,2026-08-30 08:43:34.908991
681868516951610,2026-08-07 06:45:00,2026-08-07 08:45:00,DK1,906.7155,121.29,2026-08-30 08:43:34.908991
915210322654676,2026-08-07 03:30:00,2026-08-07 05:30:00,DK1,994.47906,133.03,2026-08-30 08:43:34.908991
528212048099104,2026-08-07 01:30:00,2026-08-07 03:30:00,DK1,938.11304,125.49,2026-08-30 08:43:34.908991
533325116405495,2026-08-07 01:15:00,2026-08-07 03:15:00,DK1,935.87036,125.19,2026-08-30 08:43:34.908991
337625671580319,2026-08-07 01:00:00,2026-08-07 03:00:00,DK1,936.917,125.33,2026-08-30 08:43:34.908991
141815748478218,2026-08-07 00:30:00,2026-08-07 02:30:00,DK1,949.84973,127.06,2026-08-30 08:43:34.908991
721740344278957,2026-08-06 23:15:00,2026-08-07 01:15:00,DK1,961.13794,128.57,2026-08-30 08:43:34.908991
768544965199625,2026-08-06 22:30:00,2026-08-07 00:30:00,DK1,976.9114,130.68,2026-08-30 08:43:34.908991
76232992534320,2026-08-06 22:15:00,2026-08-07 00:15:00,DK1,975.34155,130.47,2026-08-30 08:43:34.908991
82675784486881,2026-08-06 21:15:00,2026-08-06 23:15:00,DK1,1000.6704,133.86,2026-08-30 08:43:34.908991
246380169313595,2026-08-06 20:15:00,2026-08-06 22:15:00,DK1,1051.2048,140.62,2026-08-30 08:43:34.908991
630797099385356,2026-08-06 19:15:00,2026-08-06 21:15:00,DK1,978.5429,130.9,2026-08-30 08:43:34.908991
463791223108057,2026-08-06 17:00:00,2026-08-06 19:00:00,DK1,716.0781,95.79,2026-08-30 08:43:34.908991
557710486059149,2026-08-06 16:30:00,2026-08-06 18:30:00,DK1,771.47156,103.2,2026-08-30 08:43:34.908991
741805420932579,2026-08-06 15:45:00,2026-08-06 17:45:00,DK1,545.78625,73.01,2026-08-30 08:43:34.908991
969998825295849,2026-08-06 14:30:00,2026-08-06 16:30:00,DK1,0.0,0.0,2026-08-30 08:43:34.908991
140967639920596,2026-08-06 14:15:00,2026-08-06 16:15:00,DK1,-0.074755,-0.01,2026-08-30 08:43:34.908991
551168601886700,2026-08-06 13:45:00,2026-08-06 15:45:00,DK1,0.0,0.0,2026-08-30 08:43:34.908991
768834286655578,2026-08-06 13:30:00,2026-08-06 15:30:00,DK1,0.74755,0.1,2026-08-30 08:43:34.908991
240518830773853,2026-08-06 13:00:00,2026-08-06 15:00:00,DK1,0.0,0.0,2026-08-30 08:43:34.908991
560096491793815,2026-08-06 12:30:00,2026-08-06 14:30:00,DK1,10.4657,1.4,2026-08-30 08:43:34.908991
465471536704852,2026-08-06 11:45:00,2026-08-06 13:45:00,DK1,10.16668,1.36,2026-08-30 08:43:34.908991
47919212314065,2026-08-06 11:15:00,2026-08-06 13:15:00,DK1,10.091925,1.35,2026-08-30 08:43:34.908991
615130842730648,2026-08-06 10:45:00,2026-08-06 12:45:00,DK1,0.0,0.0,2026-08-30 08:43:34.908991
527507278958449,2026-08-06 08:45:00,2026-08-06 10:45:00,DK1,10.091925,1.35,2026-08-30 08:43:34.908991
848643594201763,2026-08-06 08:00:00,2026-08-06 10:00:00,DK1,497.41977,66.54,2026-08-30 08:43:34.908991
49245687922384,2026-08-06 07:30:00,2026-08-06 09:30:00,DK1,618.8219,82.78,2026-08-30 08:43:34.908991
239117473599409,2026-08-06 06:45:00,2026-08-06 08:45:00,DK1,750.76447,100.43,2026-08-30 08:43:34.908991
208282882722642,2026-08-06 05:00:00,2026-08-06 07:00:00,DK1,934.0637,124.95,2026-08-30 08:43:34.908991
786945021086792,2026-08-06 04:45:00,2026-08-06 06:45:00,DK1,897.8823,120.11,2026-08-30 08:43:34.908991
575017957920795,2026-08-06 04:00:00,2026-08-06 06:00:00,DK1,956.1912,127.91,2026-08-30 08:43:34.908991
368747074465579,2026-08-06 02:00:00,2026-08-06 04:00:00,DK1,872.6151,116.73,2026-08-30 08:43:34.908991
642981902678007,2026-08-06 00:30:00,2026-08-06 02:30:00,DK1,947.6691,126.77,2026-08-30 08:43:34.908991
831254607866358,2026-08-05 22:45:00,2026-08-06 00:45:00,DK1,1078.5652,144.28,2026-08-30 08:43:34.908991
661191128583726,2026-08-05 21:45:00,2026-08-05 23:45:00,DK1,1127.35,150.81,2026-08-30 08:43:34.908991
820289480068364,2026-08-05 20:15:00,2026-08-05 22:15:00,DK1,1218.3243,162.98,2026-08-30 08:43:34.908991
236013196054190,2026-08-05 19:45:00,2026-08-05 21:45:00,DK1,1306.7572,174.81,2026-08-30 08:43:34.908991
746277455990947,2026-08-05 19:30:00,2026-08-05 21:30:00,DK1,1342.4144,179.58,2026-08-30 08:43:34.908991
104727158155720,2026-08-05 19:15:00,2026-08-05 21:15:00,DK1,1330.7529,178.02,2026-08-30 08:43:34.908991
714183260559196,2026-08-05 18:45:00,2026-08-05 20:45:00,DK1,1411.0376,188.76,2026-08-30 08:43:34.908991
65291966739138,2026-08-05 18:15:00,2026-08-05 20:15:00,DK1,1190.89,159.31,2026-08-30 08:43:34.908991
227485307514210,2026-08-05 17:45:00,2026-08-05 19:45:00,DK1,1291.8065,172.81,2026-08-30 08:43:34.908991
932631598104649,2026-08-05 16:15:00,2026-08-05 18:15:00,DK1,846.5777,113.25,2026-08-30 08:43:34.908991
505564077236591,2026-08-05 16:00:00,2026-08-05 18:00:00,DK1,681.8221,91.21,2026-08-30 08:43:34.908991
932263460200458,2026-08-05 15:00:00,2026-08-05 17:00:00,DK1,78.49065,10.5,2026-08-30 08:43:34.908991
666600778980764,2026-08-05 14:00:00,2026-08-05 16:00:00,DK1,2.541602,0.34,2026-08-30 08:43:34.908991
391561087740455,2026-08-05 11:45:00,2026-08-05 13:45:00,DK1,18.538744,2.48,2026-08-30 08:43:34.908991
344964211236579,2026-08-05 11:30:00,2026-08-05 13:30:00,DK1,18.613497,2.49,2026-08-30 08:43:34.908991
160353999653947,2026-08-05 10:15:00,2026-08-05 12:15:00,DK1,18.68825,2.5,2026-08-30 08:43:34.908991
486330265257198,2026-08-05 08:00:00,2026-08-05 10:00:00,DK1,747.53,100.0,2026-08-30 08:43:34.908991
750548105478420,2026-08-05 07:30:00,2026-08-05 09:30:00,DK1,781.1688,104.5,2026-08-30 08:43:34.908991
689973212090338,2026-08-05 05:45:00,2026-08-05 07:45:00,DK1,1016.6408,136.0,2026-08-30 08:43:34.908991
627668282995088,2026-08-05 05:30:00,2026-08-05 07:30:00,DK1,1154.2611,154.41,2026-08-30 08:43:34.908991
922403155593392,2026-08-05 05:00:00,2026-08-05 07:00:00,DK1,1120.7717,149.93,2026-08-30 08:43:34.908991
253668538656645,2026-08-05 04:30:00,2026-08-05 06:30:00,DK1,1038.3939,138.91,2026-08-30 08:43:34.908991
494113566497284,2026-08-05 04:00:00,2026-08-05 06:00:00,DK1,1042.281,139.43,2026-08-30 08:43:34.908991
591214774018756,2026-08-05 03:15:00,2026-08-05 05:15:00,DK1,994.43915,133.03,2026-08-30 08:43:34.908991
559785906879322,2026-08-05 02:45:00,2026-08-05 04:45:00,DK1,1026.882,137.37,2026-08-30 08:43:34.908991
780362681151482,2026-08-05 01:15:00,2026-08-05 03:15:00,DK1,1094.5334,146.42,2026-08-30 08:43:34.908991
610849393178467,2026-08-05 01:00:00,2026-08-05 03:00:00,DK1,1100.6632,147.24,2026-08-30 08:43:34.908991
865121468383180,2026-08-04 23:45:00,2026-08-05 01:45:00,DK1,1100.1399,147.17,2026-08-30 08:43:34.908991
114148803027739,2026-08-04 23:00:00,2026-08-05 01:00:00,DK1,1137.7406,152.2,2026-08-30 08:43:34.908991
703364991018923,2026-08-04 22:45:00,2026-08-05 00:45:00,DK1,1118.1554,149.58,2026-08-30 08:43:34.908991
633769850308133,2026-08-04 22:15:00,2026-08-05 00:15:00,DK1,1161.8859,155.43,2026-08-30 08:43:34.908991
450280483821424,2026-08-04 20:15:00,2026-08-04 22:15:00,DK1,1355.2152,181.29,2026-08-30 08:43:34.908991
42708989878287,2026-08-04 18:45:00,2026-08-04 20:45:00,DK1,1757.9897,235.17,2026-08-30 08:43:34.908991
861555771195848,2026-08-04 18:30:00,2026-08-04 20:30:00,DK1,1817.195,243.09,2026-08-30 08:43:34.908991
583495758464516,2026-08-04 17:30:00,2026-08-04 19:30:00,DK1,1770.8475,236.89,2026-08-30 08:43:34.908991
401391347778908,2026-08-04 16:15:00,2026-08-04 18:15:00,DK1,1143.0635,152.91,2026-08-30 08:43:34.908991
890696349251699,2026-08-04 16:00:00,2026-08-04 18:00:00,DK1,1127.7389,150.86,2026-08-30 08:43:34.908991
344634763962565,2026-08-04 15:30:00,2026-08-04 17:30:00,DK1,1197.7833,160.23,2026-08-30 08:43:34.908991
926686163250432,2026-08-04 15:00:00,2026-08-04 17:00:00,DK1,1013.5895,135.59,2026-08-30 08:43:34.908991
388059265239548,2026-08-04 12:45:00,2026-08-04 14:45:00,DK1,637.4273,85.27,2026-08-30 08:43:34.908991
570303530097300,2026-08-04 12:30:00,2026-08-04 14:30:00,DK1,635.48376,85.01,2026-08-30 08:43:34.908991
961956226045637,2026-08-04 11:45:00,2026-08-04 13:45:00,DK1,530.60394,70.98,2026-08-30 08:43:34.908991
662586771918204,2026-08-04 09:15:00,2026-08-04 11:15:00,DK1,798.597,106.83,2026-08-30 08:43:34.908991
333110375536823,2026-08-04 08:45:00,2026-08-04 10:45:00,DK1,853.76544,114.21,2026-08-30 08:43:34.908991
474285525444935,2026-08-04 08:15:00,2026-08-04 10:15:00,DK1,911.9988,122.0,2026-08-30 08:43:34.908991
841990143130770,2026-08-04 07:30:00,2026-08-04 09:30:00,DK1,1002.30164,134.08,2026-08-30 08:43:34.908991
620561173791316,2026-08-04 06:45:00,2026-08-04 08:45:00,DK1,1067.7114,142.83,2026-08-30 08:43:34.908991
525727110993985,2026-08-04 06:15:00,2026-08-04 08:15:00,DK1,1256.6147,168.1,2026-08-30 08:43:34.908991
438368484033923,2026-08-04 04:00:00,2026-08-04 06:00:00,DK1,1208.847,161.71,2026-08-30 08:43:34.908991
493712415139079,2026-08-04 02:45:00,2026-08-04 04:45:00,DK1,1118.6189,149.64,2026-08-30 08:43:34.908991
596745271543825,2026-08-03 21:00:00,2026-08-03 23:00:00,DK1,1237.9182,165.61,2026-08-30 08:43:34.908991
604102289743220,2026-08-03 18:30:00,2026-08-03 20:30:00,DK1,1467.9956,196.39,2026-08-30 08:43:34.908991
1448148502463,2026-08-03 17:45:00,2026-08-03 19:45:00,DK1,1711.6025,228.98,2026-08-30 08:43:34.908991
423880890159305,2026-08-03 17:15:00,2026-08-03 19:15:00,DK1,1394.2184,186.52,2026-08-30 08:43:34.908991
173377496515625,2026-08-03 15:30:00,2026-08-03 17:30:00,DK1,1079.8241,144.46,2026-08-30 08:43:34.908991
293839662905446,2026-08-03 13:45:00,2026-08-03 15:45:00,DK1,564.7287,75.55,2026-08-30 08:43:34.908991
689932177505386,2026-08-03 12:45:00,2026-08-03 14:45:00,DK1,287.48465,38.46,2026-08-30 08:43:34.908991
928457272775423,2026-08-03 12:30:00,2026-08-03 14:30:00,DK1,182.38756,24.4,2026-08-30 08:43:34.908991
88776938510249,2026-08-03 09:45:00,2026-08-03 11:45:00,DK1,328.5966,43.96,2026-08-30 08:43:34.908991
714847307974478,2026-08-03 08:45:00,2026-08-03 10:45:00,DK1,661.0802,88.44,2026-08-30 08:43:34.908991
605422922952589,2026-08-03 08:15:00,2026-08-03 10:15:00,DK1,872.84406,116.77,2026-08-30 08:43:34.908991
412368146690065,2026-08-03 06:15:00,2026-08-03 08:15:00,DK1,1173.1855,156.95,2026-08-30 08:43:34.908991
564558775379917,2026-08-03 05:45:00,2026-08-03 07:45:00,DK1,1163.3187,155.63,2026-08-30 08:43:34.908991
228697441330990,2026-08-03 05:30:00,2026-08-03 07:30:00,DK1,1209.6631,161.83,2026-08-30 08:43:34.908991
339920467518618,2026-08-03 04:45:00,2026-08-03 06:45:00,DK1,1244.795,166.53,2026-08-30 08:43:34.908991
888933909772318,2026-08-03 04:30:00,2026-08-03 06:30:00,DK1,1289.1213,172.46,2026-08-30 08:43:34.908991
261505718989714,2026-08-03 03:45:00,2026-08-03 05:45:00,DK1,1123.1785,150.26,2026-08-30 08:43:34.908991
547706516341798,2026-08-03 03:15:00,2026-08-03 05:15:00,DK1,1048.28,140.24,2026-08-30 08:43:34.908991
705059161990168,2026-08-03 01:45:00,2026-08-03 03:45:00,DK1,980.33307,131.15,2026-08-30 08:43:34.908991
118964007204371,2026-08-03 01:00:00,2026-08-03 03:00:00,DK1,961.1227,128.58,2026-08-30 08:43:34.908991
515658970913462,2026-08-03 00:00:00,2026-08-03 02:00:00,DK1,992.66675,132.8,2026-08-30 08:43:34.908991
67221978445135,2026-08-02 22:45:00,2026-08-03 00:45:00,DK1,994.01215,132.98,2026-08-30 08:43:34.908991
447820646641094,2026-08-02 22:00:00,2026-08-03 00:00:00,DK1,1084.907,145.14,2026-08-30 08:43:34.908991
921083630685067,2026-08-02 21:30:00,2026-08-02 23:30:00,DK1,1138.6226,152.32,2026-08-30 08:43:34.908991
37946273739688,2026-08-02 18:45:00,2026-08-02 20:45:00,DK1,1435.8364,192.08,2026-08-30 08:43:34.908991
648277439961038,2026-08-02 18:30:00,2026-08-02 20:30:00,DK1,1386.0515,185.42,2026-08-30 08:43:34.908991
361608646726977,2026-08-02 17:45:00,2026-08-02 19:45:00,DK1,1438.3779,192.42,2026-08-30 08:43:34.908991
395879954876455,2026-08-02 16:45:00,2026-08-02 18:45:00,DK1,1290.1448,172.59,2026-08-30 08:43:34.908991
850015077815549,2026-08-02 16:30:00,2026-08-02 18:30:00,DK1,1165.9817,155.98,2026-08-30 08:43:34.908991
751266699605382,2026-08-02 15:00:00,2026-08-02 17:00:00,DK1,304.24066,40.7,2026-08-30 08:43:34.908991
540065139536836,2026-08-02 12:30:00,2026-08-02 14:30:00,DK1,14.9504,2.0,2026-08-30 08:43:34.908991
95138298545099,2026-08-02 11:15:00,2026-08-02 13:15:00,DK1,16.669697,2.23,2026-08-30 08:43:34.908991
904508719514447,2026-08-02 10:45:00,2026-08-02 12:45:00,DK1,14.9504,2.0,2026-08-30 08:43:34.908991
748389718702156,2026-08-02 10:30:00,2026-08-02 12:30:00,DK1,14.9504,2.0,2026-08-30 08:43:34.908991
37515029691566,2026-08-02 10:00:00,2026-08-02 12:00:00,DK1,15.69792,2.1,2026-08-30 08:43:34.908991
530177922070473,2026-08-02 08:45:00,2026-08-02 10:45:00,DK1,-0.074752,-0.01,2026-08-30 08:43:34.908991
713852930800712,2026-08-02 08:30:00,2026-08-02 10:30:00,DK1,0.37376,0.05,2026-08-30 08:43:34.908991
547176189632007,2026-08-02 06:15:00,2026-08-02 08:15:00,DK1,974.24286,130.33,2026-08-30 08:43:34.908991
178413441233257,2026-08-02 05:00:00,2026-08-02 07:00:00,DK1,1148.7887,153.68,2026-08-30 08:43:34.908991
62648323141145,2026-08-02 04:15:00,2026-08-02 06:15:00,DK1,1146.9199,153.43,2026-08-30 08:43:34.908991
625402774258269,2026-08-02 03:00:00,2026-08-02 05:00:00,DK1,1185.7162,158.62,2026-08-30 08:43:34.908991
853982642440860,2026-08-02 02:00:00,2026-08-02 04:00:00,DK1,1153.5729,154.32,2026-08-30 08:43:34.908991
838571968871156,2026-08-02 01:00:00,2026-08-02 03:00:00,DK1,1156.9368,154.77,2026-08-30 08:43:34.908991
622198477512947,2026-08-01 23:45:00,2026-08-02 01:45:00,DK1,1194.537,159.8,2026-08-30 08:43:34.908991
518985291718002,2026-08-01 22:45:00,2026-08-02 00:45:00,DK1,1174.5782,157.13,2026-08-30 08:43:34.908991
989054771961419,2026-08-01 21:30:00,2026-08-01 23:30:00,DK1,1279.9785,171.23,2026-08-30 08:43:34.908991
579506323000644,2026-08-01 21:15:00,2026-08-01 23:15:00,DK1,1285.2859,171.94,2026-08-30 08:43:34.908991
291837601623080,2026-08-01 20:15:00,2026-08-01 22:15:00,DK1,1343.2188,179.69,2026-08-30 08:43:34.908991
412516355186637,2026-08-01 19:30:00,2026-08-01 21:30:00,DK1,1363.5513,182.41,2026-08-30 08:43:34.908991
39441726697013,2026-08-01 19:00:00,2026-08-01 21:00:00,DK1,1378.6511,184.43,2026-08-30 08:43:34.908991
363618448243612,2026-08-01 18:00:00,2026-08-01 20:00:00,DK1,1301.4324,174.1,2026-08-30 08:43:34.908991
381026161713456,2026-08-01 14:15:00,2026-08-01 16:15:00,DK1,174.02266,23.28,2026-08-30 08:43:34.908991
235147484167532,2026-08-01 12:30:00,2026-08-01 14:30:00,DK1,25.41568,3.4,2026-08-30 08:43:34.908991
989500544575045,2026-08-01 09:15:00,2026-08-01 11:15:00,DK1,484.91626,64.87,2026-08-30 08:43:34.908991
141167001469138,2026-08-01 08:00:00,2026-08-01 10:00:00,DK1,851.27576,113.88,2026-08-30 08:43:34.908991
822787389560282,2026-08-01 07:00:00,2026-08-01 09:00:00,DK1,1086.9689,145.41,2026-08-30 08:43:34.908991
23218748958741,2026-08-01 06:30:00,2026-08-01 08:30:00,DK1,995.54706,133.18,2026-08-30 08:43:34.908991
805522346064941,2026-08-01 05:00:00,2026-08-01 07:00:00,DK1,1218.1587,162.96,2026-08-30 08:43:34.908991
143691511183810,2026-08-01 04:30:00,2026-08-01 06:30:00,DK1,1135.2585,151.87,2026-08-30 08:43:34.908991
412346364339673,2026-08-01 03:30:00,2026-08-01 05:30:00,DK1,1159.1793,155.07,2026-08-30 08:43:34.908991
527435604921083,2026-08-01 03:15:00,2026-08-01 05:15:00,DK1,1165.8323,155.96,2026-08-30 08:43:34.908991
649929099038150,2026-08-01 02:00:00,2026-08-01 04:00:00,DK1,1153.6476,154.33,2026-08-30 08:43:34.908991
194807428256842,2026-08-01 01:45:00,2026-08-01 03:45:00,DK1,1140.9398,152.63,2026-08-30 08:43:34.908991
714240480446592,2026-08-01 01:15:00,2026-08-01 03:15:00,DK1,1144.3783,153.09,2026-08-30 08:43:34.908991
919806599707612,2026-08-01 01:00:00,2026-08-01 03:00:00,DK1,1170.6163,156.6,2026-08-30 08:43:34.908991
581544798935690,2026-08-01 00:15:00,2026-08-01 02:15:00,DK1,1185.7162,158.62,2026-08-30 08:43:34.908991
556905692955167,2026-07-31 22:30:00,2026-08-01 00:30:00,DK1,1227.2783,164.18,2026-08-30 08:43:34.908991
627608338998669,2026-07-31 21:45:00,2026-07-31 23:45:00,DK1,1234.3798,165.13,2026-08-30 08:43:34.908991
566811834826566,2026-07-31 14:30:00,2026-07-31 16:30:00,DK1,911.89966,121.99,2026-08-30 08:43:34.908991
277387429423055,2026-07-31 14:00:00,2026-07-31 16:00:00,DK1,812.70374,108.72,2026-08-30 08:43:34.908991
112951821895675,2026-07-31 13:45:00,2026-07-31 15:45:00,DK1,869.66473,116.34,2026-08-30 08:43:34.908991
594968513113911,2026-07-31 10:45:00,2026-07-31 12:45:00,DK1,650.26764,86.99,2026-08-30 08:43:34.908991
591597339772439,2026-07-31 10:30:00,2026-07-31 12:30:00,DK1,717.84344,96.03,2026-08-30 08:43:34.908991
262057752115343,2026-07-31 09:00:00,2026-07-31 11:00:00,DK1,860.17126,115.07,2026-08-30 08:43:34.908991
855392575601645,2026-07-31 08:00:00,2026-07-31 10:00:00,DK1,1017.6737,136.14,2026-08-30 08:43:34.908991
531443867225135,2026-07-31 07:00:00,2026-07-31 09:00:00,DK1,1192.2944,159.5,2026-08-30 08:43:34.908991
256570008829401,2026-07-31 05:15:00,2026-07-31 07:15:00,DK1,1345.536,180.0,2026-08-30 08:43:34.908991
9325934655837,2026-07-31 05:00:00,2026-07-31 07:00:00,DK1,1395.2461,186.65,2026-08-30 08:43:34.908991
355382198337324,2026-07-31 04:00:00,2026-07-31 06:00:00,DK1,1274.5216,170.5,2026-08-30 08:43:34.908991
693903939891766,2026-07-31 03:30:00,2026-07-31 05:30:00,DK1,1288.5751,172.38,2026-08-30 08:43:34.908991
967944772115038,2026-07-31 03:00:00,2026-07-31 05:00:00,DK1,1133.3898,151.62,2026-08-30 08:43:34.908991
857114595052742,2026-07-31 02:45:00,2026-07-31 04:45:00,DK1,1206.4225,161.39,2026-08-30 08:43:34.908991
459012341136616,2026-07-31 02:15:00,2026-07-31 04:15:00,DK1,1121.9528,150.09,2026-08-30 08:43:34.908991
772920318129790,2026-07-31 00:45:00,2026-07-31 02:45:00,DK1,1150.2838,153.88,2026-08-30 08:43:34.908991
874670766891678,2026-07-31 00:15:00,2026-07-31 02:15:00,DK1,1154.9185,154.5,2026-08-30 08:43:34.908991
854501512729933,2026-07-30 23:15:00,2026-07-31 01:15:00,DK1,1245.2189,166.58,2026-08-30 08:43:34.908991
741948637797684,2026-07-30 23:00:00,2026-07-31 01:00:00,DK1,1290.5933,172.65,2026-08-30 08:43:34.908991
134459820900912,2026-07-30 21:45:00,2026-07-30 23:45:00,DK1,1192.9941,159.6,2026-08-30 08:43:34.908991
523294509673416,2026-07-30 20:30:00,2026-07-30 22:30:00,DK1,1399.675,187.25,2026-08-30 08:43:34.908991
974837121905686,2026-07-30 19:15:00,2026-07-30 21:15:00,DK1,1582.81,211.75,2026-08-30 08:43:34.908991
706914004269379,2026-07-30 16:00:00,2026-07-30 18:00:00,DK1,972.03595,130.04,2026-08-30 08:43:34.908991
749924984803375,2026-07-30 15:00:00,2026-07-30 17:00:00,DK1,811.8489,108.61,2026-08-30 08:43:34.908991
691441565997079,2026-07-30 14:30:00,2026-07-30 16:30:00,DK1,798.9173,106.88,2026-08-30 08:43:34.908991
651114773060058,2026-07-30 14:00:00,2026-07-30 16:00:00,DK1,572.12885,76.54,2026-08-30 08:43:34.908991
380164912103840,2026-07-30 12:30:00,2026-07-30 14:30:00,DK1,139.18265,18.62,2026-08-30 08:43:34.908991
434247047376051,2026-07-30 12:00:00,2026-07-30 14:00:00,DK1,28.40462,3.8,2026-08-30 08:43:34.908991
311029416788808,2026-07-30 10:00:00,2026-07-30 12:00:00,DK1,57.33248,7.67,2026-08-30 08:43:34.908991
169024452582205,2026-07-30 07:00:00,2026-07-30 09:00:00,DK1,1036.096,138.61,2026-08-30 08:43:34.908991
235230632205362,2026-07-30 06:30:00,2026-07-30 08:30:00,DK1,974.20374,130.33,2026-08-30 08:43:34.908991
712556415589836,2026-07-30 06:00:00,2026-07-30 08:00:00,DK1,1211.0085,162.01,2026-08-30 08:43:34.908991
98288433554942,2026-07-30 05:30:00,2026-07-30 07:30:00,DK1,1060.6882,141.9,2026-08-30 08:43:34.908991
994798129988778,2026-07-30 04:45:00,2026-07-30 06:45:00,DK1,1105.0892,147.84,2026-08-30 08:43:34.908991
589415912660572,2026-07-30 02:45:00,2026-07-30 04:45:00,DK1,993.2648,132.88,2026-08-30 08:43:34.908991
81106453986743,2026-07-30 01:30:00,2026-07-30 03:30:00,DK1,1002.83264,134.16,2026-08-30 08:43:34.908991
518163679011648,2026-07-30 00:30:00,2026-07-30 02:30:00,DK1,1031.4615,137.99,2026-08-30 08:43:34.908991
414946742145080,2026-07-30 00:00:00,2026-07-30 02:00:00,DK1,1068.9106,143.0,2026-08-30 08:43:34.908991
342567911020282,2026-07-29 23:30:00,2026-07-30 01:30:00,DK1,1088.4202,145.61,2026-08-30 08:43:34.908991
14018483976791,2026-07-29 23:15:00,2026-07-30 01:15:00,DK1,1060.5388,141.88,2026-08-30 08:43:34.908991
752145975962527,2026-07-29 20:45:00,2026-07-29 22:45:00,DK1,1315.7144,176.02,2026-08-30 08:43:34.908991
940254978152621,2026-07-29 17:00:00,2026-07-29 19:00:00,DK1,1291.7202,172.81,2026-08-30 08:43:34.908991
784554535008586,2026-07-29 15:45:00,2026-07-29 17:45:00,DK1,1128.4706,150.97,2026-08-30 08:43:34.908991
229869659125920,2026-07-29 15:30:00,2026-07-29 17:30:00,DK1,1009.3969,135.04,2026-08-30 08:43:34.908991
797977136408535,2026-07-29 15:15:00,2026-07-29 17:15:00,DK1,856.6868,114.61,2026-08-30 08:43:34.908991
29654837779055,2026-07-29 14:45:00,2026-07-29 16:45:00,DK1,818.3411,109.48,2026-08-30 08:43:34.908991
319112299622091,2026-07-29 14:00:00,2026-07-29 16:00:00,DK1,189.78517,25.39,2026-08-30 08:43:34.908991
349649687457154,2026-07-29 13:30:00,2026-07-29 15:30:00,DK1,54.267048,7.26,2026-08-30 08:43:34.908991
138293809759909,2026-07-29 12:00:00,2026-07-29 14:00:00,DK1,9.941484,1.33,2026-08-30 08:43:34.908991
976204574347931,2026-07-29 10:45:00,2026-07-29 12:45:00,DK1,14.9496,2.0,2026-08-30 08:43:34.908991
348572808303639,2026-07-29 10:00:00,2026-07-29 12:00:00,DK1,40.588165,5.43,2026-08-30 08:43:34.908991
508394382809426,2026-07-29 08:30:00,2026-07-29 10:30:00,DK1,590.0607,78.94,2026-08-30 08:43:34.908991
182231004221116,2026-07-29 08:15:00,2026-07-29 10:15:00,DK1,751.2922,100.51,2026-08-30 08:43:34.908991
192130114242941,2026-07-29 07:30:00,2026-07-29 09:30:00,DK1,813.5572,108.84,2026-08-30 08:43:34.908991
735128853340826,2026-07-29 06:30:00,2026-07-29 08:30:00,DK1,1065.3832,142.53,2026-08-30 08:43:34.908991
836100644541642,2026-07-29 05:30:00,2026-07-29 07:30:00,DK1,1182.5881,158.21,2026-08-30 08:43:34.908991
186880336891607,2026-07-29 04:15:00,2026-07-29 06:15:00,DK1,1265.5583,169.31,2026-08-30 08:43:34.908991
204028467741456,2026-07-29 03:15:00,2026-07-29 05:15:00,DK1,1048.1912,140.23,2026-08-30 08:43:34.908991
231794864091501,2026-07-29 02:45:00,2026-07-29 04:45:00,DK1,1094.236,146.39,2026-08-30 08:43:34.908991
130099624909353,2026-07-29 01:15:00,2026-07-29 03:15:00,DK1,1010.2192,135.15,2026-08-30 08:43:34.908991
972889069098407,2026-07-29 01:00:00,2026-07-29 03:00:00,DK1,1009.1727,135.01,2026-08-30 08:43:34.908991
583688488496939,2026-07-29 00:00:00,2026-07-29 02:00:00,DK1,1053.1992,140.9,2026-08-30 08:43:34.908991
236142694984135,2026-07-28 23:45:00,2026-07-29 01:45:00,DK1,1044.379,139.72,2026-08-30 08:43:34.908991
977969692833796,2026-07-28 23:00:00,2026-07-29 01:00:00,DK1,1162.1819,155.48,2026-08-30 08:43:34.908991
55915977143764,2026-07-28 22:15:00,2026-07-29 00:15:00,DK1,1109.3351,148.41,2026-08-30 08:43:34.908991
501620820569601,2026-07-28 22:00:00,2026-07-29 00:00:00,DK1,1228.4834,164.35,2026-08-30 08:43:34.908991
817031539492363,2026-07-28 20:45:00,2026-07-28 22:45:00,DK1,1348.7502,180.43,2026-08-30 08:43:34.908991
235782189033076,2026-07-28 19:30:00,2026-07-28 21:30:00,DK1,1537.7234,205.71,2026-08-30 08:43:34.908991
99133125521546,2026-07-28 15:45:00,2026-07-28 17:45:00,DK1,1098.1816,146.91,2026-08-30 08:43:34.908991
246003787880561,2026-07-28 14:45:00,2026-07-28 16:45:00,DK1,717.4697,95.98,2026-08-30 08:43:34.908991
780057300474301,2026-07-28 14:30:00,2026-07-28 16:30:00,DK1,455.53867,60.94,2026-08-30 08:43:34.908991
189061885866823,2026-07-28 12:30:00,2026-07-28 14:30:00,DK1,9.194496,1.23,2026-08-30 08:43:34.908991
331349408722492,2026-07-28 12:15:00,2026-07-28 14:15:00,DK1,9.344,1.25,2026-08-30 08:43:34.908991
169362877420942,2026-07-28 10:30:00,2026-07-28 12:30:00,DK1,1.420288,0.19,2026-08-30 08:43:34.908991
813322457719450,2026-07-28 10:00:00,2026-07-28 12:00:00,DK1,1.046528,0.14,2026-08-30 08:43:34.908991
939157030151096,2026-07-28 09:15:00,2026-07-28 11:15:00,DK1,34.983936,4.68,2026-08-30 08:43:34.908991
777116047508703,2026-07-28 08:00:00,2026-07-28 10:00:00,DK1,703.1173,94.06,2026-08-30 08:43:34.908991
810170270636588,2026-07-28 06:30:00,2026-07-28 08:30:00,DK1,1058.2642,141.57,2026-08-30 08:43:34.908991
346268628465907,2026-07-28 05:45:00,2026-07-28 07:45:00,DK1,1104.5355,147.76,2026-08-30 08:43:34.908991
800498496061229,2026-07-28 05:15:00,2026-07-28 07:15:00,DK1,1125.3914,150.55,2026-08-30 08:43:34.908991
797384892914505,2026-07-28 03:30:00,2026-07-28 05:30:00,DK1,1029.335,137.7,2026-08-30 08:43:34.908991
739417538933911,2026-07-28 03:15:00,2026-07-28 05:15:00,DK1,999.58374,133.72,2026-08-30 08:43:34.908991
515899560118408,2026-07-28 02:45:00,2026-07-28 04:45:00,DK1,1023.2054,136.88,2026-08-30 08:43:34.908991
92297484049153,2026-07-27 23:45:00,2026-07-28 01:45:00,DK1,1069.1031,143.02,2026-08-30 08:43:34.908991
914230371529022,2026-07-27 21:30:00,2026-07-27 23:30:00,DK1,1083.3059,144.92,2026-08-30 08:43:34.908991
696816035182442,2026-07-27 20:00:00,2026-07-27 22:00:00,DK1,1068.1313,142.89,2026-08-30 08:43:34.908991
775804992593939,2026-07-27 17:45:00,2026-07-27 19:45:00,DK1,992.7813,132.81,2026-08-30 08:43:34.908991
949108517772234,2026-07-27 17:30:00,2026-07-27 19:30:00,DK1,973.1963,130.19,2026-08-30 08:43:34.908991
290781546976713,2026-07-27 16:00:00,2026-07-27 18:00:00,DK1,221.63968,29.65,2026-08-30 08:43:34.908991
39133046065688,2026-07-27 15:30:00,2026-07-27 17:30:00,DK1,73.25696,9.8,2026-08-30 08:43:34.908991
819527841908898,2026-07-27 10:30:00,2026-07-27 12:30:00,DK1,3.438592,0.46,2026-08-30 08:43:34.908991
71699741620928,2026-07-27 09:45:00,2026-07-27 11:45:00,DK1,1.794048,0.24,2026-08-30 08:43:34.908991
979476426686473,2026-07-27 09:15:00,2026-07-27 11:15:00,DK1,11.511808,1.54,2026-08-30 08:43:34.908991
316847721227496,2026-07-27 08:00:00,2026-07-27 10:00:00,DK1,412.03302,55.12,2026-08-30 08:43:34.908991
562950815745497,2026-07-27 07:45:00,2026-07-27 09:45:00,DK1,241.14993,32.26,2026-08-30 08:43:34.908991
51568081339927,2026-07-27 07:00:00,2026-07-27 09:00:00,DK1,804.481,107.62,2026-08-30 08:43:34.908991
468707634887120,2026-07-27 06:15:00,2026-07-27 08:15:00,DK1,808.0691,108.1,2026-08-30 08:43:34.908991
190329822589525,2026-07-27 05:45:00,2026-07-27 07:45:00,DK1,795.137,106.37,2026-08-30 08:43:34.908991
867662817477587,2026-07-27 05:15:00,2026-07-27 07:15:00,DK1,858.52673,114.85,2026-08-30 08:43:34.908991
511872664683754,2026-07-27 04:30:00,2026-07-27 06:30:00,DK1,880.13,117.74,2026-08-30 08:43:34.908991
77034321914729,2026-07-27 03:30:00,2026-07-27 05:30:00,DK1,741.24084,99.16,2026-08-30 08:43:34.908991
27706036594460,2026-07-27 03:00:00,2026-07-27 05:00:00,DK1,438.71948,58.69,2026-08-30 08:43:34.908991
424496971151460,2026-07-27 01:30:00,2026-07-27 03:30:00,DK1,435.5799,58.27,2026-08-30 08:43:34.908991
556673557854656,2026-07-27 01:00:00,2026-07-27 03:00:00,DK1,507.41656,67.88,2026-08-30 08:43:34.908991
276126719963961,2026-07-27 00:45:00,2026-07-27 02:45:00,DK1,465.25647,62.24,2026-08-30 08:43:34.908991
714474985392624,2026-07-27 00:30:00,2026-07-27 02:30:00,DK1,533.65454,71.39,2026-08-30 08:43:34.908991
158620661005203,2026-07-27 00:15:00,2026-07-27 02:15:00,DK1,376.52582,50.37,2026-08-30 08:43:34.908991
144527603259864,2026-07-26 23:45:00,2026-07-27 01:45:00,DK1,415.9949,55.65,2026-08-30 08:43:34.908991
330087436949712,2026-07-26 23:15:00,2026-07-27 01:15:00,DK1,553.23956,74.01,2026-08-30 08:43:34.908991
547253314067047,2026-07-26 21:45:00,2026-07-26 23:45:00,DK1,949.47595,127.01,2026-08-30 08:43:34.908991
816564536149617,2026-07-26 21:00:00,2026-07-26 23:00:00,DK1,1086.5785,145.35,2026-08-30 08:43:34.908991
974666318328502,2026-07-26 20:45:00,2026-07-26 22:45:00,DK1,1045.3878,139.84,2026-08-30 08:43:34.908991
352433371268287,2026-07-26 20:15:00,2026-07-26 22:15:00,DK1,1117.4526,149.48,2026-08-30 08:43:34.908991
548324432861893,2026-07-26 20:00:00,2026-07-26 22:00:00,DK1,1168.2867,156.28,2026-08-30 08:43:34.908991
481608206303794,2026-07-26 18:45:00,2026-07-26 20:45:00,DK1,1174.4916,157.11,2026-08-30 08:43:34.908991
719756443846211,2026-07-26 18:30:00,2026-07-26 20:30:00,DK1,1166.7916,156.08,2026-08-30 08:43:34.908991
403448434936079,2026-07-26 16:30:00,2026-07-26 18:30:00,DK1,887.578,118.73,2026-08-30 08:43:34.908991
571916774546207,2026-07-26 15:15:00,2026-07-26 17:15:00,DK1,279.06415,37.33,2026-08-30 08:43:34.908991
22465698407970,2026-07-26 12:45:00,2026-07-26 14:45:00,DK1,1.8689,0.25,2026-08-30 08:43:34.908991
688936439657896,2026-07-26 12:00:00,2026-07-26 14:00:00,DK1,1.794144,0.24,2026-08-30 08:43:34.908991
378734671542656,2026-07-26 11:45:00,2026-07-26 13:45:00,DK1,0.0,0.0,2026-08-30 08:43:34.908991
707745380264730,2026-07-26 11:30:00,2026-07-26 13:30:00,DK1,0.0,0.0,2026-08-30 08:43:34.908991
532499663184656,2026-07-26 10:45:00,2026-07-26 12:45:00,DK1,-0.074756,-0.01,2026-08-30 08:43:34.908991
67771438118253,2026-07-26 10:15:00,2026-07-26 12:15:00,DK1,-0.224268,-0.03,2026-08-30 08:43:34.908991
873778845102101,2026-07-26 08:15:00,2026-07-26 10:15:00,DK1,68.02796,9.1,2026-08-30 08:43:34.908991
353312645726241,2026-07-26 08:00:00,2026-07-26 10:00:00,DK1,275.70013,36.88,2026-08-30 08:43:34.908991
880548622553828,2026-07-26 06:30:00,2026-07-26 08:30:00,DK1,847.2098,113.33,2026-08-30 08:43:34.908991
783152395948892,2026-07-26 05:45:00,2026-07-26 07:45:00,DK1,758.9977,101.53,2026-08-30 08:43:34.908991
458020612062667,2026-07-26 04:45:00,2026-07-26 06:45:00,DK1,851.62036,113.92,2026-08-30 08:43:34.908991
599123112790977,2026-07-26 03:00:00,2026-07-26 05:00:00,DK1,1031.9318,138.04,2026-08-30 08:43:34.908991
432515442928854,2026-07-26 02:30:00,2026-07-26 04:30:00,DK1,1063.5536,142.27,2026-08-30 08:43:34.908991
123710145871849,2026-07-26 02:00:00,2026-07-26 04:00:00,DK1,1138.6086,152.31,2026-08-30 08:43:34.908991
997833635145083,2026-07-26 01:45:00,2026-07-26 03:45:00,DK1,1113.8644,149.0,2026-08-30 08:43:34.908991
160614275807107,2026-07-26 00:00:00,2026-07-26 02:00:00,DK1,1082.7659,144.84,2026-08-30 08:43:34.908991
114985692571109,2026-07-25 23:45:00,2026-07-26 01:45:00,DK1,1080.3738,144.52,2026-08-30 08:43:34.908991
971054801272669,2026-07-25 23:00:00,2026-07-26 01:00:00,DK1,1132.03,151.43,2026-08-30 08:43:34.908991
152352394777238,2026-07-25 22:30:00,2026-07-26 00:30:00,DK1,1156.4006,154.69,2026-08-30 08:43:34.908991
161445696812456,2026-07-25 22:15:00,2026-07-26 00:15:00,DK1,1153.2609,154.27,2026-08-30 08:43:34.908991
126229063346539,2026-07-25 21:00:00,2026-07-25 23:00:00,DK1,1247.2291,166.84,2026-08-30 08:43:34.908991
755075606896949,2026-07-25 20:30:00,2026-07-25 22:30:00,DK1,1233.3993,164.99,2026-08-30 08:43:34.908991
833431603704288,2026-07-25 17:15:00,2026-07-25 19:15:00,DK1,1032.9037,138.17,2026-08-30 08:43:34.908991
529045284194532,2026-07-25 15:30:00,2026-07-25 17:30:00,DK1,22.875336,3.06,2026-08-30 08:43:34.908991
732246163942803,2026-07-25 12:45:00,2026-07-25 14:45:00,DK1,-59.879555,-8.01,2026-08-30 08:43:34.908991
539030836079084,2026-07-25 12:30:00,2026-07-25 14:30:00,DK1,-92.17415,-12.33,2026-08-30 08:43:34.908991
939419818139772,2026-07-25 11:45:00,2026-07-25 13:45:00,DK1,-80.3627,-10.75,2026-08-30 08:43:34.908991
49441874987142,2026-07-25 09:15:00,2026-07-25 11:15:00,DK1,-8.895964,-1.19,2026-08-30 08:43:34.908991
720146993135236,2026-07-25 08:15:00,2026-07-25 10:15:00,DK1,-0.074756,-0.01,2026-08-30 08:43:34.908991
714162832174903,2026-07-25 07:45:00,2026-07-25 09:45:00,DK1,0.0,0.0,2026-08-30 08:43:34.908991
977896612682545,2026-07-25 07:30:00,2026-07-25 09:30:00,DK1,0.074756,0.01,2026-08-30 08:43:34.908991
586935437472188,2026-07-25 04:45:00,2026-07-25 06:45:00,DK1,878.682,117.54,2026-08-30 08:43:34.908991
332633784346736,2026-07-25 04:15:00,2026-07-25 06:15:00,DK1,982.51807,131.43,2026-08-30 08:43:34.908991
667408494410302,2026-07-25 03:45:00,2026-07-25 05:45:00,DK1,993.3578,132.88,2026-08-30 08:43:34.908991
294685839667233,2026-07-25 02:00:00,2026-07-25 04:00:00,DK1,1136.964,152.09,2026-08-30 08:43:34.908991
259517555456716,2026-07-25 01:45:00,2026-07-25 03:45:00,DK1,1144.2902,153.07,2026-08-30 08:43:34.908991
235830155366601,2026-07-25 00:45:00,2026-07-25 02:45:00,DK1,1166.4178,156.03,2026-08-30 08:43:34.908991
380572453343442,2026-07-25 00:30:00,2026-07-25 02:30:00,DK1,1197.7406,160.22,2026-08-30 08:43:34.908991
211976139491859,2026-07-24 23:30:00,2026-07-25 01:30:00,DK1,1203.0482,160.93,2026-08-30 08:43:34.908991
895076020083728,2026-07-24 23:00:00,2026-07-25 01:00:00,DK1,1270.9268,170.01,2026-08-30 08:43:34.908991
832745436096072,2026-07-24 22:15:00,2026-07-25 00:15:00,DK1,1260.6105,168.63,2026-08-30 08:43:34.908991
917135066142985,2026-07-24 20:30:00,2026-07-24 22:30:00,DK1,1410.1971,188.64,2026-08-30 08:43:34.908991
112969165708472,2026-07-24 19:30:00,2026-07-24 21:30:00,DK1,1510.445,202.05,2026-08-30 08:43:34.908991
285641434799828,2026-07-24 19:00:00,2026-07-24 21:00:00,DK1,1576.305,210.86,2026-08-30 08:43:34.908991
106614399871108,2026-07-24 18:00:00,2026-07-24 20:00:00,DK1,1409.9729,188.61,2026-08-30 08:43:34.908991
372266753891786,2026-07-24 16:30:00,2026-07-24 18:30:00,DK1,1182.1914,158.14,2026-08-30 08:43:34.908991
1962557669781,2026-07-24 16:00:00,2026-07-24 18:00:00,DK1,932.5811,124.75,2026-08-30 08:43:34.908991
914257385488114,2026-07-24 15:00:00,2026-07-24 17:00:00,DK1,563.8845,75.43,2026-08-30 08:43:34.908991
294231680820495,2026-07-24 14:45:00,2026-07-24 16:45:00,DK1,749.7279,100.29,2026-08-30 08:43:34.908991
316078819909539,2026-07-24 13:45:00,2026-07-24 15:45:00,DK1,273.30795,36.56,2026-08-30 08:43:34.908991
596542890670413,2026-07-24 12:45:00,2026-07-24 14:45:00,DK1,82.82965,11.08,2026-08-30 08:43:34.908991
527314794388368,2026-07-24 12:30:00,2026-07-24 14:30:00,DK1,54.34761,7.27,2026-08-30 08:43:34.908991
741472455186848,2026-07-24 12:00:00,2026-07-24 14:00:00,DK1,52.852493,7.07,2026-08-30 08:43:34.908991
105195949640070,2026-07-24 11:45:00,2026-07-24 13:45:00,DK1,70.71918,9.46,2026-08-30 08:43:34.908991
654943098141655,2026-07-24 10:45:00,2026-07-24 12:45:00,DK1,211.11095,28.24,2026-08-30 08:43:34.908991
210029296160565,2026-07-24 10:30:00,2026-07-24 12:30:00,DK1,319.0586,42.68,2026-08-30 08:43:34.908991
615635185479488,2026-07-24 08:30:00,2026-07-24 10:30:00,DK1,758.0259,101.4,2026-08-30 08:43:34.908991
422423638495160,2026-07-24 08:00:00,2026-07-24 10:00:00,DK1,885.4848,118.45,2026-08-30 08:43:34.908991
177578086740789,2026-07-24 07:30:00,2026-07-24 09:30:00,DK1,870.53357,116.45,2026-08-30 08:43:34.908991
207214837253895,2026-07-24 06:15:00,2026-07-24 08:15:00,DK1,1246.631,166.76,2026-08-30 08:43:34.908991
78202301500553,2026-07-24 05:30:00,2026-07-24 07:30:00,DK1,1196.993,160.12,2026-08-30 08:43:34.908991
36474111001521,2026-07-24 03:00:00,2026-07-24 05:00:00,DK1,1118.873,149.67,2026-08-30 08:43:34.908991
376688721839691,2026-07-24 02:15:00,2026-07-24 04:15:00,DK1,1059.2178,141.69,2026-08-30 08:43:34.908991
724449136495554,2026-07-24 01:45:00,2026-07-24 03:45:00,DK1,1054.2091,141.02,2026-08-30 08:43:34.908991
2988803240614,2026-07-24 01:00:00,2026-07-24 03:00:00,DK1,1127.171,150.78,2026-08-30 08:43:34.908991
47413669542401,2026-07-24 00:30:00,2026-07-24 02:30:00,DK1,1115.509,149.22,2026-08-30 08:43:34.908991
244930557217691,2026-07-24 00:00:00,2026-07-24 02:00:00,DK1,1160.6616,155.26,2026-08-30 08:43:34.908991
480745831041566,2026-07-23 23:45:00,2026-07-24 01:45:00,DK1,1135.8427,151.94,2026-08-30 08:43:34.908991
753087491809361,2026-07-23 23:15:00,2026-07-24 01:15:00,DK1,1180.9205,157.97,2026-08-30 08:43:34.908991
471449510419819,2026-07-23 23:00:00,2026-07-24 01:00:00,DK1,1215.4578,162.59,2026-08-30 08:43:34.908991
436762076275716,2026-07-23 22:45:00,2026-07-24 00:45:00,DK1,1133.002,151.56,2026-08-30 08:43:34.908991
274981744213015,2026-07-23 22:00:00,2026-07-24 00:00:00,DK1,1257.5454,168.22,2026-08-30 08:43:34.908991
59840657204711,2026-07-23 21:00:00,2026-07-23 23:00:00,DK1,1358.1852,181.68,2026-08-30 08:43:34.908991
209448255895899,2026-07-23 20:00:00,2026-07-23 22:00:00,DK1,1464.6392,195.92,2026-08-30 08:43:34.908991
779580040064293,2026-07-23 19:30:00,2026-07-23 21:30:00,DK1,1418.1403,189.7,2026-08-30 08:43:34.908991
414794682370833,2026-07-23 18:15:00,2026-07-23 20:15:00,DK1,1375.9026,184.05,2026-08-30 08:43:34.908991
769256795576385,2026-07-23 17:15:00,2026-07-23 19:15:00,DK1,1231.0236,164.67,2026-08-30 08:43:34.908991
272064426433968,2026-07-23 16:15:00,2026-07-23 18:15:00,DK1,1039.7203,139.08,2026-08-30 08:43:34.908991
636254508130094,2026-07-23 15:45:00,2026-07-23 17:45:00,DK1,937.4528,125.4,2026-08-30 08:43:34.908991
427414526039053,2026-07-23 15:30:00,2026-07-23 17:30:00,DK1,847.4454,113.36,2026-08-30 08:43:34.908991
126995425222347,2026-07-23 15:15:00,2026-07-23 17:15:00,DK1,708.5468,94.78,2026-08-30 08:43:34.908991
329208831039893,2026-07-23 14:45:00,2026-07-23 16:45:00,DK1,470.67007,62.96,2026-08-30 08:43:34.908991
614102188441307,2026-07-23 14:00:00,2026-07-23 16:00:00,DK1,27.884361,3.73,2026-08-30 08:43:34.908991
599000270152530,2026-07-23 12:45:00,2026-07-23 14:45:00,DK1,33.64065,4.5,2026-08-30 08:43:34.908991
148646387858241,2026-07-23 10:00:00,2026-07-23 12:00:00,DK1,490.03217,65.55,2026-08-30 08:43:34.908991
232178161920260,2026-07-23 08:45:00,2026-07-23 10:45:00,DK1,643.73254,86.11,2026-08-30 08:43:34.908991
921524720134378,2026-07-23 07:30:00,2026-07-23 09:30:00,DK1,890.43066,119.11,2026-08-30 08:43:34.908991
800215045350942,2026-07-23 07:15:00,2026-07-23 09:15:00,DK1,1082.2571,144.77,2026-08-30 08:43:34.908991
294986417037344,2026-07-23 06:00:00,2026-07-23 08:00:00,DK1,1300.8466,174.01,2026-08-30 08:43:34.908991
673728415596278,2026-07-23 01:30:00,2026-07-23 03:30:00,DK1,985.073,131.77,2026-08-30 08:43:34.908991
530850589017018,2026-07-22 23:30:00,2026-07-23 01:30:00,DK1,1015.3496,135.82,2026-08-30 08:43:34.908991
615189594232801,2026-07-22 23:00:00,2026-07-23 01:00:00,DK1,1035.0106,138.45,2026-08-30 08:43:34.908991
315264651760154,2026-07-22 21:45:00,2026-07-22 23:45:00,DK1,989.48364,132.36,2026-08-30 08:43:34.908991
668548317857030,2026-07-22 21:15:00,2026-07-22 23:15:00,DK1,994.2681,133.0,2026-08-30 08:43:34.908991
257991969374877,2026-07-22 20:45:00,2026-07-22 22:45:00,DK1,1029.6282,137.73,2026-08-30 08:43:34.908991
6084654840632,2026-07-22 20:15:00,2026-07-22 22:15:00,DK1,1061.5494,142.0,2026-08-30 08:43:34.908991
722063735569780,2026-07-22 20:00:00,2026-07-22 22:00:00,DK1,1077.0989,144.08,2026-08-30 08:43:34.908991
405570919989022,2026-07-22 18:15:00,2026-07-22 20:15:00,DK1,1032.0951,138.06,2026-08-30 08:43:34.908991
939436365444003,2026-07-22 17:45:00,2026-07-22 19:45:00,DK1,1009.29425,135.01,2026-08-30 08:43:34.908991
764301298140486,2026-07-22 16:45:00,2026-07-22 18:45:00,DK1,981.1856,131.25,2026-08-30 08:43:34.908991
954981667603131,2026-07-22 14:45:00,2026-07-22 16:45:00,DK1,172.76343,23.11,2026-08-30 08:43:34.908991
604117888933459,2026-07-22 11:45:00,2026-07-22 13:45:00,DK1,10.017438,1.34,2026-08-30 08:43:34.908991
348776234876220,2026-07-22 11:00:00,2026-07-22 13:00:00,DK1,42.91052,5.74,2026-08-30 08:43:34.908991
683647179991077,2026-07-22 10:45:00,2026-07-22 12:45:00,DK1,40.89208,5.47,2026-08-30 08:43:34.908991
767184242872489,2026-07-22 10:30:00,2026-07-22 12:30:00,DK1,67.95411,9.09,2026-08-30 08:43:34.908991
953718879783636,2026-07-22 09:30:00,2026-07-22 11:30:00,DK1,184.87405,24.73,2026-08-30 08:43:34.908991
671837584389060,2026-07-22 09:00:00,2026-07-22 11:00:00,DK1,374.53256,50.1,2026-08-30 08:43:34.908991
479756380472098,2026-07-22 08:15:00,2026-07-22 10:15:00,DK1,519.86017,69.54,2026-08-30 08:43:34.908991
453939027872655,2026-07-22 07:30:00,2026-07-22 09:30:00,DK1,644.7791,86.25,2026-08-30 08:43:34.908991
772045834941254,2026-07-22 05:30:00,2026-07-22 07:30:00,DK1,920.7072,123.16,2026-08-30 08:43:34.908991
447538244796339,2026-07-22 05:00:00,2026-07-22 07:00:00,DK1,936.1072,125.22,2026-08-30 08:43:34.908991
114422301649723,2026-07-22 04:45:00,2026-07-22 06:45:00,DK1,918.0907,122.81,2026-08-30 08:43:34.908991
697463401599966,2026-07-22 02:45:00,2026-07-22 04:45:00,DK1,874.1336,116.93,2026-08-30 08:43:34.908991
337681026379798,2026-07-22 00:00:00,2026-07-22 02:00:00,DK1,929.30426,124.31,2026-08-30 08:43:34.908991
929563114581858,2026-07-21 23:15:00,2026-07-22 01:15:00,DK1,957.9362,128.14,2026-08-30 08:43:34.908991
801050437503312,2026-07-21 23:00:00,2026-07-22 01:00:00,DK1,970.0468,129.76,2026-08-30 08:43:34.908991
930573156594316,2026-07-21 21:15:00,2026-07-21 23:15:00,DK1,1161.0354,155.31,2026-08-30 08:43:34.908991
515646150302205,2026-07-21 20:45:00,2026-07-21 22:45:00,DK1,1158.1947,154.93,2026-08-30 08:43:34.908991
129240011936773,2026-07-21 19:15:00,2026-07-21 21:15:00,DK1,1296.6428,173.45,2026-08-30 08:43:34.908991
518200646821626,2026-07-21 17:00:00,2026-07-21 19:00:00,DK1,1056.3022,141.3,2026-08-30 08:43:34.908991
520830566438270,2026-07-21 16:00:00,2026-07-21 18:00:00,DK1,850.3495,113.75,2026-08-30 08:43:34.908991
228296265146484,2026-07-21 14:15:00,2026-07-21 16:15:00,DK1,464.60855,62.15,2026-08-30 08:43:34.908991
100595307132728,2026-07-21 13:30:00,2026-07-21 15:30:00,DK1,92.2489,12.34,2026-08-30 08:43:34.908991
946797055889834,2026-07-21 12:00:00,2026-07-21 14:00:00,DK1,19.43656,2.6,2026-08-30 08:43:34.908991
187861038887194,2026-07-21 10:45:00,2026-07-21 12:45:00,DK1,47.171036,6.31,2026-08-30 08:43:34.908991
974856552794919,2026-07-21 09:00:00,2026-07-21 11:00:00,DK1,475.14914,63.56,2026-08-30 08:43:34.908991
819138768761882,2026-07-21 08:15:00,2026-07-21 10:15:00,DK1,638.56573,85.42,2026-08-30 08:43:34.908991
454622151747456,2026-07-21 07:45:00,2026-07-21 09:45:00,DK1,590.4229,78.98,2026-08-30 08:43:34.908991
102740392088409,2026-07-21 07:30:00,2026-07-21 09:30:00,DK1,802.6552,107.37,2026-08-30 08:43:34.908991
8563628673680,2026-07-21 07:00:00,2026-07-21 09:00:00,DK1,1143.8416,153.01,2026-08-30 08:43:34.908991
738936167379023,2026-07-21 06:45:00,2026-07-21 08:45:00,DK1,938.7111,125.57,2026-08-30 08:43:34.908991
389238767385050,2026-07-21 06:30:00,2026-07-21 08:30:00,DK1,1062.7313,142.16,2026-08-30 08:43:34.908991
359301422626023,2026-07-21 06:00:00,2026-07-21 08:00:00,DK1,1231.8293,164.78,2026-08-30 08:43:34.908991
872484258383433,2026-07-21 05:00:00,2026-07-21 07:00:00,DK1,1248.4252,167.0,2026-08-30 08:43:34.908991
594267601388813,2026-07-21 04:00:00,2026-07-21 06:00:00,DK1,1158.4938,154.97,2026-08-30 08:43:34.908991
466440471187626,2026-07-21 03:30:00,2026-07-21 05:30:00,DK1,1094.0541,146.35,2026-08-30 08:43:34.908991
762357350808247,2026-07-21 02:45:00,2026-07-21 04:45:00,DK1,1071.0293,143.27,2026-08-30 08:43:34.908991
848101964833148,2026-07-21 02:00:00,2026-07-21 04:00:00,DK1,1009.43024,135.03,2026-08-30 08:43:34.908991
390942427222602,2026-07-21 01:15:00,2026-07-21 03:15:00,DK1,1029.6144,137.73,2026-08-30 08:43:34.908991
443502859555662,2026-07-21 00:30:00,2026-07-21 02:30:00,DK1,1063.8527,142.31,2026-08-30 08:43:34.908991
227633378832109,2026-07-21 00:15:00,2026-07-21 02:15:00,DK1,1072.2252,143.43,2026-08-30 08:43:34.908991
578630841532903,2026-07-21 00:00:00,2026-07-21 02:00:00,DK1,1092.1104,146.09,2026-08-30 08:43:34.908991
471364346033889,2026-07-20 23:45:00,2026-07-21 01:45:00,DK1,1091.0638,145.95,2026-08-30 08:43:34.908991
833663682155173,2026-07-20 23:00:00,2026-07-21 01:00:00,DK1,1132.7777,151.53,2026-08-30 08:43:34.908991
413219427078654,2026-07-20 21:00:00,2026-07-20 23:00:00,DK1,1257.1716,168.17,2026-08-30 08:43:34.908991
289409758998770,2026-07-20 20:15:00,2026-07-20 22:15:00,DK1,1315.556,175.98,2026-08-30 08:43:34.908991
942005740156621,2026-07-20 20:00:00,2026-07-20 22:00:00,DK1,1393.0033,186.34,2026-08-30 08:43:34.908991
804196734093416,2026-07-20 19:00:00,2026-07-20 21:00:00,DK1,1353.3079,181.03,2026-08-30 08:43:34.908991
33305843233560,2026-07-20 18:45:00,2026-07-20 20:45:00,DK1,1456.0226,194.77,2026-08-30 08:43:34.908991
687223622198582,2026-07-20 18:30:00,2026-07-20 20:30:00,DK1,1358.8398,181.77,2026-08-30 08:43:34.908991
548168686496964,2026-07-20 18:00:00,2026-07-20 20:00:00,DK1,1236.4642,165.4,2026-08-30 08:43:34.908991
670294579874025,2026-07-20 14:15:00,2026-07-20 16:15:00,DK1,39.919704,5.34,2026-08-30 08:43:34.908991
788681294605173,2026-07-20 13:30:00,2026-07-20 15:30:00,DK1,67.728935,9.06,2026-08-30 08:43:34.908991
806789856057949,2026-07-20 12:15:00,2026-07-20 14:15:00,DK1,42.311897,5.66,2026-08-30 08:43:34.908991
645074754789446,2026-07-20 11:45:00,2026-07-20 13:45:00,DK1,21.604485,2.89,2026-08-30 08:43:34.908991
24155231738953,2026-07-20 09:30:00,2026-07-20 11:30:00,DK1,90.08098,12.05,2026-08-30 08:43:34.908991
714870914410600,2026-07-20 09:15:00,2026-07-20 11:15:00,DK1,173.1349,23.16,2026-08-30 08:43:34.908991
809250646503416,2026-07-20 08:00:00,2026-07-20 10:00:00,DK1,621.22235,83.1,2026-08-30 08:43:34.908991
902164036770627,2026-07-20 07:45:00,2026-07-20 09:45:00,DK1,492.044,65.82,2026-08-30 08:43:34.908991
854102262826489,2026-07-20 04:30:00,2026-07-20 06:30:00,DK1,1124.6293,150.44,2026-08-30 08:43:34.908991
453549702182050,2026-07-20 02:30:00,2026-07-20 04:30:00,DK1,989.0966,132.31,2026-08-30 08:43:34.908991
678495271550950,2026-07-20 01:45:00,2026-07-20 03:45:00,DK1,913.96686,122.26,2026-08-30 08:43:34.908991
88731783486341,2026-07-20 01:30:00,2026-07-20 03:30:00,DK1,919.3493,122.98,2026-08-30 08:43:34.908991
858053682858417,2026-07-19 23:45:00,2026-07-20 01:45:00,DK1,971.7533,129.99,2026-08-30 08:43:34.908991
85297708347450,2026-07-19 23:15:00,2026-07-20 01:15:00,DK1,1046.6587,140.01,2026-08-30 08:43:34.908991
828549965746091,2026-07-19 22:30:00,2026-07-20 00:30:00,DK1,1052.116,140.74,2026-08-30 08:43:34.908991
669284404762589,2026-07-19 22:15:00,2026-07-20 00:15:00,DK1,1122.1624,150.11,2026-08-30 08:43:34.908991
210333417245059,2026-07-19 19:45:00,2026-07-19 21:45:00,DK1,1070.3563,143.18,2026-08-30 08:43:34.908991
567247336275658,2026-07-19 18:15:00,2026-07-19 20:15:00,DK1,1047.4064,140.11,2026-08-30 08:43:34.908991
225024721864978,2026-07-19 16:00:00,2026-07-19 18:00:00,DK1,14.9512,2.0,2026-08-30 08:43:34.908991
791867218659380,2026-07-19 15:00:00,2026-07-19 17:00:00,DK1,10.166816,1.36,2026-08-30 08:43:34.908991
29476312305763,2026-07-19 14:45:00,2026-07-19 16:45:00,DK1,18.539488,2.48,2026-08-30 08:43:34.908991
726476791245071,2026-07-19 13:00:00,2026-07-19 15:00:00,DK1,7.4756,1.0,2026-08-30 08:43:34.908991
989859269607070,2026-07-19 12:45:00,2026-07-19 14:45:00,DK1,-0.37378,-0.05,2026-08-30 08:43:34.908991
949788267644450,2026-07-19 10:00:00,2026-07-19 12:00:00,DK1,-0.37378,-0.05,2026-08-30 08:43:34.908991
528685229847150,2026-07-19 09:30:00,2026-07-19 11:30:00,DK1,-0.299024,-0.04,2026-08-30 08:43:34.908991
170874370912985,2026-07-19 08:15:00,2026-07-19 10:15:00,DK1,0.0,0.0,2026-08-30 08:43:34.908991
228325874594766,2026-07-19 06:45:00,2026-07-19 08:45:00,DK1,76.84917,10.28,2026-08-30 08:43:34.908991
720897356175454,2026-07-19 06:30:00,2026-07-19 08:30:00,DK1,222.47386,29.76,2026-08-30 08:43:34.908991
653628948730128,2026-07-19 05:00:00,2026-07-19 07:00:00,DK1,739.86017,98.97,2026-08-30 08:43:34.908991
937965944320867,2026-07-19 01:30:00,2026-07-19 03:30:00,DK1,889.0731,118.93,2026-08-30 08:43:34.908991
709036985593310,2026-07-19 01:00:00,2026-07-19 03:00:00,DK1,905.07086,121.07,2026-08-30 08:43:34.908991
13466717318000,2026-07-19 00:00:00,2026-07-19 02:00:00,DK1,953.5128,127.55,2026-08-30 08:43:34.908991
782856719047810,2026-07-18 23:15:00,2026-07-19 01:15:00,DK1,988.49854,132.23,2026-08-30 08:43:34.908991
873230809684697,2026-07-18 23:00:00,2026-07-19 01:00:00,DK1,1009.206,135.0,2026-08-30 08:43:34.908991
10074907631709,2026-07-18 22:00:00,2026-07-19 00:00:00,DK1,1088.3726,145.59,2026-08-30 08:43:34.908991
290336069993226,2026-07-18 21:30:00,2026-07-18 23:30:00,DK1,1043.1451,139.54,2026-08-30 08:43:34.908991
227025389458047,2026-07-18 20:45:00,2026-07-18 22:45:00,DK1,1045.3131,139.83,2026-08-30 08:43:34.908991
940696934099285,2026-07-18 19:15:00,2026-07-18 21:15:00,DK1,1013.7661,135.61,2026-08-30 08:43:34.908991
121446060990615,2026-07-18 18:00:00,2026-07-18 20:00:00,DK1,887.6527,118.74,2026-08-30 08:43:34.908991
644465988071818,2026-07-18 17:00:00,2026-07-18 19:00:00,DK1,654.56354,87.56,2026-08-30 08:43:34.908991
349344990195917,2026-07-18 15:45:00,2026-07-18 17:45:00,DK1,21.903507,2.93,2026-08-30 08:43:34.908991
630483585775617,2026-07-18 15:30:00,2026-07-18 17:30:00,DK1,3.7378,0.5,2026-08-30 08:43:34.908991
103847960496825,2026-07-18 14:30:00,2026-07-18 16:30:00,DK1,-0.224268,-0.03,2026-08-30 08:43:34.908991
466003137404832,2026-07-18 13:30:00,2026-07-18 15:30:00,DK1,-10.989132,-1.47,2026-08-30 08:43:34.908991
456437258565798,2026-07-18 11:30:00,2026-07-18 13:30:00,DK1,-5.158164,-0.69,2026-08-30 08:43:34.908991
495395771372831,2026-07-18 10:45:00,2026-07-18 12:45:00,DK1,-0.37378,-0.05,2026-08-30 08:43:34.908991
650173317139156,2026-07-18 09:45:00,2026-07-18 11:45:00,DK1,0.598048,0.08,2026-08-30 08:43:34.908991
225925026708778,2026-07-18 08:30:00,2026-07-18 10:30:00,DK1,37.303246,4.99,2026-08-30 08:43:34.908991
789672926989351,2026-07-18 07:00:00,2026-07-18 09:00:00,DK1,618.0078,82.67,2026-08-30 08:43:34.908991
887137074386427,2026-07-18 05:45:00,2026-07-18 07:45:00,DK1,724.2361,96.88,2026-08-30 08:43:34.908991
833092413724714,2026-07-18 05:15:00,2026-07-18 07:15:00,DK1,895.42737,119.78,2026-08-30 08:43:34.908991
838512585999336,2026-07-18 04:30:00,2026-07-18 06:30:00,DK1,906.9398,121.32,2026-08-30 08:43:34.908991
92721214970991,2026-07-18 04:00:00,2026-07-18 06:00:00,DK1,914.4902,122.33,2026-08-30 08:43:34.908991
188252808083883,2026-07-18 02:45:00,2026-07-18 04:45:00,DK1,973.92114,130.28,2026-08-30 08:43:34.908991
795524979938904,2026-07-18 01:45:00,2026-07-18 03:45:00,DK1,997.54407,133.44,2026-08-30 08:43:34.908991
182463857506435,2026-07-18 01:00:00,2026-07-18 03:00:00,DK1,1025.7272,137.21,2026-08-30 08:43:34.908991
558775536780530,2026-07-17 21:30:00,2026-07-17 23:30:00,DK1,1188.9193,159.04,2026-08-30 08:43:34.908991
302872346502690,2026-07-17 21:15:00,2026-07-17 23:15:00,DK1,1201.0299,160.66,2026-08-30 08:43:34.908991
784804464532820,2026-07-17 20:45:00,2026-07-17 22:45:00,DK1,1196.6941,160.08,2026-08-30 08:43:34.908991
682588633377060,2026-07-17 19:45:00,2026-07-17 21:45:00,DK1,1259.5638,168.49,2026-08-30 08:43:34.908991
656706686515134,2026-07-17 19:15:00,2026-07-17 21:15:00,DK1,1241.8467,166.12,2026-08-30 08:43:34.908991
644893268585431,2026-07-17 17:30:00,2026-07-17 19:30:00,DK1,1143.3182,152.94,2026-08-30 08:43:34.908991
634712343520689,2026-07-17 16:15:00,2026-07-17 18:15:00,DK1,1035.9686,138.58,2026-08-30 08:43:34.908991
390238081669204,2026-07-17 16:00:00,2026-07-17 18:00:00,DK1,922.7133,123.43,2026-08-30 08:43:34.908991
8448738126362,2026-07-17 14:15:00,2026-07-17 16:15:00,DK1,833.9032,111.55,2026-08-30 08:43:34.908991
423253696263024,2026-07-17 13:15:00,2026-07-17 15:15:00,DK1,787.1807,105.3,2026-08-30 08:43:34.908991
164427517065712,2026-07-17 12:00:00,2026-07-17 14:00:00,DK1,732.1603,97.94,2026-08-30 08:43:34.908991
804732164869734,2026-07-17 11:00:00,2026-07-17 13:00:00,DK1,739.78534,98.96,2026-08-30 08:43:34.908991
990394619887240,2026-07-17 10:00:00,2026-07-17 12:00:00,DK1,836.1459,111.85,2026-08-30 08:43:34.908991
981194955149555,2026-07-17 09:45:00,2026-07-17 11:45:00,DK1,829.04407,110.9,2026-08-30 08:43:34.908991
265408576322417,2026-07-17 09:15:00,2026-07-17 11:15:00,DK1,840.6312,112.45,2026-08-30 08:43:34.908991
598270926748079,2026-07-17 07:30:00,2026-07-17 09:30:00,DK1,1003.5993,134.25,2026-08-30 08:43:34.908991
25265075074870,2026-07-17 06:00:00,2026-07-17 08:00:00,DK1,1314.958,175.9,2026-08-30 08:43:34.908991
198799240546485,2026-07-17 05:45:00,2026-07-17 07:45:00,DK1,1128.5166,150.96,2026-08-30 08:43:34.908991
497069076405724,2026-07-17 05:15:00,2026-07-17 07:15:00,DK1,1277.0568,170.83,2026-08-30 08:43:34.908991
673466034826005,2026-07-17 04:15:00,2026-07-17 06:15:00,DK1,1255.4523,167.94,2026-08-30 08:43:34.908991
141848657020542,2026-07-17 00:15:00,2026-07-17 02:15:00,DK1,1143.7668,153.0,2026-08-30 08:43:34.908991
947638642134776,2026-07-17 00:00:00,2026-07-17 02:00:00,DK1,1173.445,156.97,2026-08-30 08:43:34.908991
279080503169779,2026-07-16 23:45:00,2026-07-17 01:45:00,DK1,1160.8112,155.28,2026-08-30 08:43:34.908991
589898318088109,2026-07-16 21:45:00,2026-07-16 23:45:00,DK1,1267.2129,169.52,2026-08-30 08:43:34.908991
183186251852798,2026-07-16 21:15:00,2026-07-16 23:15:00,DK1,1350.0392,180.6,2026-08-30 08:43:34.908991
379295209952706,2026-07-16 19:30:00,2026-07-16 21:30:00,DK1,1701.752,227.65,2026-08-30 08:43:34.908991
417115727619418,2026-07-16 19:15:00,2026-07-16 21:15:00,DK1,2046.5876,273.78,2026-08-30 08:43:34.908991
767564899945740,2026-07-16 18:30:00,2026-07-16 20:30:00,DK1,2409.2146,322.29,2026-08-30 08:43:34.908991
177861323995461,2026-07-16 18:15:00,2026-07-16 20:15:00,DK1,2242.2163,299.95,2026-08-30 08:43:34.908991
34580053654008,2026-07-16 16:45:00,2026-07-16 18:45:00,DK1,1559.9456,208.68,2026-08-30 08:43:34.908991
42410051257510,2026-07-16 13:15:00,2026-07-16 15:15:00,DK1,811.89233,108.61,2026-08-30 08:43:34.908991
875255636889736,2026-07-16 12:30:00,2026-07-16 14:30:00,DK1,724.1323,96.87,2026-08-30 08:43:34.908991
123597444739409,2026-07-16 12:15:00,2026-07-16 14:15:00,DK1,701.8559,93.89,2026-08-30 08:43:34.908991
296233820427570,2026-07-16 10:15:00,2026-07-16 12:15:00,DK1,700.7346,93.74,2026-08-30 08:43:34.908991
428369591834416,2026-07-16 10:00:00,2026-07-16 12:00:00,DK1,750.14636,100.35,2026-08-30 08:43:34.908991
307809475981438,2026-07-16 09:15:00,2026-07-16 11:15:00,DK1,816.826,109.27,2026-08-30 08:43:34.908991
731067517418449,2026-07-16 09:00:00,2026-07-16 11:00:00,DK1,847.4748,113.37,2026-08-30 08:43:34.908991
120870436443489,2026-07-16 08:30:00,2026-07-16 10:30:00,DK1,827.21674,110.66,2026-08-30 08:43:34.908991
509480167370502,2026-07-16 08:00:00,2026-07-16 10:00:00,DK1,1041.9073,139.38,2026-08-30 08:43:34.908991
878859303509547,2026-07-16 07:45:00,2026-07-16 09:45:00,DK1,929.40405,124.33,2026-08-30 08:43:34.908991
425993446432853,2026-07-16 06:45:00,2026-07-16 08:45:00,DK1,1023.0696,136.86,2026-08-30 08:43:34.908991
20843945459270,2026-07-16 04:00:00,2026-07-16 06:00:00,DK1,1300.9264,174.03,2026-08-30 08:43:34.908991
465663744381007,2026-07-16 03:00:00,2026-07-16 05:00:00,DK1,1160.9141,155.3,2026-08-30 08:43:34.908991
802007398935424,2026-07-16 00:15:00,2026-07-16 02:15:00,DK1,1156.2046,154.67,2026-08-30 08:43:34.908991
583696173670065,2026-07-15 23:00:00,2026-07-16 01:00:00,DK1,1211.2229,162.03,2026-08-30 08:43:34.908991
439379167199847,2026-07-15 22:45:00,2026-07-16 00:45:00,DK1,1181.0974,158.0,2026-08-30 08:43:34.908991
545519430752001,2026-07-15 20:45:00,2026-07-15 22:45:00,DK1,1312.9045,175.63,2026-08-30 08:43:34.908991
296076922779436,2026-07-15 19:15:00,2026-07-15 21:15:00,DK1,1466.0754,196.12,2026-08-30 08:43:34.908991
48190478739333,2026-07-15 18:45:00,2026-07-15 20:45:00,DK1,1625.3015,217.42,2026-08-30 08:43:34.908991
983715478139730,2026-07-15 18:00:00,2026-07-15 20:00:00,DK1,1476.3915,197.5,2026-08-30 08:43:34.908991
101729705314715,2026-07-15 17:15:00,2026-07-15 19:15:00,DK1,1255.9419,168.01,2026-08-30 08:43:34.908991
907457714467421,2026-07-15 17:00:00,2026-07-15 19:00:00,DK1,1139.1014,152.38,2026-08-30 08:43:34.908991
432181011833945,2026-07-15 16:30:00,2026-07-15 18:30:00,DK1,1099.4818,147.08,2026-08-30 08:43:34.908991
7569356966632,2026-07-15 12:00:00,2026-07-15 14:00:00,DK1,428.04138,57.26,2026-08-30 08:43:34.908991
677506392385466,2026-07-15 11:15:00,2026-07-15 13:15:00,DK1,481.49054,64.41,2026-08-30 08:43:34.908991
374647503503092,2026-07-15 10:30:00,2026-07-15 12:30:00,DK1,485.22824,64.91,2026-08-30 08:43:34.908991
381932083251047,2026-07-15 09:15:00,2026-07-15 11:15:00,DK1,745.52167,99.73,2026-08-30 08:43:34.908991
716247879799081,2026-07-15 09:00:00,2026-07-15 11:00:00,DK1,772.65735,103.36,2026-08-30 08:43:34.908991
669245315625029,2026-07-15 08:45:00,2026-07-15 10:45:00,DK1,733.18726,98.08,2026-08-30 08:43:34.908991
106446286478473,2026-07-15 07:30:00,2026-07-15 09:30:00,DK1,974.49316,130.36,2026-08-30 08:43:34.908991
838115105474321,2026-07-15 06:30:00,2026-07-15 08:30:00,DK1,1143.1382,152.92,2026-08-30 08:43:34.908991
297360190933443,2026-07-15 06:00:00,2026-07-15 08:00:00,DK1,1250.4849,167.28,2026-08-30 08:43:34.908991
911471464681940,2026-07-15 04:45:00,2026-07-15 06:45:00,DK1,1219.2378,163.1,2026-08-30 08:43:34.908991
35885069105566,2026-07-15 04:00:00,2026-07-15 06:00:00,DK1,1219.3872,163.12,2026-08-30 08:43:34.908991
247474300457211,2026-07-15 03:15:00,2026-07-15 05:15:00,DK1,1096.4169,146.67,2026-08-30 08:43:34.908991
617292899218434,2026-07-15 02:30:00,2026-07-15 04:30:00,DK1,1044.9861,139.79,2026-08-30 08:43:34.908991
667898772958429,2026-07-15 02:15:00,2026-07-15 04:15:00,DK1,1030.3344,137.83,2026-08-30 08:43:34.908991
409144023563226,2026-07-15 02:00:00,2026-07-15 04:00:00,DK1,1020.3921,136.5,2026-08-30 08:43:34.908991
464911975291560,2026-07-15 01:30:00,2026-07-15 03:30:00,DK1,1014.7108,135.74,2026-08-30 08:43:34.908991
664526245231196,2026-07-15 00:45:00,2026-07-15 02:45:00,DK1,1026.9705,137.38,2026-08-30 08:43:34.908991
55461928209762,2026-07-15 00:00:00,2026-07-15 02:00:00,DK1,1056.9468,141.39,2026-08-30 08:43:34.908991
595908649587935,2026-07-14 21:45:00,2026-07-14 23:45:00,DK1,1078.3867,144.26,2026-08-30 08:43:34.908991
843995907247886,2026-07-14 19:15:00,2026-07-14 21:15:00,DK1,1303.0944,174.32,2026-08-30 08:43:34.908991
285319056275621,2026-07-14 18:45:00,2026-07-14 20:45:00,DK1,1386.1448,185.43,2026-08-30 08:43:34.908991
151251571755976,2026-07-14 18:30:00,2026-07-14 20:30:00,DK1,1379.0433,184.48,2026-08-30 08:43:34.908991
389960160864799,2026-07-14 16:30:00,2026-07-14 18:30:00,DK1,1042.3558,139.44,2026-08-30 08:43:34.908991
807028327011507,2026-07-14 14:45:00,2026-07-14 16:45:00,DK1,784.5327,104.95,2026-08-30 08:43:34.908991
888585023435200,2026-07-14 13:30:00,2026-07-14 15:30:00,DK1,523.4205,70.02,2026-08-30 08:43:34.908991
86963712103755,2026-07-14 12:30:00,2026-07-14 14:30:00,DK1,403.1429,53.93,2026-08-30 08:43:34.908991
752620883667922,2026-07-14 07:45:00,2026-07-14 09:45:00,DK1,825.0489,110.37,2026-08-30 08:43:34.908991
858866499039467,2026-07-14 07:30:00,2026-07-14 09:30:00,DK1,869.07837,116.26,2026-08-30 08:43:34.908991
903823837907761,2026-07-14 07:00:00,2026-07-14 09:00:00,DK1,1011.0343,135.25,2026-08-30 08:43:34.908991
518093939517326,2026-07-14 05:30:00,2026-07-14 07:30:00,DK1,1125.3317,150.54,2026-08-30 08:43:34.908991
285466990016391,2026-07-14 04:15:00,2026-07-14 06:15:00,DK1,1070.8367,143.25,2026-08-30 08:43:34.908991
486748597759084,2026-07-14 03:45:00,2026-07-14 05:45:00,DK1,1043.5519,139.6,2026-08-30 08:43:34.908991
331961547700029,2026-07-14 03:15:00,2026-07-14 05:15:00,DK1,996.308,133.28,2026-08-30 08:43:34.908991
786380695233460,2026-07-14 00:45:00,2026-07-14 02:45:00,DK1,939.6452,125.7,2026-08-30 08:43:34.908991
457823180136756,2026-07-14 00:15:00,2026-07-14 02:15:00,DK1,947.19525,126.71,2026-08-30 08:43:34.908991
787765127561938,2026-07-13 23:45:00,2026-07-14 01:45:00,DK1,966.33203,129.27,2026-08-30 08:43:34.908991
191262630903555,2026-07-13 22:15:00,2026-07-14 00:15:00,DK1,1054.9143,141.12,2026-08-30 08:43:34.908991
232198358195188,2026-07-13 21:45:00,2026-07-13 23:45:00,DK1,1038.9503,138.99,2026-08-30 08:43:34.908991
911781306962760,2026-07-13 20:30:00,2026-07-13 22:30:00,DK1,1173.575,157.0,2026-08-30 08:43:34.908991
325889994948629,2026-07-13 17:00:00,2026-07-13 19:00:00,DK1,1112.579,148.84,2026-08-30 08:43:34.908991
958107920113837,2026-07-13 16:30:00,2026-07-13 18:30:00,DK1,1063.6177,142.29,2026-08-30 08:43:34.908991
946816673475364,2026-07-13 13:15:00,2026-07-13 15:15:00,DK1,419.34747,56.1,2026-08-30 08:43:34.908991
85035309211584,2026-07-13 12:30:00,2026-07-13 14:30:00,DK1,404.0985,54.06,2026-08-30 08:43:34.908991
612940932551252,2026-07-13 11:45:00,2026-07-13 13:45:00,DK1,415.7595,55.62,2026-08-30 08:43:34.908991
363560319893973,2026-07-13 08:15:00,2026-07-13 10:15:00,DK1,774.709,103.64,2026-08-30 08:43:34.908991
988973054559043,2026-07-13 08:00:00,2026-07-13 10:00:00,DK1,889.45026,118.99,2026-08-30 08:43:34.908991
843691264904807,2026-07-13 07:00:00,2026-07-13 09:00:00,DK1,1068.5513,142.95,2026-08-30 08:43:34.908991
840724529602838,2026-07-13 06:00:00,2026-07-13 08:00:00,DK1,1132.014,151.44,2026-08-30 08:43:34.908991
455835939997826,2026-07-13 05:45:00,2026-07-13 07:45:00,DK1,1072.7372,143.51,2026-08-30 08:43:34.908991
528635794731846,2026-07-13 05:00:00,2026-07-13 07:00:00,DK1,1251.614,167.44,2026-08-30 08:43:34.908991
962849824275990,2026-07-13 04:15:00,2026-07-13 06:15:00,DK1,1133.2101,151.6,2026-08-30 08:43:34.908991
273860211117188,2026-07-13 03:30:00,2026-07-13 05:30:00,DK1,1022.13153,136.74,2026-08-30 08:43:34.908991
632567562257380,2026-07-13 01:15:00,2026-07-13 03:15:00,DK1,897.0,120.0,2026-08-30 08:43:34.908991
347748964178289,2026-07-13 00:30:00,2026-07-13 02:30:00,DK1,889.226,118.96,2026-08-30 08:43:34.908991
193316105167306,2026-07-12 22:15:00,2026-07-13 00:15:00,DK1,971.75,130.0,2026-08-30 08:43:34.908991
312354093455328,2026-07-12 21:30:00,2026-07-12 23:30:00,DK1,1035.0771,138.47,2026-08-30 08:43:34.908991
538258556986261,2026-07-12 20:45:00,2026-07-12 22:45:00,DK1,1047.112,140.08,2026-08-30 08:43:34.908991
367593979719422,2026-07-12 19:30:00,2026-07-12 21:30:00,DK1,1090.8413,145.93,2026-08-30 08:43:34.908991
936087405428438,2026-07-12 19:15:00,2026-07-12 21:15:00,DK1,1083.441,144.94,2026-08-30 08:43:34.908991
885202639006429,2026-07-12 19:00:00,2026-07-12 21:00:00,DK1,1047.2616,140.1,2026-08-30 08:43:34.908991
326441532295241,2026-07-12 18:30:00,2026-07-12 20:30:00,DK1,1056.1569,141.29,2026-08-30 08:43:34.908991
341434961623346,2026-07-12 18:15:00,2026-07-12 20:15:00,DK1,1049.0555,140.34,2026-08-30 08:43:34.908991
577221825668252,2026-07-12 15:30:00,2026-07-12 17:30:00,DK1,55.9885,7.49,2026-08-30 08:43:34.908991
245327878189797,2026-07-12 14:45:00,2026-07-12 16:45:00,DK1,0.74751,0.1,2026-08-30 08:43:34.908991
758433334746663,2026-07-12 12:15:00,2026-07-12 14:15:00,DK1,-0.598008,-0.08,2026-08-30 08:43:34.908991
337880706771522,2026-07-12 11:00:00,2026-07-12 13:00:00,DK1,-0.672759,-0.09,2026-08-30 08:43:34.908991
721638154747556,2026-07-12 10:15:00,2026-07-12 12:15:00,DK1,-1.046514,-0.14,2026-08-30 08:43:34.908991
840467441502233,2026-07-12 09:30:00,2026-07-12 11:30:00,DK1,0.0,0.0,2026-08-30 08:43:34.908991
654391864029919,2026-07-12 07:15:00,2026-07-12 09:15:00,DK1,11.511654,1.54,2026-08-30 08:43:34.908991
21223381300311,2026-07-12 05:45:00,2026-07-12 07:45:00,DK1,577.6757,77.28,2026-08-30 08:43:34.908991
861076761837548,2026-07-12 05:00:00,2026-07-12 07:00:00,DK1,839.52844,112.31,2026-08-30 08:43:34.908991
268222074655970,2026-07-12 04:45:00,2026-07-12 06:45:00,DK1,788.4736,105.48,2026-08-30 08:43:34.908991
754135605955633,2026-07-12 04:00:00,2026-07-12 06:00:00,DK1,886.8459,118.64,2026-08-30 08:43:34.908991
759907537327056,2026-07-12 03:30:00,2026-07-12 05:30:00,DK1,901.0486,120.54,2026-08-30 08:43:34.908991
906507851158736,2026-07-12 02:15:00,2026-07-12 04:15:00,DK1,921.1566,123.23,2026-08-30 08:43:34.908991
215578173394230,2026-07-12 01:30:00,2026-07-12 03:30:00,DK1,918.31604,122.85,2026-08-30 08:43:34.908991
727926922584387,2026-07-12 01:15:00,2026-07-12 03:15:00,DK1,956.2148,127.92,2026-08-30 08:43:34.908991
505953665665595,2026-07-12 00:30:00,2026-07-12 02:30:00,DK1,932.8925,124.8,2026-08-30 08:43:34.908991
870788019340633,2026-07-11 23:30:00,2026-07-12 01:30:00,DK1,981.7796,131.34,2026-08-30 08:43:34.908991
116314692219501,2026-07-11 22:00:00,2026-07-12 00:00:00,DK1,1050.3263,140.51,2026-08-30 08:43:34.908991
406536107512524,2026-07-11 20:45:00,2026-07-11 22:45:00,DK1,1113.4161,148.95,2026-08-30 08:43:34.908991
517090264433658,2026-07-11 20:00:00,2026-07-11 22:00:00,DK1,1196.0907,160.01,2026-08-30 08:43:34.908991
853824617084446,2026-07-11 19:00:00,2026-07-11 21:00:00,DK1,1169.9279,156.51,2026-08-30 08:43:34.908991
582101600762012,2026-07-11 18:45:00,2026-07-11 20:45:00,DK1,1155.5757,154.59,2026-08-30 08:43:34.908991
1553845255624,2026-07-11 15:45:00,2026-07-11 17:45:00,DK1,926.1649,123.9,2026-08-30 08:43:34.908991
351109541184662,2026-07-11 12:45:00,2026-07-11 14:45:00,DK1,30.64791,4.1,2026-08-30 08:43:34.908991
232038426022528,2026-07-11 12:30:00,2026-07-11 14:30:00,DK1,37.30075,4.99,2026-08-30 08:43:34.908991
895746693937749,2026-07-11 12:15:00,2026-07-11 14:15:00,DK1,37.30075,4.99,2026-08-30 08:43:34.908991
471524830689370,2026-07-11 11:45:00,2026-07-11 13:45:00,DK1,37.3755,5.0,2026-08-30 08:43:34.908991
900797809929022,2026-07-11 10:30:00,2026-07-11 12:30:00,DK1,47.16788,6.31,2026-08-30 08:43:34.908991
267593255072423,2026-07-11 10:00:00,2026-07-11 12:00:00,DK1,56.06325,7.5,2026-08-30 08:43:34.908991
450027948277217,2026-07-11 09:15:00,2026-07-11 11:15:00,DK1,59.726048,7.99,2026-08-30 08:43:34.908991
900556073066381,2026-07-11 06:15:00,2026-07-11 08:15:00,DK1,926.53864,123.95,2026-08-30 08:43:34.908991
122216620041621,2026-07-11 05:00:00,2026-07-11 07:00:00,DK1,984.1717,131.66,2026-08-30 08:43:34.908991
605791988889417,2026-07-11 03:30:00,2026-07-11 05:30:00,DK1,1045.2433,139.83,2026-08-30 08:43:34.908991
303124384050557,2026-07-11 02:00:00,2026-07-11 04:00:00,DK1,1064.6785,142.43,2026-08-30 08:43:34.908991
729454990473381,2026-07-11 00:45:00,2026-07-11 02:45:00,DK1,1048.607,140.28,2026-08-30 08:43:34.908991
301252297834171,2026-07-11 00:15:00,2026-07-11 02:15:00,DK1,1051.8214,140.71,2026-08-30 08:43:34.908991
123410579772954,2026-07-10 23:30:00,2026-07-11 01:30:00,DK1,1083.74,144.98,2026-08-30 08:43:34.908991
293281314343871,2026-07-10 23:15:00,2026-07-11 01:15:00,DK1,1083.8895,145.0,2026-08-30 08:43:34.908991
909790832538324,2026-07-10 23:00:00,2026-07-11 01:00:00,DK1,1085.6088,145.23,2026-08-30 08:43:34.908991
700099692756180,2026-07-10 20:45:00,2026-07-10 22:45:00,DK1,1207.9014,161.59,2026-08-30 08:43:34.908991
408056595333762,2026-07-10 20:30:00,2026-07-10 22:30:00,DK1,1259.9281,168.55,2026-08-30 08:43:34.908991
962372919926417,2026-07-10 18:45:00,2026-07-10 20:45:00,DK1,1459.2891,195.22,2026-08-30 08:43:34.908991
107874180304995,2026-07-10 18:30:00,2026-07-10 20:30:00,DK1,1444.862,193.29,2026-08-30 08:43:34.908991
187560163662386,2026-07-10 17:45:00,2026-07-10 19:45:00,DK1,1435.294,192.01,2026-08-30 08:43:34.908991
846755160668936,2026-07-10 17:15:00,2026-07-10 19:15:00,DK1,1129.1139,151.05,2026-08-30 08:43:34.908991
680185564270722,2026-07-10 16:00:00,2026-07-10 18:00:00,DK1,817.5517,109.37,2026-08-30 08:43:34.908991
772873534076862,2026-07-10 15:00:00,2026-07-10 17:00:00,DK1,774.6446,103.63,2026-08-30 08:43:34.908991
321697101339064,2026-07-10 13:30:00,2026-07-10 15:30:00,DK1,491.9363,65.81,2026-08-30 08:43:34.908991
285378136777347,2026-07-10 13:15:00,2026-07-10 15:15:00,DK1,417.33484,55.83,2026-08-30 08:43:34.908991
815594772906096,2026-07-10 13:00:00,2026-07-10 15:00:00,DK1,345.57388,46.23,2026-08-30 08:43:34.908991
40474696293493,2026-07-10 11:15:00,2026-07-10 13:15:00,DK1,291.5289,39.0,2026-08-30 08:43:34.908991
657866899460131,2026-07-10 08:30:00,2026-07-10 10:30:00,DK1,705.2757,94.35,2026-08-30 08:43:34.908991
329126206239238,2026-07-10 08:15:00,2026-07-10 10:15:00,DK1,819.3457,109.61,2026-08-30 08:43:34.908991
296104880790785,2026-07-10 07:45:00,2026-07-10 09:45:00,DK1,782.2692,104.65,2026-08-30 08:43:34.908991
117009447606196,2026-07-10 04:00:00,2026-07-10 06:00:00,DK1,1098.466,146.95,2026-08-30 08:43:34.908991
648573978389450,2026-07-10 03:00:00,2026-07-10 05:00:00,DK1,1048.9061,140.32,2026-08-30 08:43:34.908991
807541202720970,2026-07-10 02:45:00,2026-07-10 04:45:00,DK1,1045.6918,139.89,2026-08-30 08:43:34.908991
246464265034451,2026-07-10 00:15:00,2026-07-10 02:15:00,DK1,1055.1852,141.16,2026-08-30 08:43:34.908991
385716231504621,2026-07-09 23:00:00,2026-07-10 01:00:00,DK1,1118.3497,149.61,2026-08-30 08:43:34.908991
432096022759797,2026-07-09 22:15:00,2026-07-10 00:15:00,DK1,1156.0242,154.65,2026-08-30 08:43:34.908991
7531325124367,2026-07-09 22:00:00,2026-07-10 00:00:00,DK1,1259.2554,168.46,2026-08-30 08:43:34.908991
550670180430812,2026-07-09 20:00:00,2026-07-09 22:00:00,DK1,1580.8765,211.48,2026-08-30 08:43:34.908991
912638483259773,2026-07-09 19:45:00,2026-07-09 21:45:00,DK1,1445.8726,193.42,2026-08-30 08:43:34.908991
938943478338059,2026-07-09 19:30:00,2026-07-09 21:30:00,DK1,1573.6254,210.51,2026-08-30 08:43:34.908991
978347233680741,2026-07-09 19:00:00,2026-07-09 21:00:00,DK1,1781.2892,238.29,2026-08-30 08:43:34.908991
955129972135922,2026-07-09 18:30:00,2026-07-09 20:30:00,DK1,1701.9015,227.67,2026-08-30 08:43:34.908991
322139679620339,2026-07-09 18:15:00,2026-07-09 20:15:00,DK1,1516.6636,202.89,2026-08-30 08:43:34.908991
245344770131060,2026-07-09 17:15:00,2026-07-09 19:15:00,DK1,1145.216,153.2,2026-08-30 08:43:34.908991
320873000466320,2026-07-09 14:30:00,2026-07-09 16:30:00,DK1,669.48785,89.56,2026-08-30 08:43:34.908991
330551113505878,2026-07-09 14:15:00,2026-07-09 16:15:00,DK1,601.6122,80.48,2026-08-30 08:43:34.908991
121590501250006,2026-07-09 13:45:00,2026-07-09 15:45:00,DK1,575.8223,77.03,2026-08-30 08:43:34.908991
145711284396056,2026-07-09 12:45:00,2026-07-09 14:45:00,DK1,333.32364,44.59,2026-08-30 08:43:34.908991
82026545797237,2026-07-09 12:15:00,2026-07-09 14:15:00,DK1,275.3153,36.83,2026-08-30 08:43:34.908991
454681286041764,2026-07-09 10:15:00,2026-07-09 12:15:00,DK1,541.9592,72.5,2026-08-30 08:43:34.908991
420286637803235,2026-07-09 10:00:00,2026-07-09 12:00:00,DK1,651.6219,87.17,2026-08-30 08:43:34.908991
991712614749802,2026-07-09 07:30:00,2026-07-09 09:30:00,DK1,857.9402,114.77,2026-08-30 08:43:34.908991
966387511821432,2026-07-09 06:45:00,2026-07-09 08:45:00,DK1,930.5254,124.48,2026-08-30 08:43:34.908991
947939346288026,2026-07-09 06:15:00,2026-07-09 08:15:00,DK1,1046.243,139.96,2026-08-30 08:43:34.908991
503108731749237,2026-07-09 04:30:00,2026-07-09 06:30:00,DK1,1125.4065,150.55,2026-08-30 08:43:34.908991
749396957599717,2026-07-09 03:00:00,2026-07-09 05:00:00,DK1,953.84827,127.6,2026-08-30 08:43:34.908991
230063985988981,2026-07-09 02:15:00,2026-07-09 04:15:00,DK1,924.2461,123.64,2026-08-30 08:43:34.908991
336872089068505,2026-07-09 01:00:00,2026-07-09 03:00:00,DK1,931.79614,124.65,2026-08-30 08:43:34.908991
922984839657843,2026-07-09 00:45:00,2026-07-09 02:45:00,DK1,946.44775,126.61,2026-08-30 08:43:34.908991
515063760756708,2026-07-09 00:30:00,2026-07-09 02:30:00,DK1,948.83984,126.93,2026-08-30 08:43:34.908991
825961745937203,2026-07-08 23:30:00,2026-07-09 01:30:00,DK1,977.69446,130.79,2026-08-30 08:43:34.908991
196380120513856,2026-07-08 20:30:00,2026-07-08 22:30:00,DK1,1181.9355,158.11,2026-08-30 08:43:34.908991
577240752647945,2026-07-08 20:15:00,2026-07-08 22:15:00,DK1,1219.6115,163.15,2026-08-30 08:43:34.908991
201358139273499,2026-07-08 19:45:00,2026-07-08 21:45:00,DK1,1179.6182,157.8,2026-08-30 08:43:34.908991
110309165027411,2026-07-08 19:15:00,2026-07-08 21:15:00,DK1,1203.3899,160.98,2026-08-30 08:43:34.908991
800071092733753,2026-07-08 18:15:00,2026-07-08 20:15:00,DK1,1070.4026,143.19,2026-08-30 08:43:34.908991
186556049128273,2026-07-08 17:45:00,2026-07-08 19:45:00,DK1,989.81775,132.41,2026-08-30 08:43:34.908991
22052460126033,2026-07-08 14:30:00,2026-07-08 16:30:00,DK1,392.68277,52.53,2026-08-30 08:43:34.908991
468079963158096,2026-07-08 14:15:00,2026-07-08 16:15:00,DK1,156.1611,20.89,2026-08-30 08:43:34.908991
55280088829636,2026-07-08 12:30:00,2026-07-08 14:30:00,DK1,100.9179,13.5,2026-08-30 08:43:34.908991
182283719837947,2026-07-08 12:00:00,2026-07-08 14:00:00,DK1,89.03201,11.91,2026-08-30 08:43:34.908991
7939833446314,2026-07-08 11:45:00,2026-07-08 13:45:00,DK1,92.09693,12.32,2026-08-30 08:43:34.908991
440860403744867,2026-07-08 10:45:00,2026-07-08 12:45:00,DK1,267.46982,35.78,2026-08-30 08:43:34.908991
93229357220,2026-07-08 08:00:00,2026-07-08 10:00:00,DK1,605.2084,80.96,2026-08-30 08:43:34.908991
94164896250426,2026-07-08 06:30:00,2026-07-08 08:30:00,DK1,701.64105,93.86,2026-08-30 08:43:34.908991
152423712799757,2026-07-08 06:15:00,2026-07-08 08:15:00,DK1,771.835,103.25,2026-08-30 08:43:34.908991
814377578467726,2026-07-08 05:45:00,2026-07-08 07:45:00,DK1,773.4797,103.47,2026-08-30 08:43:34.908991
21223845677437,2026-07-08 04:30:00,2026-07-08 06:30:00,DK1,834.55365,111.64,2026-08-30 08:43:34.908991
460196295353711,2026-07-08 04:15:00,2026-07-08 06:15:00,DK1,847.1871,113.33,2026-08-30 08:43:34.908991
706976558311616,2026-07-08 03:00:00,2026-07-08 05:00:00,DK1,783.1229,104.76,2026-08-30 08:43:34.908991
22545950228646,2026-07-08 02:30:00,2026-07-08 04:30:00,DK1,810.2586,108.39,2026-08-30 08:43:34.908991
759184366393696,2026-07-08 01:15:00,2026-07-08 03:15:00,DK1,763.98584,102.2,2026-08-30 08:43:34.908991
939570217225168,2026-07-08 00:30:00,2026-07-08 02:30:00,DK1,745.1479,99.68,2026-08-30 08:43:34.908991
985117378879383,2026-07-07 23:15:00,2026-07-08 01:15:00,DK1,743.65283,99.48,2026-08-30 08:43:34.908991
174495364149114,2026-07-07 22:30:00,2026-07-08 00:30:00,DK1,767.20026,102.63,2026-08-30 08:43:34.908991
595735697240970,2026-07-07 20:45:00,2026-07-07 22:45:00,DK1,597.968,80.0,2026-08-30 08:43:34.908991
764896648153640,2026-07-07 19:15:00,2026-07-07 21:15:00,DK1,643.7126,86.12,2026-08-30 08:43:34.908991
208135908308358,2026-07-07 19:00:00,2026-07-07 21:00:00,DK1,640.7975,85.73,2026-08-30 08:43:34.908991
262103531416443,2026-07-07 18:45:00,2026-07-07 20:45:00,DK1,662.2496,88.6,2026-08-30 08:43:34.908991
294449083760933,2026-07-07 16:45:00,2026-07-07 18:45:00,DK1,567.5464,75.93,2026-08-30 08:43:34.908991
50739440496828,2026-07-07 15:30:00,2026-07-07 17:30:00,DK1,25.712624,3.44,2026-08-30 08:43:34.908991
386943319409714,2026-07-07 14:00:00,2026-07-07 16:00:00,DK1,12.482582,1.67,2026-08-30 08:43:34.908991
690169285024750,2026-07-07 13:00:00,2026-07-07 15:00:00,DK1,-0.149492,-0.02,2026-08-30 08:43:34.908991
256284879109751,2026-07-07 12:45:00,2026-07-07 14:45:00,DK1,-0.149492,-0.02,2026-08-30 08:43:34.908991
724791529903374,2026-07-07 12:30:00,2026-07-07 14:30:00,DK1,-0.074746,-0.01,2026-08-30 08:43:34.908991
480074379017670,2026-07-07 10:00:00,2026-07-07 12:00:00,DK1,12.781566,1.71,2026-08-30 08:43:34.908991
259536708559175,2026-07-07 08:45:00,2026-07-07 10:45:00,DK1,38.419445,5.14,2026-08-30 08:43:34.908991
94141964849860,2026-07-07 08:15:00,2026-07-07 10:15:00,DK1,433.00357,57.93,2026-08-30 08:43:34.908991
665024477855780,2026-07-07 08:00:00,2026-07-07 10:00:00,DK1,645.58124,86.37,2026-08-30 08:43:34.908991
136929178057526,2026-07-07 07:45:00,2026-07-07 09:45:00,DK1,472.91794,63.27,2026-08-30 08:43:34.908991
34958930858110,2026-07-07 07:00:00,2026-07-07 09:00:00,DK1,911.8264,121.99,2026-08-30 08:43:34.908991
176267369805103,2026-07-07 06:30:00,2026-07-07 08:30:00,DK1,736.7713,98.57,2026-08-30 08:43:34.908991
964502486023807,2026-07-07 06:15:00,2026-07-07 08:15:00,DK1,763.60516,102.16,2026-08-30 08:43:34.908991
433892581562339,2026-07-07 05:15:00,2026-07-07 07:15:00,DK1,828.7089,110.87,2026-08-30 08:43:34.908991
61985252340647,2026-07-07 05:00:00,2026-07-07 07:00:00,DK1,829.7554,111.01,2026-08-30 08:43:34.908991
393234442122891,2026-07-07 03:30:00,2026-07-07 05:30:00,DK1,715.54346,95.73,2026-08-30 08:43:34.908991
445085356319833,2026-07-07 02:30:00,2026-07-07 04:30:00,DK1,704.70526,94.28,2026-08-30 08:43:34.908991
332140768336740,2026-07-07 02:00:00,2026-07-07 04:00:00,DK1,723.0928,96.74,2026-08-30 08:43:34.908991
42817630612914,2026-07-07 01:30:00,2026-07-07 03:30:00,DK1,736.99554,98.6,2026-08-30 08:43:34.908991
994774591703240,2026-07-07 01:15:00,2026-07-07 03:15:00,DK1,735.57544,98.41,2026-08-30 08:43:34.908991
702214415139727,2026-07-07 01:00:00,2026-07-07 03:00:00,DK1,728.923,97.52,2026-08-30 08:43:34.908991
553355495302953,2026-07-07 00:15:00,2026-07-07 02:15:00,DK1,787.1501,105.31,2026-08-30 08:43:34.908991
574455400552799,2026-07-06 23:45:00,2026-07-07 01:45:00,DK1,797.9136,106.75,2026-08-30 08:43:34.908991
990474642010510,2026-07-06 23:00:00,2026-07-07 01:00:00,DK1,819.81415,109.68,2026-08-30 08:43:34.908991
903243388917461,2026-07-06 21:30:00,2026-07-06 23:30:00,DK1,896.079,119.88,2026-08-30 08:43:34.908991
159037650286486,2026-07-06 21:00:00,2026-07-06 23:00:00,DK1,931.8086,124.66,2026-08-30 08:43:34.908991
604735624442103,2026-07-06 19:15:00,2026-07-06 21:15:00,DK1,988.1685,132.2,2026-08-30 08:43:34.908991
622164305435642,2026-07-06 17:15:00,2026-07-06 19:15:00,DK1,825.0684,110.38,2026-08-30 08:43:34.908991
525148745522536,2026-07-06 17:00:00,2026-07-06 19:00:00,DK1,760.1124,101.69,2026-08-30 08:43:34.908991
407559565971240,2026-07-06 16:15:00,2026-07-06 18:15:00,DK1,708.46155,94.78,2026-08-30 08:43:34.908991
112391126961955,2026-07-06 13:15:00,2026-07-06 15:15:00,DK1,118.17659,15.81,2026-08-30 08:43:34.908991
528069172603923,2026-07-06 11:30:00,2026-07-06 13:30:00,DK1,182.31036,24.39,2026-08-30 08:43:34.908991
591889190386105,2026-07-06 10:45:00,2026-07-06 12:45:00,DK1,199.35292,26.67,2026-08-30 08:43:34.908991
148164524147975,2026-07-06 10:30:00,2026-07-06 12:30:00,DK1,284.78986,38.1,2026-08-30 08:43:34.908991
817298781160109,2026-07-06 08:30:00,2026-07-06 10:30:00,DK1,628.03265,84.02,2026-08-30 08:43:34.908991
131328121403668,2026-07-06 08:00:00,2026-07-06 10:00:00,DK1,883.67084,118.22,2026-08-30 08:43:34.908991
116130792281158,2026-07-06 06:45:00,2026-07-06 08:45:00,DK1,895.03253,119.74,2026-08-30 08:43:34.908991
149342930628655,2026-07-06 06:15:00,2026-07-06 08:15:00,DK1,1022.2536,136.76,2026-08-30 08:43:34.908991
352422384168920,2026-07-06 04:15:00,2026-07-06 06:15:00,DK1,1035.185,138.49,2026-08-30 08:43:34.908991
721532731616206,2026-07-06 04:00:00,2026-07-06 06:00:00,DK1,965.29565,129.14,2026-08-30 08:43:34.908991
957643391586138,2026-07-06 03:45:00,2026-07-06 05:45:00,DK1,967.7624,129.47,2026-08-30 08:43:34.908991
993602653891024,2026-07-06 03:15:00,2026-07-06 05:15:00,DK1,868.5717,116.2,2026-08-30 08:43:34.908991
42949560528051,2026-07-06 02:30:00,2026-07-06 04:30:00,DK1,863.7879,115.56,2026-08-30 08:43:34.908991
844552603814236,2026-07-06 02:00:00,2026-07-06 04:00:00,DK1,842.6342,112.73,2026-08-30 08:43:34.908991
453446352751962,2026-07-06 01:45:00,2026-07-06 03:45:00,DK1,856.31305,114.56,2026-08-30 08:43:34.908991
339832821592878,2026-07-06 01:15:00,2026-07-06 03:15:00,DK1,845.39984,113.1,2026-08-30 08:43:34.908991
606801539705244,2026-07-06 01:00:00,2026-07-06 03:00:00,DK1,853.92114,114.24,2026-08-30 08:43:34.908991
295112091283209,2026-07-06 00:45:00,2026-07-06 02:45:00,DK1,850.707,113.81,2026-08-30 08:43:34.908991
423618197012491,2026-07-06 00:15:00,2026-07-06 02:15:00,DK1,889.94965,119.06,2026-08-30 08:43:34.908991
868046316565983,2026-07-05 22:30:00,2026-07-06 00:30:00,DK1,964.1745,128.99,2026-08-30 08:43:34.908991
131768253613091,2026-07-05 21:15:00,2026-07-05 23:15:00,DK1,801.35187,107.21,2026-08-30 08:43:34.908991
791648172246747,2026-07-05 19:00:00,2026-07-05 21:00:00,DK1,794.69946,106.32,2026-08-30 08:43:34.908991
9577329220151,2026-07-05 18:45:00,2026-07-05 20:45:00,DK1,600.06085,80.28,2026-08-30 08:43:34.908991
348289512241929,2026-07-05 16:30:00,2026-07-05 18:30:00,DK1,112.119,15.0,2026-08-30 08:43:34.908991
108170584616558,2026-07-05 16:15:00,2026-07-05 18:15:00,DK1,70.93395,9.49,2026-08-30 08:43:34.908991
741725374124492,2026-07-05 15:30:00,2026-07-05 17:30:00,DK1,15.69666,2.1,2026-08-30 08:43:34.908991
163963358755992,2026-07-05 14:30:00,2026-07-05 16:30:00,DK1,0.074746,0.01,2026-08-30 08:43:34.908991
322112628998009,2026-07-05 14:15:00,2026-07-05 16:15:00,DK1,-0.074746,-0.01,2026-08-30 08:43:34.908991
534377853368886,2026-07-05 11:30:00,2026-07-05 13:30:00,DK1,-7.325108,-0.98,2026-08-30 08:43:34.908991
396149670706430,2026-07-05 10:45:00,2026-07-05 12:45:00,DK1,-0.896952,-0.12,2026-08-30 08:43:34.908991
273976459870544,2026-07-05 10:30:00,2026-07-05 12:30:00,DK1,-0.822206,-0.11,2026-08-30 08:43:34.908991
172422819017700,2026-07-05 10:00:00,2026-07-05 12:00:00,DK1,-0.597968,-0.08,2026-08-30 08:43:34.908991
22243722729126,2026-07-05 09:30:00,2026-07-05 11:30:00,DK1,-0.074746,-0.01,2026-08-30 08:43:34.908991
459133549954632,2026-07-05 09:15:00,2026-07-05 11:15:00,DK1,-0.074746,-0.01,2026-08-30 08:43:34.908991
87464640685992,2026-07-05 07:30:00,2026-07-05 09:30:00,DK1,0.149492,0.02,2026-08-30 08:43:34.908991
442170864964965,2026-07-05 06:45:00,2026-07-05 08:45:00,DK1,33.710445,4.51,2026-08-30 08:43:34.908991
429818751255272,2026-07-05 04:45:00,2026-07-05 06:45:00,DK1,178.41872,23.87,2026-08-30 08:43:34.908991
374158019894006,2026-07-05 03:30:00,2026-07-05 05:30:00,DK1,406.9172,54.44,2026-08-30 08:43:34.908991
238242965310948,2026-07-05 03:00:00,2026-07-05 05:00:00,DK1,493.17413,65.98,2026-08-30 08:43:34.908991
66009954086285,2026-07-05 02:30:00,2026-07-05 04:30:00,DK1,433.60153,58.01,2026-08-30 08:43:34.908991
556028045087542,2026-07-05 00:45:00,2026-07-05 02:45:00,DK1,585.18646,78.29,2026-08-30 08:43:34.908991
142123225863974,2026-07-05 00:15:00,2026-07-05 02:15:00,DK1,656.56885,87.84,2026-08-30 08:43:34.908991
983479219164408,2026-07-04 23:00:00,2026-07-05 01:00:00,DK1,769.8838,103.0,2026-08-30 08:43:34.908991
959012832569444,2026-07-04 22:45:00,2026-07-05 00:45:00,DK1,786.40265,105.21,2026-08-30 08:43:34.908991
774760216739796,2026-07-04 21:45:00,2026-07-04 23:45:00,DK1,843.65814,112.87,2026-08-30 08:43:34.908991
994261997131952,2026-07-04 21:15:00,2026-07-04 23:15:00,DK1,886.4128,118.59,2026-08-30 08:43:34.908991
823677782597046,2026-07-04 20:45:00,2026-07-04 22:45:00,DK1,872.5848,116.74,2026-08-30 08:43:34.908991
57041410844952,2026-07-04 20:00:00,2026-07-04 22:00:00,DK1,917.2081,122.71,2026-08-30 08:43:34.908991
116397983014976,2026-07-04 19:15:00,2026-07-04 21:15:00,DK1,906.07104,121.22,2026-08-30 08:43:34.908991
365792488482774,2026-07-04 18:15:00,2026-07-04 20:15:00,DK1,862.56885,115.4,2026-08-30 08:43:34.908991
279005150071539,2026-07-04 18:00:00,2026-07-04 20:00:00,DK1,844.55505,112.99,2026-08-30 08:43:34.908991
35102758047237,2026-07-04 17:30:00,2026-07-04 19:30:00,DK1,878.714,117.56,2026-08-30 08:43:34.908991
35697384668238,2026-07-04 15:45:00,2026-07-04 17:45:00,DK1,137.45789,18.39,2026-08-30 08:43:34.908991
483060636576079,2026-07-04 15:00:00,2026-07-04 17:00:00,DK1,-0.074746,-0.01,2026-08-30 08:43:34.908991
748513944903266,2026-07-04 14:30:00,2026-07-04 16:30:00,DK1,-0.822206,-0.11,2026-08-30 08:43:34.908991
510573375230851,2026-07-04 13:15:00,2026-07-04 15:15:00,DK1,-24.890417,-3.33,2026-08-30 08:43:34.908991
210047324563872,2026-07-04 12:45:00,2026-07-04 14:45:00,DK1,-30.571114,-4.09,2026-08-30 08:43:34.908991
818445590085527,2026-07-04 12:15:00,2026-07-04 14:15:00,DK1,-40.36284,-5.4,2026-08-30 08:43:34.908991
641451919676891,2026-07-04 10:45:00,2026-07-04 12:45:00,DK1,-8.072568,-1.08,2026-08-30 08:43:34.908991
801968311735355,2026-07-04 09:15:00,2026-07-04 11:15:00,DK1,-0.074746,-0.01,2026-08-30 08:43:34.908991
842590004861361,2026-07-04 09:00:00,2026-07-04 11:00:00,DK1,-0.074746,-0.01,2026-08-30 08:43:34.908991
567534151610954,2026-07-04 08:45:00,2026-07-04 10:45:00,DK1,0.0,0.0,2026-08-30 08:43:34.908991
428554168550407,2026-07-04 07:45:00,2026-07-04 09:45:00,DK1,0.0,0.0,2026-08-30 08:43:34.908991
621215227612633,2026-07-04 07:00:00,2026-07-04 09:00:00,DK1,28.702463,3.84,2026-08-30 08:43:34.908991
611172038198974,2026-07-04 06:15:00,2026-07-04 08:15:00,DK1,245.39113,32.83,2026-08-30 08:43:34.908991
130532701880238,2026-07-04 06:00:00,2026-07-04 08:00:00,DK1,471.49777,63.08,2026-08-30 08:43:34.908991
946750675337532,2026-07-04 04:45:00,2026-07-04 06:45:00,DK1,543.7024,72.74,2026-08-30 08:43:34.908991
421031520373057,2026-07-04 03:30:00,2026-07-04 05:30:00,DK1,577.4876,77.26,2026-08-30 08:43:34.908991
912605464642248,2026-07-04 01:15:00,2026-07-04 03:15:00,DK1,620.616,83.03,2026-08-30 08:43:34.908991
840803373116809,2026-07-04 00:30:00,2026-07-04 02:30:00,DK1,694.98834,92.98,2026-08-30 08:43:34.908991
474917620166146,2026-07-03 21:45:00,2026-07-03 23:45:00,DK1,702.68713,94.01,2026-08-30 08:43:34.908991
11757330130781,2026-07-03 21:15:00,2026-07-03 23:15:00,DK1,676.3765,90.49,2026-08-30 08:43:34.908991
138793174763233,2026-07-03 20:45:00,2026-07-03 22:45:00,DK1,545.7206,73.01,2026-08-30 08:43:34.908991
859785283405093,2026-07-03 19:00:00,2026-07-03 21:00:00,DK1,448.55072,60.01,2026-08-30 08:43:34.908991
899191961075181,2026-07-03 18:15:00,2026-07-03 20:15:00,DK1,448.02753,59.94,2026-08-30 08:43:34.908991
818784753388197,2026-07-03 17:15:00,2026-07-03 19:15:00,DK1,303.0203,40.54,2026-08-30 08:43:34.908991
187987159304820,2026-07-03 16:00:00,2026-07-03 18:00:00,DK1,0.0,0.0,2026-08-30 08:43:34.908991
319118111146292,2026-07-03 14:30:00,2026-07-03 16:30:00,DK1,-0.672714,-0.09,2026-08-30 08:43:34.908991
517190203543952,2026-07-03 14:00:00,2026-07-03 16:00:00,DK1,-0.74746,-0.1,2026-08-30 08:43:34.908991
293239110633177,2026-07-03 13:45:00,2026-07-03 15:45:00,DK1,-0.672714,-0.09,2026-08-30 08:43:34.908991
170747764294139,2026-07-03 12:15:00,2026-07-03 14:15:00,DK1,-0.672714,-0.09,2026-08-30 08:43:34.908991
979451704505496,2026-07-03 12:00:00,2026-07-03 14:00:00,DK1,-0.672714,-0.09,2026-08-30 08:43:34.908991
893656963298927,2026-07-03 11:00:00,2026-07-03 13:00:00,DK1,-0.597968,-0.08,2026-08-30 08:43:34.908991
806296233461176,2026-07-03 09:15:00,2026-07-03 11:15:00,DK1,-0.298984,-0.04,2026-08-30 08:43:34.908991
342273907428851,2026-07-03 08:30:00,2026-07-03 10:30:00,DK1,0.0,0.0,2026-08-30 08:43:34.908991
8972172984750,2026-07-03 04:45:00,2026-07-03 06:45:00,DK1,437.48834,58.53,2026-08-30 08:43:34.908991
23755362574345,2026-07-03 03:15:00,2026-07-03 05:15:00,DK1,321.63202,43.03,2026-08-30 08:43:34.908991
657526712195305,2026-07-03 02:45:00,2026-07-03 04:45:00,DK1,290.6872,38.89,2026-08-30 08:43:34.908991
622648694942436,2026-07-03 02:00:00,2026-07-03 04:00:00,DK1,310.64438,41.56,2026-08-30 08:43:34.908991
280035304051429,2026-07-03 00:45:00,2026-07-03 02:45:00,DK1,335.6843,44.91,2026-08-30 08:43:34.908991
933798926022091,2026-07-03 00:15:00,2026-07-03 02:15:00,DK1,415.812,55.63,2026-08-30 08:43:34.908991
274479961427608,2026-07-03 00:00:00,2026-07-03 02:00:00,DK1,501.54565,67.1,2026-08-30 08:43:34.908991
977037325028367,2026-07-02 22:45:00,2026-07-03 00:45:00,DK1,550.95276,73.71,2026-08-30 08:43:34.908991
499515593015187,2026-07-02 22:00:00,2026-07-03 00:00:00,DK1,448.40128,59.99,2026-08-30 08:43:34.908991
418372438193131,2026-07-02 17:15:00,2026-07-02 19:15:00,DK1,381.95715,51.1,2026-08-30 08:43:34.908991
838033451791161,2026-07-02 15:30:00,2026-07-02 17:30:00,DK1,-0.074747,-0.01,2026-08-30 08:43:34.908991
880492737030325,2026-07-02 13:45:00,2026-07-02 15:45:00,DK1,-1.046458,-0.14,2026-08-30 08:43:34.908991
799214785145963,2026-07-02 13:30:00,2026-07-02 15:30:00,DK1,-0.74747,-0.1,2026-08-30 08:43:34.908991
273426154926731,2026-07-02 12:45:00,2026-07-02 14:45:00,DK1,-0.224241,-0.03,2026-08-30 08:43:34.908991
936335273954983,2026-07-02 12:15:00,2026-07-02 14:15:00,DK1,7.773688,1.04,2026-08-30 08:43:34.908991
625210054427618,2026-07-02 10:15:00,2026-07-02 12:15:00,DK1,15.69687,2.1,2026-08-30 08:43:34.908991
235661968902751,2026-07-02 09:00:00,2026-07-02 11:00:00,DK1,17.042316,2.28,2026-08-30 08:43:34.908991
577687523051619,2026-07-02 08:45:00,2026-07-02 10:45:00,DK1,3.363615,0.45,2026-08-30 08:43:34.908991
128202308982914,2026-07-02 08:30:00,2026-07-02 10:30:00,DK1,8.894893,1.19,2026-08-30 08:43:34.908991
510281602117697,2026-07-02 07:30:00,2026-07-02 09:30:00,DK1,196.36037,26.27,2026-08-30 08:43:34.908991
626224086510534,2026-07-02 07:15:00,2026-07-02 09:15:00,DK1,500.8049,67.0,2026-08-30 08:43:34.908991
516128243053966,2026-07-02 05:45:00,2026-07-02 07:45:00,DK1,690.88654,92.43,2026-08-30 08:43:34.908991
717090186564726,2026-07-02 04:30:00,2026-07-02 06:30:00,DK1,861.45917,115.25,2026-08-30 08:43:34.908991
704630162285700,2026-07-02 03:45:00,2026-07-02 05:45:00,DK1,849.5744,113.66,2026-08-30 08:43:34.908991
820690099004555,2026-07-02 03:15:00,2026-07-02 05:15:00,DK1,831.63513,111.26,2026-08-30 08:43:34.908991
840996167078133,2026-07-02 02:45:00,2026-07-02 04:45:00,DK1,825.2817,110.41,2026-08-30 08:43:34.908991
877779558085869,2026-07-02 00:15:00,2026-07-02 02:15:00,DK1,977.3917,130.76,2026-08-30 08:43:34.908991
171321587031875,2026-07-01 23:00:00,2026-07-02 01:00:00,DK1,1225.477,163.95,2026-08-30 08:43:34.908991
716960985012272,2026-07-01 22:45:00,2026-07-02 00:45:00,DK1,1132.0433,151.45,2026-08-30 08:43:34.908991
459696700614047,2026-07-01 22:15:00,2026-07-02 00:15:00,DK1,1225.1781,163.91,2026-08-30 08:43:34.908991
533765826622998,2026-07-01 21:45:00,2026-07-01 23:45:00,DK1,1014.2896,135.7,2026-08-30 08:43:34.908991
346537483816332,2026-07-01 18:45:00,2026-07-01 20:45:00,DK1,2207.1453,295.29,2026-08-30 08:43:34.908991
848863192501833,2026-07-01 18:30:00,2026-07-01 20:30:00,DK1,1835.6625,245.59,2026-08-30 08:43:34.908991
695947477263311,2026-07-01 17:30:00,2026-07-01 19:30:00,DK1,1417.539,189.65,2026-08-30 08:43:34.908991
151451919806480,2026-07-01 17:15:00,2026-07-01 19:15:00,DK1,1171.7773,156.77,2026-08-30 08:43:34.908991
419886592400102,2026-07-01 15:45:00,2026-07-01 17:45:00,DK1,831.3139,111.22,2026-08-30 08:43:34.908991
983735075269241,2026-07-01 15:15:00,2026-07-01 17:15:00,DK1,794.6141,106.31,2026-08-30 08:43:34.908991
107642761462784,2026-07-01 14:45:00,2026-07-01 16:45:00,DK1,815.8417,109.15,2026-08-30 08:43:34.908991
19368531094645,2026-07-01 14:15:00,2026-07-01 16:15:00,DK1,685.3369,91.69,2026-08-30 08:43:34.908991
978842813100192,2026-07-01 13:15:00,2026-07-01 15:15:00,DK1,707.38666,94.64,2026-08-30 08:43:34.908991
969466604091220,2026-07-01 12:15:00,2026-07-01 14:15:00,DK1,747.37524,99.99,2026-08-30 08:43:34.908991
602608502074000,2026-07-01 12:00:00,2026-07-01 14:00:00,DK1,754.70026,100.97,2026-08-30 08:43:34.908991
397616302919403,2026-07-01 11:00:00,2026-07-01 13:00:00,DK1,848.6547,113.54,2026-08-30 08:43:34.908991
753221382454017,2026-07-01 09:45:00,2026-07-01 11:45:00,DK1,850.9718,113.85,2026-08-30 08:43:34.908991
654635798116189,2026-07-01 06:00:00,2026-07-01 08:00:00,DK1,1490.2659,199.38,2026-08-30 08:43:34.908991
515805600348882,2026-07-01 05:45:00,2026-07-01 07:45:00,DK1,1518.071,203.1,2026-08-30 08:43:34.908991
414254252844248,2026-07-01 05:30:00,2026-07-01 07:30:00,DK1,1494.4515,199.94,2026-08-30 08:43:34.908991
941638760415701,2026-07-01 05:00:00,2026-07-01 07:00:00,DK1,1559.106,208.59,2026-08-30 08:43:34.908991
197764615049846,2026-07-01 04:15:00,2026-07-01 06:15:00,DK1,1481.7449,198.24,2026-08-30 08:43:34.908991
170698549205833,2026-07-01 03:30:00,2026-07-01 05:30:00,DK1,1211.4669,162.08,2026-08-30 08:43:34.908991
987758111646836,2026-07-01 03:15:00,2026-07-01 05:15:00,DK1,1168.1896,156.29,2026-08-30 08:43:34.908991
588784785322134,2026-07-01 02:30:00,2026-07-01 04:30:00,DK1,1126.7062,150.74,2026-08-30 08:43:34.908991
211195663550157,2026-07-01 02:15:00,2026-07-01 04:15:00,DK1,1128.7242,151.01,2026-08-30 08:43:34.908991
768962573446415,2026-07-01 02:00:00,2026-07-01 04:00:00,DK1,1106.226,148.0,2026-08-30 08:43:34.908991
642545194659496,2026-07-01 01:15:00,2026-07-01 03:15:00,DK1,1118.1853,149.6,2026-08-30 08:43:34.908991
459725579915448,2026-07-01 00:00:00,2026-07-01 02:00:00,DK1,1083.653,144.98,2026-08-30 08:43:34.908991
69072165348954,2026-06-30 23:00:00,2026-07-01 01:00:00,DK1,1207.7297,161.58,2026-08-30 08:43:34.908991
589817340111952,2026-06-30 22:30:00,2026-07-01 00:30:00,DK1,1192.407,159.53,2026-08-30 08:43:34.908991
955476078699625,2026-06-30 21:45:00,2026-06-30 23:45:00,DK1,1231.3326,164.74,2026-08-30 08:43:34.908991
694448290146357,2026-06-30 21:30:00,2026-06-30 23:30:00,DK1,1374.8412,183.94,2026-08-30 08:43:34.908991
923743264674299,2026-06-30 21:00:00,2026-06-30 23:00:00,DK1,1550.938,207.5,2026-08-30 08:43:34.908991
771964032391043,2026-06-30 20:30:00,2026-06-30 22:30:00,DK1,1796.9952,240.42,2026-08-30 08:43:34.908991
689498426732563,2026-06-30 20:00:00,2026-06-30 22:00:00,DK1,2727.259,364.88,2026-08-30 08:43:34.908991
142569524758838,2026-06-30 18:00:00,2026-06-30 20:00:00,DK1,3653.412,488.79,2026-08-30 08:43:34.908991
520193616464087,2026-06-30 16:30:00,2026-06-30 18:30:00,DK1,2031.6167,271.81,2026-08-30 08:43:34.908991
707273760579655,2026-06-30 15:15:00,2026-06-30 17:15:00,DK1,949.32355,127.01,2026-08-30 08:43:34.908991
290584753995518,2026-06-30 15:00:00,2026-06-30 17:00:00,DK1,902.83276,120.79,2026-08-30 08:43:34.908991
432240758821173,2026-06-30 14:45:00,2026-06-30 16:45:00,DK1,1071.8289,143.4,2026-08-30 08:43:34.908991
208676488733180,2026-06-30 14:15:00,2026-06-30 16:15:00,DK1,891.8454,119.32,2026-08-30 08:43:34.908991
124997558726328,2026-06-30 14:00:00,2026-06-30 16:00:00,DK1,854.4734,114.32,2026-08-30 08:43:34.908991
899090122953002,2026-06-30 13:15:00,2026-06-30 15:15:00,DK1,855.96826,114.52,2026-08-30 08:43:34.908991
81633265283753,2026-06-30 12:30:00,2026-06-30 14:30:00,DK1,787.5028,105.36,2026-08-30 08:43:34.908991
606592799024075,2026-06-30 12:00:00,2026-06-30 14:00:00,DK1,701.8462,93.9,2026-08-30 08:43:34.908991
226917373033750,2026-06-30 10:45:00,2026-06-30 12:45:00,DK1,732.93964,98.06,2026-08-30 08:43:34.908991
147974800563491,2026-06-30 10:30:00,2026-06-30 12:30:00,DK1,742.0584,99.28,2026-08-30 08:43:34.908991
594287401520819,2026-06-30 07:30:00,2026-06-30 09:30:00,DK1,829.73315,111.01,2026-08-30 08:43:34.908991
235238106824676,2026-06-30 03:15:00,2026-06-30 05:15:00,DK1,1126.99,150.78,2026-08-30 08:43:34.908991
997211882523505,2026-06-30 03:00:00,2026-06-30 05:00:00,DK1,1071.53,143.36,2026-08-30 08:43:34.908991
855113812541667,2026-06-30 01:45:00,2026-06-30 03:45:00,DK1,1040.9597,139.27,2026-08-30 08:43:34.908991
823492188728406,2026-06-30 01:00:00,2026-06-30 03:00:00,DK1,1091.4119,146.02,2026-08-30 08:43:34.908991
566729985606882,2026-06-30 00:30:00,2026-06-30 02:30:00,DK1,1052.6198,140.83,2026-08-30 08:43:34.908991
446971624774848,2026-06-29 23:15:00,2026-06-30 01:15:00,DK1,1114.5078,149.11,2026-08-30 08:43:34.908991
827495407323393,2026-06-29 22:15:00,2026-06-30 00:15:00,DK1,1212.4972,162.22,2026-08-30 08:43:34.908991
90077992114985,2026-06-29 20:15:00,2026-06-29 22:15:00,DK1,1964.0743,262.77,2026-08-30 08:43:34.908991
262562866951342,2026-06-29 19:15:00,2026-06-29 21:15:00,DK1,2431.156,325.26,2026-08-30 08:43:34.908991
465654600415684,2026-06-29 18:30:00,2026-06-29 20:30:00,DK1,2501.0422,334.61,2026-08-30 08:43:34.908991
691961033250724,2026-06-29 18:00:00,2026-06-29 20:00:00,DK1,1611.8759,215.65,2026-08-30 08:43:34.908991
535159075347557,2026-06-29 17:30:00,2026-06-29 19:30:00,DK1,1543.7832,206.54,2026-08-30 08:43:34.908991
149024116356365,2026-06-29 15:00:00,2026-06-29 17:00:00,DK1,654.1682,87.52,2026-08-30 08:43:34.908991
250418991653163,2026-06-29 14:30:00,2026-06-29 16:30:00,DK1,779.8146,104.33,2026-08-30 08:43:34.908991
382496307659696,2026-06-29 12:30:00,2026-06-29 14:30:00,DK1,657.756,88.0,2026-08-30 08:43:34.908991
399721358514761,2026-06-29 12:00:00,2026-06-29 14:00:00,DK1,605.4345,81.0,2026-08-30 08:43:34.908991
40227207542992,2026-06-29 09:00:00,2026-06-29 11:00:00,DK1,811.9549,108.63,2026-08-30 08:43:34.908991
465290825638556,2026-06-29 08:30:00,2026-06-29 10:30:00,DK1,778.91766,104.21,2026-08-30 08:43:34.908991
602720615355086,2026-06-29 07:30:00,2026-06-29 09:30:00,DK1,874.96497,117.06,2026-08-30 08:43:34.908991
898087212822170,2026-06-29 07:00:00,2026-06-29 09:00:00,DK1,986.634,132.0,2026-08-30 08:43:34.908991
367377878397201,2026-06-29 06:45:00,2026-06-29 08:45:00,DK1,911.889,122.0,2026-08-30 08:43:34.908991
383612006487771,2026-06-29 05:00:00,2026-06-29 07:00:00,DK1,1203.1703,160.97,2026-08-30 08:43:34.908991
742714642955237,2026-06-29 04:00:00,2026-06-29 06:00:00,DK1,1123.1183,150.26,2026-08-30 08:43:34.908991
283466343373124,2026-06-29 03:15:00,2026-06-29 05:15:00,DK1,932.8176,124.8,2026-08-30 08:43:34.908991
759905542638138,2026-06-29 03:00:00,2026-06-29 05:00:00,DK1,884.98083,118.4,2026-08-30 08:43:34.908991
750664100238536,2026-06-29 02:30:00,2026-06-29 04:30:00,DK1,864.5754,115.67,2026-08-30 08:43:34.908991
560836223752050,2026-06-29 01:15:00,2026-06-29 03:15:00,DK1,820.4011,109.76,2026-08-30 08:43:34.908991
806591434146509,2026-06-28 23:30:00,2026-06-29 01:30:00,DK1,852.093,114.0,2026-08-30 08:43:34.908991
414541927905897,2026-06-28 22:30:00,2026-06-29 00:30:00,DK1,895.6694,119.83,2026-08-30 08:43:34.908991
563739759441910,2026-06-28 21:30:00,2026-06-28 23:30:00,DK1,1071.7081,143.38,2026-08-30 08:43:34.908991
389803384977428,2026-06-28 20:15:00,2026-06-28 22:15:00,DK1,1214.6973,162.51,2026-08-30 08:43:34.908991
236172404797124,2026-06-28 18:45:00,2026-06-28 20:45:00,DK1,1187.4149,158.86,2026-08-30 08:43:34.908991
643945698908621,2026-06-28 17:45:00,2026-06-28 19:45:00,DK1,1167.5325,156.2,2026-08-30 08:43:34.908991
639239425973392,2026-06-28 17:30:00,2026-06-28 19:30:00,DK1,1062.0659,142.09,2026-08-30 08:43:34.908991
732177796285239,2026-06-28 15:00:00,2026-06-28 17:00:00,DK1,207.27066,27.73,2026-08-30 08:43:34.908991
571378988857896,2026-06-28 14:45:00,2026-06-28 16:45:00,DK1,526.73505,70.47,2026-08-30 08:43:34.908991
14583751545261,2026-06-28 12:30:00,2026-06-28 14:30:00,DK1,10.015964,1.34,2026-08-30 08:43:34.908991
366918476871653,2026-06-28 10:30:00,2026-06-28 12:30:00,DK1,25.338894,3.39,2026-08-30 08:43:34.908991
963474479756988,2026-06-28 09:00:00,2026-06-28 11:00:00,DK1,68.01886,9.1,2026-08-30 08:43:34.908991
967556388987355,2026-06-28 08:15:00,2026-06-28 10:15:00,DK1,237.2438,31.74,2026-08-30 08:43:34.908991
753831867918348,2026-06-28 07:45:00,2026-06-28 09:45:00,DK1,122.80768,16.43,2026-08-30 08:43:34.908991
301054972198596,2026-06-28 07:30:00,2026-06-28 09:30:00,DK1,135.14076,18.08,2026-08-30 08:43:34.908991
238417897241337,2026-06-28 07:15:00,2026-06-28 09:15:00,DK1,283.7358,37.96,2026-08-30 08:43:34.908991
519733680709862,2026-06-28 07:00:00,2026-06-28 09:00:00,DK1,504.90924,67.55,2026-08-30 08:43:34.908991
435951920892374,2026-06-28 06:15:00,2026-06-28 08:15:00,DK1,620.317,82.99,2026-08-30 08:43:34.908991
447240741259309,2026-06-28 06:00:00,2026-06-28 08:00:00,DK1,810.7699,108.47,2026-08-30 08:43:34.908991
82131605321125,2026-06-28 05:45:00,2026-06-28 07:45:00,DK1,642.0682,85.9,2026-08-30 08:43:34.908991
954853730498409,2026-06-28 05:30:00,2026-06-28 07:30:00,DK1,783.78656,104.86,2026-08-30 08:43:34.908991
201973792457819,2026-06-28 04:30:00,2026-06-28 06:30:00,DK1,827.36346,110.69,2026-08-30 08:43:34.908991
494984933231963,2026-06-28 02:30:00,2026-06-28 04:30:00,DK1,859.579,115.0,2026-08-30 08:43:34.908991
730406423153285,2026-06-28 02:15:00,2026-06-28 04:15:00,DK1,856.3649,114.57,2026-08-30 08:43:34.908991
290983979118685,2026-06-28 01:30:00,2026-06-28 03:30:00,DK1,866.9041,115.98,2026-08-30 08:43:34.908991
635442680170085,2026-06-28 01:15:00,2026-06-28 03:15:00,DK1,863.989,115.59,2026-08-30 08:43:34.908991
965382508046436,2026-06-28 01:00:00,2026-06-28 03:00:00,DK1,868.39905,116.18,2026-08-30 08:43:34.908991
899658822500921,2026-06-27 22:15:00,2026-06-28 00:15:00,DK1,1061.0942,141.96,2026-08-30 08:43:34.908991
399655980707185,2026-06-27 21:30:00,2026-06-27 23:30:00,DK1,1043.23,139.57,2026-08-30 08:43:34.908991
550889206159155,2026-06-27 21:00:00,2026-06-27 23:00:00,DK1,1188.1625,158.96,2026-08-30 08:43:34.908991
187781450335982,2026-06-27 19:45:00,2026-06-27 21:45:00,DK1,1638.6565,219.23,2026-08-30 08:43:34.908991
692424625564031,2026-06-27 19:15:00,2026-06-27 21:15:00,DK1,1661.5288,222.29,2026-08-30 08:43:34.908991
247727855869060,2026-06-27 18:45:00,2026-06-27 20:45:00,DK1,1975.2379,264.26,2026-08-30 08:43:34.908991
399869314311368,2026-06-27 16:30:00,2026-06-27 18:30:00,DK1,1002.7175,134.15,2026-08-30 08:43:34.908991
425654036446070,2026-06-27 16:00:00,2026-06-27 18:00:00,DK1,806.88306,107.95,2026-08-30 08:43:34.908991
248259141404726,2026-06-27 13:30:00,2026-06-27 15:30:00,DK1,96.12336,12.86,2026-08-30 08:43:34.908991
800019146296276,2026-06-27 13:15:00,2026-06-27 15:15:00,DK1,29.8984,4.0,2026-08-30 08:43:34.908991
486550960797281,2026-06-27 13:00:00,2026-06-27 15:00:00,DK1,15.995644,2.14,2026-08-30 08:43:34.908991
304966041701000,2026-06-27 12:45:00,2026-06-27 14:45:00,DK1,59.722054,7.99,2026-08-30 08:43:34.908991
955371609799884,2026-06-27 11:45:00,2026-06-27 13:45:00,DK1,34.98113,4.68,2026-08-30 08:43:34.908991
908082550581149,2026-06-27 10:30:00,2026-06-27 12:30:00,DK1,33.6357,4.5,2026-08-30 08:43:34.908991
428853338837926,2026-06-27 07:30:00,2026-06-27 09:30:00,DK1,512.0101,68.5,2026-08-30 08:43:34.908991
26253766267501,2026-06-27 05:15:00,2026-06-27 07:15:00,DK1,850.90845,113.84,2026-08-30 08:43:34.908991
806397749065751,2026-06-27 04:15:00,2026-06-27 06:15:00,DK1,843.9571,112.91,2026-08-30 08:43:34.908991
637920271102200,2026-06-27 02:30:00,2026-06-27 04:30:00,DK1,867.801,116.1,2026-08-30 08:43:34.908991
9716935069102,2026-06-27 00:30:00,2026-06-27 02:30:00,DK1,868.8475,116.24,2026-08-30 08:43:34.908991
8605236388570,2026-06-27 00:00:00,2026-06-27 02:00:00,DK1,896.57825,119.95,2026-08-30 08:43:34.908991
272113998048344,2026-06-26 23:45:00,2026-06-27 01:45:00,DK1,889.10364,118.95,2026-08-30 08:43:34.908991
563241889655554,2026-06-26 23:30:00,2026-06-27 01:30:00,DK1,914.9658,122.41,2026-08-30 08:43:34.908991
709751126473005,2026-06-26 23:00:00,2026-06-27 01:00:00,DK1,974.91205,130.43,2026-08-30 08:43:34.908991
669362980316139,2026-06-26 21:00:00,2026-06-26 23:00:00,DK1,1319.1174,176.48,2026-08-30 08:43:34.908991
655431017631431,2026-06-26 20:15:00,2026-06-26 22:15:00,DK1,1539.0201,205.9,2026-08-30 08:43:34.908991
753544805419170,2026-06-26 20:00:00,2026-06-26 22:00:00,DK1,1941.8264,259.79,2026-08-30 08:43:34.908991
509503862343103,2026-06-26 17:30:00,2026-06-26 19:30:00,DK1,1880.8336,251.63,2026-08-30 08:43:34.908991
248712674488041,2026-06-26 17:00:00,2026-06-26 19:00:00,DK1,1199.748,160.51,2026-08-30 08:43:34.908991
694889423381153,2026-06-26 16:15:00,2026-06-26 18:15:00,DK1,1009.36993,135.04,2026-08-30 08:43:34.908991
745769768376464,2026-06-26 15:30:00,2026-06-26 17:30:00,DK1,868.39905,116.18,2026-08-30 08:43:34.908991
653534604933826,2026-06-26 14:45:00,2026-06-26 16:45:00,DK1,886.48755,118.6,2026-08-30 08:43:34.908991
346772981491292,2026-06-26 12:45:00,2026-06-26 14:45:00,DK1,399.44263,53.44,2026-08-30 08:43:34.908991
260268479587284,2026-06-26 11:15:00,2026-06-26 13:15:00,DK1,264.07764,35.33,2026-08-30 08:43:34.908991
178376271033070,2026-06-26 10:00:00,2026-06-26 12:00:00,DK1,430.9107,57.65,2026-08-30 08:43:34.908991
991747662811569,2026-06-26 09:30:00,2026-06-26 11:30:00,DK1,438.98325,58.73,2026-08-30 08:43:34.908991
52745299926457,2026-06-26 09:15:00,2026-06-26 11:15:00,DK1,542.8055,72.62,2026-08-30 08:43:34.908991
690764114017935,2026-06-26 07:30:00,2026-06-26 09:30:00,DK1,777.2089,103.98,2026-08-30 08:43:34.908991
705493296816923,2026-06-26 07:15:00,2026-06-26 09:15:00,DK1,858.7568,114.89,2026-08-30 08:43:34.908991
989973301015492,2026-06-26 06:45:00,2026-06-26 08:45:00,DK1,782.14215,104.64,2026-08-30 08:43:34.908991
239037249173213,2026-06-26 06:30:00,2026-06-26 08:30:00,DK1,851.5812,113.93,2026-08-30 08:43:34.908991
784577573782048,2026-06-26 06:15:00,2026-06-26 08:15:00,DK1,913.1719,122.17,2026-08-30 08:43:34.908991
100233167603231,2026-06-26 05:45:00,2026-06-26 07:45:00,DK1,890.9723,119.2,2026-08-30 08:43:34.908991
810135587900312,2026-06-26 02:45:00,2026-06-26 04:45:00,DK1,924.15955,123.64,2026-08-30 08:43:34.908991
664369623080936,2026-06-26 02:30:00,2026-06-26 04:30:00,DK1,899.94183,120.4,2026-08-30 08:43:34.908991
487609842719093,2026-06-26 02:00:00,2026-06-26 04:00:00,DK1,923.4121,123.54,2026-08-30 08:43:34.908991
7339999566649,2026-06-26 01:15:00,2026-06-26 03:15:00,DK1,896.50354,119.94,2026-08-30 08:43:34.908991
627435272166411,2026-06-26 00:15:00,2026-06-26 02:15:00,DK1,908.0144,121.48,2026-08-30 08:43:34.908991
305786873440858,2026-06-26 00:00:00,2026-06-26 02:00:00,DK1,939.7815,125.73,2026-08-30 08:43:34.908991
260992368115966,2026-06-25 22:45:00,2026-06-26 00:45:00,DK1,992.85114,132.83,2026-08-30 08:43:34.908991
890758415139618,2026-06-25 20:15:00,2026-06-25 22:15:00,DK1,1503.6451,201.17,2026-08-30 08:43:34.908991
254178826101064,2026-06-25 19:45:00,2026-06-25 21:45:00,DK1,1438.1686,192.41,2026-08-30 08:43:34.908991
673492686818604,2026-06-25 19:30:00,2026-06-25 21:30:00,DK1,1830.2808,244.87,2026-08-30 08:43:34.908991
777790674648500,2026-06-25 19:15:00,2026-06-25 21:15:00,DK1,1501.7018,200.91,2026-08-30 08:43:34.908991
916315477198746,2026-06-25 19:00:00,2026-06-25 21:00:00,DK1,1402.1415,187.59,2026-08-30 08:43:34.908991
771924644530881,2026-06-25 18:00:00,2026-06-25 20:00:00,DK1,1816.1539,242.98,2026-08-30 08:43:34.908991
249253547215396,2026-06-25 17:45:00,2026-06-25 19:45:00,DK1,2236.445,299.21,2026-08-30 08:43:34.908991
794866712109849,2026-06-25 17:00:00,2026-06-25 19:00:00,DK1,1040.002,139.14,2026-08-30 08:43:34.908991
728212557717582,2026-06-25 15:30:00,2026-06-25 17:30:00,DK1,845.3659,113.1,2026-08-30 08:43:34.908991
175178098023124,2026-06-25 15:00:00,2026-06-25 17:00:00,DK1,587.1967,78.56,2026-08-30 08:43:34.908991
994680219074954,2026-06-25 13:30:00,2026-06-25 15:30:00,DK1,568.28625,76.03,2026-08-30 08:43:34.908991
609552901761037,2026-06-25 12:45:00,2026-06-25 14:45:00,DK1,376.49057,50.37,2026-08-30 08:43:34.908991
823594684642415,2026-06-25 11:15:00,2026-06-25 13:15:00,DK1,250.39575,33.5,2026-08-30 08:43:34.908991
476478011104593,2026-06-25 10:15:00,2026-06-25 12:15:00,DK1,321.0298,42.95,2026-08-30 08:43:34.908991
547323049070773,2026-06-25 08:30:00,2026-06-25 10:30:00,DK1,598.0348,80.01,2026-08-30 08:43:34.908991
778045387086659,2026-06-25 07:45:00,2026-06-25 09:45:00,DK1,618.5149,82.75,2026-08-30 08:43:34.908991
737920848456519,2026-06-25 05:15:00,2026-06-25 07:15:00,DK1,1165.2745,155.9,2026-08-30 08:43:34.908991
478914968964384,2026-06-25 04:15:00,2026-06-25 06:15:00,DK1,1269.6932,169.87,2026-08-30 08:43:34.908991
581078912088289,2026-06-25 03:15:00,2026-06-25 05:15:00,DK1,1039.7777,139.11,2026-08-30 08:43:34.908991
149111151445840,2026-06-25 03:00:00,2026-06-25 05:00:00,DK1,1040.0767,139.15,2026-08-30 08:43:34.908991
729276575168982,2026-06-25 02:30:00,2026-06-25 04:30:00,DK1,1051.9612,140.74,2026-08-30 08:43:34.908991
42546719156435,2026-06-25 01:15:00,2026-06-25 03:15:00,DK1,1064.3688,142.4,2026-08-30 08:43:34.908991
590256814436650,2026-06-25 00:45:00,2026-06-25 02:45:00,DK1,1046.7289,140.04,2026-08-30 08:43:34.908991
125307616111692,2026-06-24 23:45:00,2026-06-25 01:45:00,DK1,1081.1864,144.65,2026-08-30 08:43:34.908991
788807472836235,2026-06-24 23:15:00,2026-06-25 01:15:00,DK1,1175.9631,157.33,2026-08-30 08:43:34.908991
186071779159892,2026-06-24 23:00:00,2026-06-25 01:00:00,DK1,1230.9006,164.68,2026-08-30 08:43:34.908991
865774629150975,2026-06-24 20:45:00,2026-06-24 22:45:00,DK1,2332.431,312.01,2026-08-30 08:43:34.908991
662886174042747,2026-06-24 20:15:00,2026-06-24 22:15:00,DK1,4001.0369,535.22,2026-08-30 08:43:34.908991
88413191548869,2026-06-24 20:00:00,2026-06-24 22:00:00,DK1,4974.6465,665.46,2026-08-30 08:43:34.908991
910897341162370,2026-06-24 19:45:00,2026-06-24 21:45:00,DK1,4843.6006,647.93,2026-08-30 08:43:34.908991
213503058293205,2026-06-24 19:30:00,2026-06-24 21:30:00,DK1,5109.0557,683.44,2026-08-30 08:43:34.908991
709586354496063,2026-06-24 16:15:00,2026-06-24 18:15:00,DK1,1151.9746,154.1,2026-08-30 08:43:34.908991
796509702767907,2026-06-24 15:45:00,2026-06-24 17:45:00,DK1,1124.2405,150.39,2026-08-30 08:43:34.908991
984097407290821,2026-06-24 15:30:00,2026-06-24 17:30:00,DK1,1017.19135,136.07,2026-08-30 08:43:34.908991
690993693717213,2026-06-24 10:45:00,2026-06-24 12:45:00,DK1,463.85477,62.05,2026-08-30 08:43:34.908991
480420748338830,2026-06-24 09:15:00,2026-06-24 11:15:00,DK1,667.78644,89.33,2026-08-30 08:43:34.908991
40091853132109,2026-06-24 09:00:00,2026-06-24 11:00:00,DK1,744.78406,99.63,2026-08-30 08:43:34.908991
252630198991285,2026-06-24 08:45:00,2026-06-24 10:45:00,DK1,589.21893,78.82,2026-08-30 08:43:34.908991
609168978772571,2026-06-24 08:00:00,2026-06-24 10:00:00,DK1,900.8725,120.51,2026-08-30 08:43:34.908991
989839190664148,2026-06-24 07:00:00,2026-06-24 09:00:00,DK1,1032.7402,138.15,2026-08-30 08:43:34.908991
230389275171497,2026-06-24 05:45:00,2026-06-24 07:45:00,DK1,1054.8678,141.11,2026-08-30 08:43:34.908991
229365267678393,2026-06-24 05:15:00,2026-06-24 07:15:00,DK1,1351.2714,180.76,2026-08-30 08:43:34.908991
967944080994550,2026-06-24 04:30:00,2026-06-24 06:30:00,DK1,1364.5778,182.54,2026-08-30 08:43:34.908991
130145177730574,2026-06-24 04:15:00,2026-06-24 06:15:00,DK1,1279.2075,171.12,2026-08-30 08:43:34.908991
525756527146591,2026-06-24 03:00:00,2026-06-24 05:00:00,DK1,1100.0198,147.15,2026-08-30 08:43:34.908991
741162138366399,2026-06-24 02:00:00,2026-06-24 04:00:00,DK1,1088.6571,145.63,2026-08-30 08:43:34.908991
119271248890233,2026-06-24 01:15:00,2026-06-24 03:15:00,DK1,1082.1533,144.76,2026-08-30 08:43:34.908991
855010619835454,2026-06-23 20:45:00,2026-06-23 22:45:00,DK1,1447.2155,193.61,2026-08-30 08:43:34.908991
955901425254856,2026-06-23 17:45:00,2026-06-23 19:45:00,DK1,3815.3386,510.42,2026-08-30 08:43:34.908991
709246368008183,2026-06-23 16:30:00,2026-06-23 18:30:00,DK1,1335.7646,178.7,2026-08-30 08:43:34.908991
326486684978125,2026-06-23 16:15:00,2026-06-23 18:15:00,DK1,1102.9215,147.55,2026-08-30 08:43:34.908991
548679030089429,2026-06-23 16:00:00,2026-06-23 18:00:00,DK1,894.895,119.72,2026-08-30 08:43:34.908991
477891745413141,2026-06-23 15:45:00,2026-06-23 17:45:00,DK1,1055.6053,141.22,2026-08-30 08:43:34.908991
167256567718505,2026-06-23 13:45:00,2026-06-23 15:45:00,DK1,686.8685,91.89,2026-08-30 08:43:34.908991
272184905441651,2026-06-23 11:30:00,2026-06-23 13:30:00,DK1,425.6208,56.94,2026-08-30 08:43:34.908991
437773727609796,2026-06-23 11:00:00,2026-06-23 13:00:00,DK1,454.6234,60.82,2026-08-30 08:43:34.908991
562822896690187,2026-06-23 05:45:00,2026-06-23 07:45:00,DK1,1028.0977,137.54,2026-08-30 08:43:34.908991
239065834943323,2026-06-23 04:15:00,2026-06-23 06:15:00,DK1,1232.0878,164.83,2026-08-30 08:43:34.908991
721139508781816,2026-06-23 03:45:00,2026-06-23 05:45:00,DK1,1146.7245,153.41,2026-08-30 08:43:34.908991
225305554964357,2026-06-23 03:15:00,2026-06-23 05:15:00,DK1,1019.80054,136.43,2026-08-30 08:43:34.908991
833135802136464,2026-06-23 00:45:00,2026-06-23 02:45:00,DK1,1003.8791,134.3,2026-08-30 08:43:34.908991
389385480465822,2026-06-23 00:00:00,2026-06-23 02:00:00,DK1,1020.77234,136.56,2026-08-30 08:43:34.908991
391624927031411,2026-06-22 23:30:00,2026-06-23 01:30:00,DK1,1028.5463,137.6,2026-08-30 08:43:34.908991
44236607653971,2026-06-22 23:00:00,2026-06-23 01:00:00,DK1,1072.0502,143.42,2026-08-30 08:43:34.908991
85770701813677,2026-06-22 22:45:00,2026-06-23 00:45:00,DK1,1033.8534,138.31,2026-08-30 08:43:34.908991
954835240875518,2026-06-22 20:30:00,2026-06-22 22:30:00,DK1,1275.1838,170.6,2026-08-30 08:43:34.908991
377703503428780,2026-06-22 19:15:00,2026-06-22 21:15:00,DK1,2058.9807,275.46,2026-08-30 08:43:34.908991
777908609244520,2026-06-22 19:00:00,2026-06-22 21:00:00,DK1,2197.3376,293.97,2026-08-30 08:43:34.908991
425682526199533,2026-06-22 18:30:00,2026-06-22 20:30:00,DK1,2196.9639,293.92,2026-08-30 08:43:34.908991
525520583473697,2026-06-22 18:00:00,2026-06-22 20:00:00,DK1,1656.9167,221.67,2026-08-30 08:43:34.908991
710732494097080,2026-06-22 14:45:00,2026-06-22 16:45:00,DK1,840.3058,112.42,2026-08-30 08:43:34.908991
500515719006075,2026-06-22 14:00:00,2026-06-22 16:00:00,DK1,540.42084,72.3,2026-08-30 08:43:34.908991
689953872966135,2026-06-22 13:15:00,2026-06-22 15:15:00,DK1,439.28812,58.77,2026-08-30 08:43:34.908991
70771353512644,2026-06-22 11:00:00,2026-06-22 13:00:00,DK1,266.6973,35.68,2026-08-30 08:43:34.908991
703562843751962,2026-06-22 10:15:00,2026-06-22 12:15:00,DK1,302.72534,40.5,2026-08-30 08:43:34.908991
952164613237852,2026-06-22 04:00:00,2026-06-22 06:00:00,DK1,1011.62585,135.34,2026-08-30 08:43:34.908991
260574793018112,2026-06-22 03:45:00,2026-06-22 05:45:00,DK1,986.2866,131.95,2026-08-30 08:43:34.908991
463460011355982,2026-06-22 03:30:00,2026-06-22 05:30:00,DK1,916.3234,122.59,2026-08-30 08:43:34.908991
865311345547510,2026-06-22 02:45:00,2026-06-22 04:45:00,DK1,892.32965,119.38,2026-08-30 08:43:34.908991
464554715085046,2026-06-22 02:30:00,2026-06-22 04:30:00,DK1,873.56824,116.87,2026-08-30 08:43:34.908991
790396891836843,2026-06-22 02:15:00,2026-06-22 04:15:00,DK1,864.3743,115.64,2026-08-30 08:43:34.908991
395257058928962,2026-06-22 01:15:00,2026-06-22 03:15:00,DK1,853.01276,114.12,2026-08-30 08:43:34.908991
406864600232175,2026-06-22 00:45:00,2026-06-22 02:45:00,DK1,831.11194,111.19,2026-08-30 08:43:34.908991
49385712835761,2026-06-22 00:30:00,2026-06-22 02:30:00,DK1,841.427,112.57,2026-08-30 08:43:34.908991
362893765930887,2026-06-22 00:15:00,2026-06-22 02:15:00,DK1,857.8713,114.77,2026-08-30 08:43:34.908991
112992792125069,2026-06-22 00:00:00,2026-06-22 02:00:00,DK1,891.43274,119.26,2026-08-30 08:43:34.908991
616840882180440,2026-06-21 23:30:00,2026-06-22 01:30:00,DK1,888.66705,118.89,2026-08-30 08:43:34.908991
15903122880448,2026-06-21 23:15:00,2026-06-22 01:15:00,DK1,904.9619,121.07,2026-08-30 08:43:34.908991
932495649790259,2026-06-21 21:30:00,2026-06-21 23:30:00,DK1,990.75824,132.55,2026-08-30 08:43:34.908991
137276717846700,2026-06-21 20:00:00,2026-06-21 22:00:00,DK1,1123.9556,150.37,2026-08-30 08:43:34.908991
318161533686738,2026-06-21 19:30:00,2026-06-21 21:30:00,DK1,1123.8809,150.36,2026-08-30 08:43:34.908991
324879816440491,2026-06-21 19:00:00,2026-06-21 21:00:00,DK1,1137.2604,152.15,2026-08-30 08:43:34.908991
547791667339224,2026-06-21 16:15:00,2026-06-21 18:15:00,DK1,832.74524,111.41,2026-08-30 08:43:34.908991
775462176778345,2026-06-21 15:00:00,2026-06-21 17:00:00,DK1,147.77284,19.77,2026-08-30 08:43:34.908991
445483208267067,2026-06-21 13:00:00,2026-06-21 15:00:00,DK1,0.0,0.0,2026-08-30 08:43:34.908991
679199485768897,2026-06-21 12:30:00,2026-06-21 14:30:00,DK1,0.0,0.0,2026-08-30 08:43:34.908991
57367009717418,2026-06-21 08:15:00,2026-06-21 10:15:00,DK1,9.941218,1.33,2026-08-30 08:43:34.908991
44944655400713,2026-06-21 08:00:00,2026-06-21 10:00:00,DK1,30.64586,4.1,2026-08-30 08:43:34.908991
942084824280661,2026-06-21 07:45:00,2026-06-21 09:45:00,DK1,27.506529,3.68,2026-08-30 08:43:34.908991
564536704478820,2026-06-21 06:15:00,2026-06-21 08:15:00,DK1,675.6291,90.39,2026-08-30 08:43:34.908991
404199579632823,2026-06-21 06:00:00,2026-06-21 08:00:00,DK1,856.5144,114.59,2026-08-30 08:43:34.908991
719195296129135,2026-06-21 05:30:00,2026-06-21 07:30:00,DK1,747.5348,100.01,2026-08-30 08:43:34.908991
978629319530882,2026-06-21 05:15:00,2026-06-21 07:15:00,DK1,827.8867,110.76,2026-08-30 08:43:34.908991
624803334300091,2026-06-21 05:00:00,2026-06-21 07:00:00,DK1,895.60657,119.82,2026-08-30 08:43:34.908991
424392370121439,2026-06-21 04:15:00,2026-06-21 06:15:00,DK1,848.21765,113.48,2026-08-30 08:43:34.908991
212365899266469,2026-06-21 03:00:00,2026-06-21 05:00:00,DK1,922.4404,123.41,2026-08-30 08:43:34.908991
966406502652827,2026-06-21 02:15:00,2026-06-21 04:15:00,DK1,909.95776,121.74,2026-08-30 08:43:34.908991
762904631917777,2026-06-21 00:15:00,2026-06-21 02:15:00,DK1,939.7067,125.72,2026-08-30 08:43:34.908991
811878886108329,2026-06-20 23:45:00,2026-06-21 01:45:00,DK1,937.3149,125.4,2026-08-30 08:43:34.908991
349562592102730,2026-06-20 22:15:00,2026-06-21 00:15:00,DK1,1038.521,138.94,2026-08-30 08:43:34.908991
742637760019616,2026-06-20 21:30:00,2026-06-20 23:30:00,DK1,1067.9708,142.88,2026-08-30 08:43:34.908991
59218621214154,2026-06-20 20:30:00,2026-06-20 22:30:00,DK1,1224.0404,163.76,2026-08-30 08:43:34.908991
26610609470966,2026-06-20 20:15:00,2026-06-20 22:15:00,DK1,1251.7712,167.47,2026-08-30 08:43:34.908991
933786131850640,2026-06-20 20:00:00,2026-06-20 22:00:00,DK1,1407.2429,188.27,2026-08-30 08:43:34.908991
172631531166641,2026-06-20 19:30:00,2026-06-20 21:30:00,DK1,1437.4403,192.31,2026-08-30 08:43:34.908991
974450159843540,2026-06-20 18:15:00,2026-06-20 20:15:00,DK1,1251.6965,167.46,2026-08-30 08:43:34.908991
807362365280679,2026-06-20 18:00:00,2026-06-20 20:00:00,DK1,1128.8141,151.02,2026-08-30 08:43:34.908991
543994913814212,2026-06-20 17:00:00,2026-06-20 19:00:00,DK1,907.1922,121.37,2026-08-30 08:43:34.908991
614498194708074,2026-06-20 16:15:00,2026-06-20 18:15:00,DK1,874.3787,116.98,2026-08-30 08:43:34.908991
787685133278367,2026-06-20 15:30:00,2026-06-20 17:30:00,DK1,800.3054,107.07,2026-08-30 08:43:34.908991
331088821237791,2026-06-20 14:15:00,2026-06-20 16:15:00,DK1,38.195206,5.11,2026-08-30 08:43:34.908991
82084895897032,2026-06-20 14:00:00,2026-06-20 16:00:00,DK1,1.12119,0.15,2026-08-30 08:43:34.908991
665244187761134,2026-06-20 13:00:00,2026-06-20 15:00:00,DK1,0.0,0.0,2026-08-30 08:43:34.908991
932419290311592,2026-06-20 08:30:00,2026-06-20 10:30:00,DK1,5.306966,0.71,2026-08-30 08:43:34.908991
933583208729200,2026-06-20 08:15:00,2026-06-20 10:15:00,DK1,29.823654,3.99,2026-08-30 08:43:34.908991
344717100265294,2026-06-20 04:00:00,2026-06-20 06:00:00,DK1,872.809,116.77,2026-08-30 08:43:34.908991
505824276877229,2026-06-20 03:00:00,2026-06-20 05:00:00,DK1,863.1668,115.48,2026-08-30 08:43:34.908991
657610850154652,2026-06-20 01:00:00,2026-06-20 03:00:00,DK1,885.8896,118.52,2026-08-30 08:43:34.908991
56973595833245,2026-06-19 23:15:00,2026-06-20 01:15:00,DK1,898.14795,120.16,2026-08-30 08:43:34.908991
129393678595042,2026-06-19 22:30:00,2026-06-20 00:30:00,DK1,925.6544,123.84,2026-08-30 08:43:34.908991
437864463276520,2026-06-19 21:00:00,2026-06-19 23:00:00,DK1,1109.5297,148.44,2026-08-30 08:43:34.908991
426731168373204,2026-06-19 19:30:00,2026-06-19 21:30:00,DK1,1395.9563,186.76,2026-08-30 08:43:34.908991
526034206050903,2026-06-19 17:45:00,2026-06-19 19:45:00,DK1,1529.2284,204.59,2026-08-30 08:43:34.908991
864569553754600,2026-06-19 16:45:00,2026-06-19 18:45:00,DK1,1134.2705,151.75,2026-08-30 08:43:34.908991
370377765353394,2026-06-19 16:15:00,2026-06-19 18:15:00,DK1,903.0812,120.82,2026-08-30 08:43:34.908991
548872766830571,2026-06-19 15:45:00,2026-06-19 17:45:00,DK1,914.59204,122.36,2026-08-30 08:43:34.908991
647809670261176,2026-06-19 15:30:00,2026-06-19 17:30:00,DK1,855.91644,114.51,2026-08-30 08:43:34.908991
194619313450641,2026-06-19 14:45:00,2026-06-19 16:45:00,DK1,798.2125,106.79,2026-08-30 08:43:34.908991
20662703985631,2026-06-19 14:15:00,2026-06-19 16:15:00,DK1,613.06665,82.02,2026-08-30 08:43:34.908991
452859858000597,2026-06-19 12:00:00,2026-06-19 14:00:00,DK1,80.875175,10.82,2026-08-30 08:43:34.908991
69911486298035,2026-06-19 10:15:00,2026-06-19 12:15:00,DK1,104.71915,14.01,2026-08-30 08:43:34.908991
645455183563485,2026-06-19 09:00:00,2026-06-19 11:00:00,DK1,415.6625,55.61,2026-08-30 08:43:34.908991
605649118662696,2026-06-19 06:30:00,2026-06-19 08:30:00,DK1,829.60583,110.99,2026-08-30 08:43:34.908991
67638692249794,2026-06-19 06:00:00,2026-06-19 08:00:00,DK1,922.4404,123.41,2026-08-30 08:43:34.908991
287480533449860,2026-06-19 04:00:00,2026-06-19 06:00:00,DK1,1088.2269,145.59,2026-08-30 08:43:34.908991
790864531960186,2026-06-19 03:30:00,2026-06-19 05:30:00,DK1,899.41864,120.33,2026-08-30 08:43:34.908991
234880335612696,2026-06-19 03:15:00,2026-06-19 05:15:00,DK1,889.2532,118.97,2026-08-30 08:43:34.908991
756653723767025,2026-06-19 02:30:00,2026-06-19 04:30:00,DK1,880.43317,117.79,2026-08-30 08:43:34.908991
374999895381764,2026-06-19 00:30:00,2026-06-19 02:30:00,DK1,915.33954,122.46,2026-08-30 08:43:34.908991
289805680611660,2026-06-19 00:15:00,2026-06-19 02:15:00,DK1,926.0282,123.89,2026-08-30 08:43:34.908991
441961788165720,2026-06-18 21:00:00,2026-06-18 23:00:00,DK1,1417.2778,189.61,2026-08-30 08:43:34.908991
737792483927004,2026-06-18 19:00:00,2026-06-18 21:00:00,DK1,4092.2485,547.48,2026-08-30 08:43:34.908991
217660213626931,2026-06-18 18:00:00,2026-06-18 20:00:00,DK1,2447.142,327.39,2026-08-30 08:43:34.908991
703215917743546,2026-06-18 17:30:00,2026-06-18 19:30:00,DK1,2120.8713,283.74,2026-08-30 08:43:34.908991
786638225173958,2026-06-18 17:15:00,2026-06-18 19:15:00,DK1,1317.3412,176.24,2026-08-30 08:43:34.908991
597584505770974,2026-06-18 16:45:00,2026-06-18 18:45:00,DK1,1265.1677,169.26,2026-08-30 08:43:34.908991
338987170254067,2026-06-18 16:30:00,2026-06-18 18:30:00,DK1,1077.1044,144.1,2026-08-30 08:43:34.908991
853146857299296,2026-06-18 16:00:00,2026-06-18 18:00:00,DK1,761.67194,101.9,2026-08-30 08:43:34.908991
706204216106016,2026-06-18 15:15:00,2026-06-18 17:15:00,DK1,751.3568,100.52,2026-08-30 08:43:34.908991
45336119770719,2026-06-18 14:00:00,2026-06-18 16:00:00,DK1,349.66647,46.78,2026-08-30 08:43:34.908991
392323023833313,2026-06-18 13:30:00,2026-06-18 15:30:00,DK1,404.38126,54.1,2026-08-30 08:43:34.908991
933672276950883,2026-06-18 12:30:00,2026-06-18 14:30:00,DK1,196.36037,26.27,2026-08-30 08:43:34.908991
204986945534331,2026-06-18 11:30:00,2026-06-18 13:30:00,DK1,149.86772,20.05,2026-08-30 08:43:34.908991
677504261768229,2026-06-18 09:45:00,2026-06-18 11:45:00,DK1,195.01492,26.09,2026-08-30 08:43:34.908991
753447152665155,2026-06-18 08:30:00,2026-06-18 10:30:00,DK1,545.20465,72.94,2026-08-30 08:43:34.908991
799072886917766,2026-06-18 08:15:00,2026-06-18 10:15:00,DK1,637.2182,85.25,2026-08-30 08:43:34.908991
608711908581983,2026-06-18 04:30:00,2026-06-18 06:30:00,DK1,1016.70874,136.02,2026-08-30 08:43:34.908991
299596699854992,2026-06-18 03:00:00,2026-06-18 05:00:00,DK1,929.4042,124.34,2026-08-30 08:43:34.908991
116563918559709,2026-06-18 02:30:00,2026-06-18 04:30:00,DK1,894.0489,119.61,2026-08-30 08:43:34.908991
70674775309951,2026-06-18 02:00:00,2026-06-18 04:00:00,DK1,877.38025,117.38,2026-08-30 08:43:34.908991
359413244316424,2026-06-18 01:15:00,2026-06-18 03:15:00,DK1,887.39636,118.72,2026-08-30 08:43:34.908991
630344442822577,2026-06-17 23:30:00,2026-06-18 01:30:00,DK1,927.8345,124.13,2026-08-30 08:43:34.908991
453319156514203,2026-06-17 23:15:00,2026-06-18 01:15:00,DK1,942.7839,126.13,2026-08-30 08:43:34.908991
150709349333150,2026-06-17 22:45:00,2026-06-18 00:45:00,DK1,956.4626,127.96,2026-08-30 08:43:34.908991
512453694863671,2026-06-17 20:00:00,2026-06-17 22:00:00,DK1,1290.392,172.63,2026-08-30 08:43:34.908991
723665134576937,2026-06-17 19:45:00,2026-06-17 21:45:00,DK1,1139.698,152.47,2026-08-30 08:43:34.908991
73875488392491,2026-06-17 16:45:00,2026-06-17 18:45:00,DK1,987.65857,132.13,2026-08-30 08:43:34.908991
713181291755450,2026-06-17 15:30:00,2026-06-17 17:30:00,DK1,835.2453,111.74,2026-08-30 08:43:34.908991
892623449380613,2026-06-17 15:00:00,2026-06-17 17:00:00,DK1,650.2415,86.99,2026-08-30 08:43:34.908991
176971871143528,2026-06-17 14:45:00,2026-06-17 16:45:00,DK1,750.25574,100.37,2026-08-30 08:43:34.908991
916893950581443,2026-06-17 14:30:00,2026-06-17 16:30:00,DK1,697.4829,93.31,2026-08-30 08:43:34.908991
941904616739393,2026-06-17 13:15:00,2026-06-17 15:15:00,DK1,548.95667,73.44,2026-08-30 08:43:34.908991
218691498447324,2026-06-17 13:00:00,2026-06-17 15:00:00,DK1,529.9704,70.9,2026-08-30 08:43:34.908991
681462235832835,2026-06-17 11:15:00,2026-06-17 13:15:00,DK1,534.1564,71.46,2026-08-30 08:43:34.908991
757442874005380,2026-06-17 11:00:00,2026-06-17 13:00:00,DK1,572.0541,76.53,2026-08-30 08:43:34.908991
370526306620880,2026-06-17 10:30:00,2026-06-17 12:30:00,DK1,548.8819,73.43,2026-08-30 08:43:34.908991
449560352923780,2026-06-17 09:45:00,2026-06-17 11:45:00,DK1,556.5063,74.45,2026-08-30 08:43:34.908991
517833517835902,2026-06-17 08:15:00,2026-06-17 10:15:00,DK1,726.41077,97.18,2026-08-30 08:43:34.908991
278827889293014,2026-06-17 07:15:00,2026-06-17 09:15:00,DK1,790.5454,105.76,2026-08-30 08:43:34.908991
357253777719593,2026-06-17 06:45:00,2026-06-17 08:45:00,DK1,825.7522,110.47,2026-08-30 08:43:34.908991
192926527213655,2026-06-17 06:15:00,2026-06-17 08:15:00,DK1,939.5202,125.69,2026-08-30 08:43:34.908991
295642029353682,2026-06-17 05:00:00,2026-06-17 07:00:00,DK1,1105.762,147.93,2026-08-30 08:43:34.908991
349776136735702,2026-06-17 04:30:00,2026-06-17 06:30:00,DK1,1069.2096,143.04,2026-08-30 08:43:34.908991
674617519124075,2026-06-17 03:30:00,2026-06-17 05:30:00,DK1,958.8802,128.28,2026-08-30 08:43:34.908991
922379760905628,2026-06-17 02:30:00,2026-06-17 04:30:00,DK1,951.10626,127.24,2026-08-30 08:43:34.908991
112638646459411,2026-06-16 23:30:00,2026-06-17 01:30:00,DK1,994.3112,133.02,2026-08-30 08:43:34.908991
830625393859512,2026-06-16 22:45:00,2026-06-17 00:45:00,DK1,999.3194,133.69,2026-08-30 08:43:34.908991
636502091170177,2026-06-16 20:45:00,2026-06-16 22:45:00,DK1,1101.3971,147.35,2026-08-30 08:43:34.908991
979332340315474,2026-06-16 19:30:00,2026-06-16 21:30:00,DK1,1369.5892,183.23,2026-08-30 08:43:34.908991
912795826093032,2026-06-16 17:00:00,2026-06-16 19:00:00,DK1,947.792,126.8,2026-08-30 08:43:34.908991
117467022939781,2026-06-16 16:45:00,2026-06-16 18:45:00,DK1,1066.7145,142.71,2026-08-30 08:43:34.908991
423569929301970,2026-06-16 15:00:00,2026-06-16 17:00:00,DK1,702.69653,94.01,2026-08-30 08:43:34.908991
16007462134801,2026-06-16 14:15:00,2026-06-16 16:15:00,DK1,571.2913,76.43,2026-08-30 08:43:34.908991
175603704841088,2026-06-16 13:30:00,2026-06-16 15:30:00,DK1,483.61307,64.7,2026-08-30 08:43:34.908991
233023824069056,2026-06-16 12:45:00,2026-06-16 14:45:00,DK1,444.3709,59.45,2026-08-30 08:43:34.908991
665319330607290,2026-06-16 12:30:00,2026-06-16 14:30:00,DK1,399.82172,53.49,2026-08-30 08:43:34.908991
500332529448714,2026-06-16 12:15:00,2026-06-16 14:15:00,DK1,379.19153,50.73,2026-08-30 08:43:34.908991
839801906679443,2026-06-16 07:30:00,2026-06-16 09:30:00,DK1,805.3989,107.75,2026-08-30 08:43:34.908991
71484803539548,2026-06-16 06:45:00,2026-06-16 08:45:00,DK1,961.69495,128.66,2026-08-30 08:43:34.908991
347076718082409,2026-06-16 06:30:00,2026-06-16 08:30:00,DK1,977.98975,130.84,2026-08-30 08:43:34.908991
773728006231129,2026-06-16 06:00:00,2026-06-16 08:00:00,DK1,1088.6901,145.65,2026-08-30 08:43:34.908991
386449643808817,2026-06-16 05:15:00,2026-06-16 07:15:00,DK1,996.4523,133.31,2026-08-30 08:43:34.908991
984102072636852,2026-06-16 05:00:00,2026-06-16 07:00:00,DK1,1038.9086,138.99,2026-08-30 08:43:34.908991
406276957413021,2026-06-16 04:15:00,2026-06-16 06:15:00,DK1,954.51917,127.7,2026-08-30 08:43:34.908991
625063933150881,2026-06-16 03:45:00,2026-06-16 05:45:00,DK1,887.32166,118.71,2026-08-30 08:43:34.908991
115903771206957,2026-06-16 03:30:00,2026-06-16 05:30:00,DK1,872.8207,116.77,2026-08-30 08:43:34.908991
12436545752108,2026-06-16 02:15:00,2026-06-16 04:15:00,DK1,821.09576,109.85,2026-08-30 08:43:34.908991
549482744323692,2026-06-16 01:30:00,2026-06-16 03:30:00,DK1,811.9019,108.62,2026-08-30 08:43:34.908991
848779657578729,2026-06-16 01:15:00,2026-06-16 03:15:00,DK1,842.324,112.69,2026-08-30 08:43:34.908991
91297588849628,2026-06-16 01:00:00,2026-06-16 03:00:00,DK1,844.7159,113.01,2026-08-30 08:43:34.908991
792477840111986,2026-06-15 23:30:00,2026-06-16 01:30:00,DK1,869.4571,116.32,2026-08-30 08:43:34.908991
101242243518721,2026-06-15 23:00:00,2026-06-16 01:00:00,DK1,902.6448,120.76,2026-08-30 08:43:34.908991
489196955161629,2026-06-15 21:30:00,2026-06-15 23:30:00,DK1,981.33624,131.3,2026-08-30 08:43:34.908991
649195010337130,2026-06-15 21:15:00,2026-06-15 23:15:00,DK1,996.4337,133.32,2026-08-30 08:43:34.908991
180857080394696,2026-06-15 20:30:00,2026-06-15 22:30:00,DK1,1159.068,155.08,2026-08-30 08:43:34.908991
640555456566822,2026-06-15 18:00:00,2026-06-15 20:00:00,DK1,978.57074,130.93,2026-08-30 08:43:34.908991
574556964165100,2026-06-15 17:45:00,2026-06-15 19:45:00,DK1,1121.0253,149.99,2026-08-30 08:43:34.908991
398074134828231,2026-06-15 16:15:00,2026-06-15 18:15:00,DK1,572.8074,76.64,2026-08-30 08:43:34.908991
651279369398592,2026-06-15 15:30:00,2026-06-15 17:30:00,DK1,370.7104,49.6,2026-08-30 08:43:34.908991
854070962991939,2026-06-15 15:00:00,2026-06-15 17:00:00,DK1,63.08056,8.44,2026-08-30 08:43:34.908991
458964725064066,2026-06-15 14:15:00,2026-06-15 16:15:00,DK1,14.948,2.0,2026-08-30 08:43:34.908991
71169947887862,2026-06-15 13:45:00,2026-06-15 15:45:00,DK1,15.24696,2.04,2026-08-30 08:43:34.908991
229747384444155,2026-06-15 13:00:00,2026-06-15 15:00:00,DK1,10.16464,1.36,2026-08-30 08:43:34.908991
39807640106201,2026-06-15 11:00:00,2026-06-15 13:00:00,DK1,14.948,2.0,2026-08-30 08:43:34.908991
575817709225346,2026-06-15 10:30:00,2026-06-15 12:30:00,DK1,14.948,2.0,2026-08-30 08:43:34.908991
122763680820383,2026-06-15 09:45:00,2026-06-15 11:45:00,DK1,21.82408,2.92,2026-08-30 08:43:34.908991
526401588605746,2026-06-15 08:45:00,2026-06-15 10:45:00,DK1,42.90076,5.74,2026-08-30 08:43:34.908991
53953605366649,2026-06-15 07:00:00,2026-06-15 09:00:00,DK1,643.7356,86.13,2026-08-30 08:43:34.908991
448826378974246,2026-06-15 06:30:00,2026-06-15 08:30:00,DK1,625.20013,83.65,2026-08-30 08:43:34.908991
369434600354662,2026-06-15 06:00:00,2026-06-15 08:00:00,DK1,771.83997,103.27,2026-08-30 08:43:34.908991
759636816617028,2026-06-15 04:15:00,2026-06-15 06:15:00,DK1,628.86237,84.14,2026-08-30 08:43:34.908991
735802498621932,2026-06-15 03:30:00,2026-06-15 05:30:00,DK1,429.755,57.5,2026-08-30 08:43:34.908991
961130994437754,2026-06-15 03:15:00,2026-06-15 05:15:00,DK1,407.333,54.5,2026-08-30 08:43:34.908991
342015741803297,2026-06-15 03:00:00,2026-06-15 05:00:00,DK1,407.333,54.5,2026-08-30 08:43:34.908991
696032780622836,2026-06-15 01:00:00,2026-06-15 03:00:00,DK1,366.9734,49.1,2026-08-30 08:43:34.908991
907939280743530,2026-06-15 00:30:00,2026-06-15 02:30:00,DK1,357.33194,47.81,2026-08-30 08:43:34.908991
581814711121529,2026-06-14 22:00:00,2026-06-15 00:00:00,DK1,512.7164,68.6,2026-08-30 08:43:34.908991
686199232786473,2026-06-14 20:45:00,2026-06-14 22:45:00,DK1,572.539,76.6,2026-08-30 08:43:34.908991
595417013479282,2026-06-14 20:15:00,2026-06-14 22:15:00,DK1,654.75745,87.6,2026-08-30 08:43:34.908991
463326459732134,2026-06-14 20:00:00,2026-06-14 22:00:00,DK1,694.1475,92.87,2026-08-30 08:43:34.908991
392633661721588,2026-06-14 19:45:00,2026-06-14 21:45:00,DK1,610.13525,81.63,2026-08-30 08:43:34.908991
368414720669681,2026-06-14 19:30:00,2026-06-14 21:30:00,DK1,650.5718,87.04,2026-08-30 08:43:34.908991
272258397251911,2026-06-14 18:45:00,2026-06-14 20:45:00,DK1,588.2352,78.7,2026-08-30 08:43:34.908991
411415609552801,2026-06-14 17:15:00,2026-06-14 19:15:00,DK1,312.95312,41.87,2026-08-30 08:43:34.908991
546902010783181,2026-06-14 16:15:00,2026-06-14 18:15:00,DK1,14.9488,2.0,2026-08-30 08:43:34.908991
442796680432072,2026-06-14 16:00:00,2026-06-14 18:00:00,DK1,14.9488,2.0,2026-08-30 08:43:34.908991
526946036880828,2026-06-14 15:30:00,2026-06-14 17:30:00,DK1,9.940952,1.33,2026-08-30 08:43:34.908991
679251472503887,2026-06-14 15:00:00,2026-06-14 17:00:00,DK1,0.74744,0.1,2026-08-30 08:43:34.908991
414090519045292,2026-06-14 14:45:00,2026-06-14 16:45:00,DK1,0.0,0.0,2026-08-30 08:43:34.908991
431949949925186,2026-06-14 14:15:00,2026-06-14 16:15:00,DK1,-0.074744,-0.01,2026-08-30 08:43:34.908991
451319082026442,2026-06-14 13:15:00,2026-06-14 15:15:00,DK1,-20.031391,-2.68,2026-08-30 08:43:34.908991
336009533005367,2026-06-14 12:45:00,2026-06-14 14:45:00,DK1,-0.74744,-0.1,2026-08-30 08:43:34.908991
782351948995763,2026-06-14 11:15:00,2026-06-14 13:15:00,DK1,0.0,0.0,2026-08-30 08:43:34.908991
547043854846729,2026-06-14 09:00:00,2026-06-14 11:00:00,DK1,0.0,0.0,2026-08-30 08:43:34.908991
564205997242358,2026-06-14 08:15:00,2026-06-14 10:15:00,DK1,0.0,0.0,2026-08-30 08:43:34.908991
874688451750399,2026-06-14 07:00:00,2026-06-14 09:00:00,DK1,0.0,0.0,2026-08-30 08:43:34.908991
351216786820630,2026-06-14 06:45:00,2026-06-14 08:45:00,DK1,0.0,0.0,2026-08-30 08:43:34.908991
747153830718540,2026-06-14 06:30:00,2026-06-14 08:30:00,DK1,0.0,0.0,2026-08-30 08:43:34.908991
571146821274894,2026-06-14 06:15:00,2026-06-14 08:15:00,DK1,0.0,0.0,2026-08-30 08:43:34.908991
986546077988228,2026-06-14 06:00:00,2026-06-14 08:00:00,DK1,0.0,0.0,2026-08-30 08:43:34.908991
351834244178636,2026-06-14 04:45:00,2026-06-14 06:45:00,DK1,13.304432,1.78,2026-08-30 08:43:34.908991
603697036698276,2026-06-14 03:00:00,2026-06-14 05:00:00,DK1,184.84192,24.73,2026-08-30 08:43:34.908991
539049138464211,2026-06-14 02:00:00,2026-06-14 04:00:00,DK1,187.30846,25.06,2026-08-30 08:43:34.908991
372876835605822,2026-06-14 00:15:00,2026-06-14 02:15:00,DK1,250.09341,33.46,2026-08-30 08:43:34.908991
630042552574566,2026-06-13 23:00:00,2026-06-14 01:00:00,DK1,437.47662,58.53,2026-08-30 08:43:34.908991
824348402025025,2026-06-13 21:45:00,2026-06-13 23:45:00,DK1,525.4503,70.3,2026-08-30 08:43:34.908991
245014171463389,2026-06-13 20:45:00,2026-06-13 22:45:00,DK1,606.99603,81.21,2026-08-30 08:43:34.908991
167252370226741,2026-06-13 19:45:00,2026-06-13 21:45:00,DK1,592.04724,79.21,2026-08-30 08:43:34.908991
874658552747799,2026-06-13 19:30:00,2026-06-13 21:30:00,DK1,597.05505,79.88,2026-08-30 08:43:34.908991
306566994868538,2026-06-13 18:30:00,2026-06-13 20:30:00,DK1,543.68787,72.74,2026-08-30 08:43:34.908991
767947093453907,2026-06-13 17:45:00,2026-06-13 19:45:00,DK1,419.0896,56.07,2026-08-30 08:43:34.908991
5669946343951,2026-06-13 17:30:00,2026-06-13 19:30:00,DK1,319.68008,42.77,2026-08-30 08:43:34.908991
852215425409579,2026-06-13 16:45:00,2026-06-13 18:45:00,DK1,10.165184,1.36,2026-08-30 08:43:34.908991
13315327513531,2026-06-13 11:15:00,2026-06-13 13:15:00,DK1,-153.00096,-20.47,2026-08-30 08:43:34.908991
48801692568483,2026-06-13 09:30:00,2026-06-13 11:30:00,DK1,-64.20509,-8.59,2026-08-30 08:43:34.908991
767632596791819,2026-06-13 09:00:00,2026-06-13 11:00:00,DK1,-25.41296,-3.4,2026-08-30 08:43:34.908991
136279534568572,2026-06-13 07:15:00,2026-06-13 09:15:00,DK1,-0.074744,-0.01,2026-08-30 08:43:34.908991
266919914175110,2026-06-13 06:30:00,2026-06-13 08:30:00,DK1,0.74744,0.1,2026-08-30 08:43:34.908991
792928092500918,2026-06-13 04:45:00,2026-06-13 06:45:00,DK1,114.806786,15.36,2026-08-30 08:43:34.908991
72189705842585,2026-06-13 04:00:00,2026-06-13 06:00:00,DK1,345.39203,46.21,2026-08-30 08:43:34.908991
87347650894415,2026-06-13 01:00:00,2026-06-13 03:00:00,DK1,455.34042,60.92,2026-08-30 08:43:34.908991
988968407996436,2026-06-12 23:15:00,2026-06-13 01:15:00,DK1,579.7145,77.56,2026-08-30 08:43:34.908991
850140301636814,2026-06-12 21:15:00,2026-06-12 23:15:00,DK1,760.44543,101.74,2026-08-30 08:43:34.908991
875263826997239,2026-06-12 19:00:00,2026-06-12 21:00:00,DK1,830.63007,111.13,2026-08-30 08:43:34.908991
418749074376280,2026-06-12 18:30:00,2026-06-12 20:30:00,DK1,800.6578,107.12,2026-08-30 08:43:34.908991
119400356968240,2026-06-12 18:15:00,2026-06-12 20:15:00,DK1,808.3564,108.15,2026-08-30 08:43:34.908991
436384555235562,2026-06-12 17:45:00,2026-06-12 19:45:00,DK1,727.1096,97.28,2026-08-30 08:43:34.908991
593184122295240,2026-06-12 17:30:00,2026-06-12 19:30:00,DK1,728.455,97.46,2026-08-30 08:43:34.908991
489369274138273,2026-06-12 17:00:00,2026-06-12 19:00:00,DK1,719.63525,96.28,2026-08-30 08:43:34.908991
925719188362294,2026-06-12 16:30:00,2026-06-12 18:30:00,DK1,683.60864,91.46,2026-08-30 08:43:34.908991
916124156583978,2026-06-12 15:15:00,2026-06-12 17:15:00,DK1,505.34418,67.61,2026-08-30 08:43:34.908991
680234820831519,2026-06-12 15:00:00,2026-06-12 17:00:00,DK1,421.1077,56.34,2026-08-30 08:43:34.908991
985550762148576,2026-06-12 14:45:00,2026-06-12 16:45:00,DK1,424.1722,56.75,2026-08-30 08:43:34.908991
868298952345175,2026-06-12 14:30:00,2026-06-12 16:30:00,DK1,416.02512,55.66,2026-08-30 08:43:34.908991
895015691349868,2026-06-12 14:15:00,2026-06-12 16:15:00,DK1,383.2125,51.27,2026-08-30 08:43:34.908991
885191378391340,2026-06-12 13:30:00,2026-06-12 15:30:00,DK1,397.56332,53.19,2026-08-30 08:43:34.908991
811222114849714,2026-06-12 13:00:00,2026-06-12 15:00:00,DK1,360.34082,48.21,2026-08-30 08:43:34.908991
279074563287986,2026-06-12 12:00:00,2026-06-12 14:00:00,DK1,416.47357,55.72,2026-08-30 08:43:34.908991
268466434239515,2026-06-12 10:45:00,2026-06-12 12:45:00,DK1,584.2738,78.17,2026-08-30 08:43:34.908991
658392958470230,2026-06-12 10:00:00,2026-06-12 12:00:00,DK1,611.7796,81.85,2026-08-30 08:43:34.908991
419517302972366,2026-06-12 09:30:00,2026-06-12 11:30:00,DK1,660.737,88.4,2026-08-30 08:43:34.908991
46284049168744,2026-06-12 09:15:00,2026-06-12 11:15:00,DK1,675.16254,90.33,2026-08-30 08:43:34.908991
676637927282077,2026-06-12 08:30:00,2026-06-12 10:30:00,DK1,718.81305,96.17,2026-08-30 08:43:34.908991
953575929317173,2026-06-12 08:15:00,2026-06-12 10:15:00,DK1,762.912,102.07,2026-08-30 08:43:34.908991
61528007771775,2026-06-12 08:00:00,2026-06-12 10:00:00,DK1,821.73553,109.94,2026-08-30 08:43:34.908991
854026912534356,2026-06-12 07:00:00,2026-06-12 09:00:00,DK1,923.46216,123.55,2026-08-30 08:43:34.908991
580835134164847,2026-06-12 06:15:00,2026-06-12 08:15:00,DK1,948.80035,126.94,2026-08-30 08:43:34.908991
974784167000731,2026-06-12 04:30:00,2026-06-12 06:30:00,DK1,865.685,115.82,2026-08-30 08:43:34.908991
677815028019333,2026-06-12 03:15:00,2026-06-12 05:15:00,DK1,676.4332,90.5,2026-08-30 08:43:34.908991
866088631452787,2026-06-12 01:45:00,2026-06-12 03:45:00,DK1,670.0052,89.64,2026-08-30 08:43:34.908991
12494655229203,2026-06-12 00:45:00,2026-06-12 02:45:00,DK1,639.7339,85.59,2026-08-30 08:43:34.908991
604350525516969,2026-06-11 23:15:00,2026-06-12 01:15:00,DK1,793.856,106.21,2026-08-30 08:43:34.908991
966755596657316,2026-06-11 22:15:00,2026-06-12 00:15:00,DK1,888.7062,118.9,2026-08-30 08:43:34.908991
730228002676768,2026-06-11 21:45:00,2026-06-11 23:45:00,DK1,767.76013,102.72,2026-08-30 08:43:34.908991
995192202373848,2026-06-11 16:15:00,2026-06-11 18:15:00,DK1,900.8026,120.52,2026-08-30 08:43:34.908991
528666845729159,2026-06-11 15:15:00,2026-06-11 17:15:00,DK1,745.412,99.73,2026-08-30 08:43:34.908991
513325865310679,2026-06-11 12:45:00,2026-06-11 14:45:00,DK1,301.36377,40.32,2026-08-30 08:43:34.908991
111473407730807,2026-06-11 12:30:00,2026-06-11 14:30:00,DK1,296.50546,39.67,2026-08-30 08:43:34.908991
869917448002280,2026-06-11 12:00:00,2026-06-11 14:00:00,DK1,310.93088,41.6,2026-08-30 08:43:34.908991
434921787594275,2026-06-11 11:45:00,2026-06-11 13:45:00,DK1,289.85333,38.78,2026-08-30 08:43:34.908991
732202089057040,2026-06-11 11:30:00,2026-06-11 13:30:00,DK1,358.99063,48.03,2026-08-30 08:43:34.908991
470666307322451,2026-06-11 08:30:00,2026-06-11 10:30:00,DK1,639.9496,85.62,2026-08-30 08:43:34.908991
291388780557729,2026-06-11 07:45:00,2026-06-11 09:45:00,DK1,704.1538,94.21,2026-08-30 08:43:34.908991
863683594766306,2026-06-11 06:45:00,2026-06-11 08:45:00,DK1,829.27356,110.95,2026-08-30 08:43:34.908991
982210406041186,2026-06-11 05:15:00,2026-06-11 07:15:00,DK1,1069.7966,143.13,2026-08-30 08:43:34.908991
178024641523087,2026-06-11 04:15:00,2026-06-11 06:15:00,DK1,1073.0853,143.57,2026-08-30 08:43:34.908991
507688981578801,2026-06-11 03:30:00,2026-06-11 05:30:00,DK1,958.9527,128.3,2026-08-30 08:43:34.908991
725047808185878,2026-06-11 02:30:00,2026-06-11 04:30:00,DK1,941.687,125.99,2026-08-30 08:43:34.908991
244750416460576,2026-06-11 02:00:00,2026-06-11 04:00:00,DK1,941.7618,126.0,2026-08-30 08:43:34.908991
468511904015211,2026-06-11 01:45:00,2026-06-11 03:45:00,DK1,927.3364,124.07,2026-08-30 08:43:34.908991
734615628995211,2026-06-11 01:00:00,2026-06-11 03:00:00,DK1,961.71814,128.67,2026-08-30 08:43:34.908991
173000060314645,2026-06-11 00:15:00,2026-06-11 02:15:00,DK1,950.20776,127.13,2026-08-30 08:43:34.908991
566748545041364,2026-06-10 23:30:00,2026-06-11 01:30:00,DK1,991.0922,132.6,2026-08-30 08:43:34.908991
451184134851077,2026-06-10 23:00:00,2026-06-11 01:00:00,DK1,1045.1313,139.83,2026-08-30 08:43:34.908991
506527982257176,2026-06-10 21:45:00,2026-06-10 23:45:00,DK1,1050.6157,140.56,2026-08-30 08:43:34.908991
70244060648516,2026-06-10 21:00:00,2026-06-10 23:00:00,DK1,1269.1702,169.8,2026-08-30 08:43:34.908991
364808112276981,2026-06-10 19:30:00,2026-06-10 21:30:00,DK1,1467.6182,196.35,2026-08-30 08:43:34.908991
993960129364351,2026-06-10 19:15:00,2026-06-10 21:15:00,DK1,1568.1501,209.8,2026-08-30 08:43:34.908991
282917370074509,2026-06-10 19:00:00,2026-06-10 21:00:00,DK1,1689.6854,226.06,2026-08-30 08:43:34.908991
279000068995318,2026-06-10 17:00:00,2026-06-10 19:00:00,DK1,1070.1989,143.18,2026-08-30 08:43:34.908991
451386212376268,2026-06-10 15:45:00,2026-06-10 17:45:00,DK1,1054.8762,141.13,2026-08-30 08:43:34.908991
60522862066077,2026-06-10 15:15:00,2026-06-10 17:15:00,DK1,825.0353,110.38,2026-08-30 08:43:34.908991
641687300626633,2026-06-10 14:00:00,2026-06-10 16:00:00,DK1,576.6577,77.15,2026-08-30 08:43:34.908991
694065854368840,2026-06-10 13:45:00,2026-06-10 15:45:00,DK1,742.6663,99.36,2026-08-30 08:43:34.908991
925565633476439,2026-06-10 13:30:00,2026-06-10 15:30:00,DK1,663.5861,88.78,2026-08-30 08:43:34.908991
312891544552394,2026-06-10 13:00:00,2026-06-10 15:00:00,DK1,533.0066,71.31,2026-08-30 08:43:34.908991
402625172259628,2026-06-10 11:15:00,2026-06-10 13:15:00,DK1,538.6872,72.07,2026-08-30 08:43:34.908991
709409655600501,2026-06-10 11:00:00,2026-06-10 13:00:00,DK1,540.92957,72.37,2026-08-30 08:43:34.908991
504619955011506,2026-06-10 10:15:00,2026-06-10 12:15:00,DK1,481.95578,64.48,2026-08-30 08:43:34.908991
516680278853838,2026-06-10 09:30:00,2026-06-10 11:30:00,DK1,523.14026,69.99,2026-08-30 08:43:34.908991
445421674348047,2026-06-10 08:00:00,2026-06-10 10:00:00,DK1,689.22363,92.21,2026-08-30 08:43:34.908991
285778583108668,2026-06-10 07:15:00,2026-06-10 09:15:00,DK1,810.0863,108.38,2026-08-30 08:43:34.908991
973848331845109,2026-06-10 07:00:00,2026-06-10 09:00:00,DK1,873.61957,116.88,2026-08-30 08:43:34.908991
422160902226551,2026-06-10 06:45:00,2026-06-10 08:45:00,DK1,757.69006,101.37,2026-08-30 08:43:34.908991
557487226268422,2026-06-10 06:30:00,2026-06-10 08:30:00,DK1,880.72034,117.83,2026-08-30 08:43:34.908991
781902634521900,2026-06-10 05:30:00,2026-06-10 07:30:00,DK1,948.28986,126.87,2026-08-30 08:43:34.908991
469776863782962,2026-06-10 03:45:00,2026-06-10 05:45:00,DK1,882.88794,118.12,2026-08-30 08:43:34.908991
752319316341617,2026-06-10 01:30:00,2026-06-10 03:30:00,DK1,812.92664,108.76,2026-08-30 08:43:34.908991
994762467254838,2026-06-10 01:15:00,2026-06-10 03:15:00,DK1,813.1509,108.79,2026-08-30 08:43:34.908991
128375978906471,2026-06-10 00:15:00,2026-06-10 02:15:00,DK1,813.4498,108.83,2026-08-30 08:43:34.908991
485491363254390,2026-06-09 22:30:00,2026-06-10 00:30:00,DK1,914.50507,122.35,2026-08-30 08:43:34.908991
724916244818766,2026-06-09 22:00:00,2026-06-10 00:00:00,DK1,925.0441,123.76,2026-08-30 08:43:34.908991
213845590241869,2026-06-09 21:45:00,2026-06-09 23:45:00,DK1,911.8524,122.0,2026-08-30 08:43:34.908991
558555648912496,2026-06-09 21:15:00,2026-06-09 23:15:00,DK1,987.267,132.09,2026-08-30 08:43:34.908991
38269928686004,2026-06-09 21:00:00,2026-06-09 23:00:00,DK1,1059.5426,141.76,2026-08-30 08:43:34.908991
830005555593100,2026-06-09 19:45:00,2026-06-09 21:45:00,DK1,1132.1171,151.47,2026-08-30 08:43:34.908991
356771274345042,2026-06-09 19:30:00,2026-06-09 21:30:00,DK1,1178.6813,157.7,2026-08-30 08:43:34.908991
806210758367029,2026-06-09 19:00:00,2026-06-09 21:00:00,DK1,1150.7279,153.96,2026-08-30 08:43:34.908991
381259802324975,2026-06-09 16:30:00,2026-06-09 18:30:00,DK1,940.4039,125.82,2026-08-30 08:43:34.908991
465748668241822,2026-06-09 13:30:00,2026-06-09 15:30:00,DK1,15.69582,2.1,2026-08-30 08:43:34.908991
483499113861074,2026-06-09 12:30:00,2026-06-09 14:30:00,DK1,7.623684,1.02,2026-08-30 08:43:34.908991
961903728457081,2026-06-09 11:45:00,2026-06-09 13:45:00,DK1,9.940686,1.33,2026-08-30 08:43:34.908991
127700450635246,2026-06-09 11:30:00,2026-06-09 13:30:00,DK1,15.69582,2.1,2026-08-30 08:43:34.908991
968603884704119,2026-06-09 11:15:00,2026-06-09 13:15:00,DK1,28.626186,3.83,2026-08-30 08:43:34.908991
950102593032736,2026-06-09 10:45:00,2026-06-09 12:45:00,DK1,50.0024,6.69,2026-08-30 08:43:34.908991
786147632292404,2026-06-09 09:45:00,2026-06-09 11:45:00,DK1,300.08914,40.15,2026-08-30 08:43:34.908991
640569003299541,2026-06-09 09:30:00,2026-06-09 11:30:00,DK1,417.1351,55.81,2026-08-30 08:43:34.908991
493414525195449,2026-06-09 09:15:00,2026-06-09 11:15:00,DK1,488.88745,65.41,2026-08-30 08:43:34.908991
661200804199632,2026-06-09 09:00:00,2026-06-09 11:00:00,DK1,614.6035,82.23,2026-08-30 08:43:34.908991
674521391580557,2026-06-09 07:00:00,2026-06-09 09:00:00,DK1,949.6718,127.06,2026-08-30 08:43:34.908991
700776273348259,2026-06-09 06:45:00,2026-06-09 08:45:00,DK1,858.7856,114.9,2026-08-30 08:43:34.908991
7876011038915,2026-06-09 06:15:00,2026-06-09 08:15:00,DK1,966.11505,129.26,2026-08-30 08:43:34.908991
968772853699890,2026-06-09 05:00:00,2026-06-09 07:00:00,DK1,1059.0194,141.69,2026-08-30 08:43:34.908991
518012499416907,2026-06-09 04:15:00,2026-06-09 06:15:00,DK1,969.32904,129.69,2026-08-30 08:43:34.908991
988351406800814,2026-06-09 04:00:00,2026-06-09 06:00:00,DK1,919.775,123.06,2026-08-30 08:43:34.908991
394267895992834,2026-06-09 03:30:00,2026-06-09 05:30:00,DK1,861.3268,115.24,2026-08-30 08:43:34.908991
105724223020874,2026-06-09 02:45:00,2026-06-09 04:45:00,DK1,822.162,110.0,2026-08-30 08:43:34.908991
395945705188083,2026-06-09 01:15:00,2026-06-09 03:15:00,DK1,830.7573,111.15,2026-08-30 08:43:34.908991
649612909604778,2026-06-09 00:45:00,2026-06-09 02:45:00,DK1,838.82947,112.23,2026-08-30 08:43:34.908991
174183342713275,2026-06-09 00:00:00,2026-06-09 02:00:00,DK1,882.5535,118.08,2026-08-30 08:43:34.908991
248112236929879,2026-06-08 22:30:00,2026-06-09 00:30:00,DK1,931.5095,124.63,2026-08-30 08:43:34.908991
443082668737567,2026-06-08 22:00:00,2026-06-09 00:00:00,DK1,1067.8389,142.87,2026-08-30 08:43:34.908991
200356113200793,2026-06-08 21:30:00,2026-06-08 23:30:00,DK1,951.0665,127.25,2026-08-30 08:43:34.908991
530296449959330,2026-06-08 20:30:00,2026-06-08 22:30:00,DK1,1042.5483,139.49,2026-08-30 08:43:34.908991
850256080283804,2026-06-08 18:30:00,2026-06-08 20:30:00,DK1,1581.0499,211.54,2026-08-30 08:43:34.908991
100307829799660,2026-06-08 16:00:00,2026-06-08 18:00:00,DK1,965.4913,129.18,2026-08-30 08:43:34.908991
428281630638855,2026-06-08 15:30:00,2026-06-08 17:30:00,DK1,985.82056,131.9,2026-08-30 08:43:34.908991
715285466045583,2026-06-08 14:00:00,2026-06-08 16:00:00,DK1,643.5861,86.11,2026-08-30 08:43:34.908991
330103244553275,2026-06-08 11:45:00,2026-06-08 13:45:00,DK1,538.0532,71.99,2026-08-30 08:43:34.908991
349314543815316,2026-06-08 11:00:00,2026-06-08 13:00:00,DK1,538.5764,72.06,2026-08-30 08:43:34.908991
313993484017740,2026-06-08 10:45:00,2026-06-08 12:45:00,DK1,543.65875,72.74,2026-08-30 08:43:34.908991
874983524261605,2026-06-08 09:00:00,2026-06-08 11:00:00,DK1,611.82166,81.86,2026-08-30 08:43:34.908991
394274945277176,2026-06-08 08:15:00,2026-06-08 10:15:00,DK1,693.2135,92.75,2026-08-30 08:43:34.908991
508819407872978,2026-06-08 07:45:00,2026-06-08 09:45:00,DK1,661.449,88.5,2026-08-30 08:43:34.908991
288120909816375,2026-06-08 04:45:00,2026-06-08 06:45:00,DK1,1080.6656,144.59,2026-08-30 08:43:34.908991
95717740474572,2026-06-08 03:30:00,2026-06-08 05:30:00,DK1,1054.5066,141.09,2026-08-30 08:43:34.908991
194354908534755,2026-06-08 01:30:00,2026-06-08 03:30:00,DK1,944.26514,126.34,2026-08-30 08:43:34.908991
224938546630254,2026-06-08 00:30:00,2026-06-08 02:30:00,DK1,986.04474,131.93,2026-08-30 08:43:34.908991
815021506231665,2026-06-07 23:30:00,2026-06-08 01:30:00,DK1,991.7251,132.69,2026-08-30 08:43:34.908991
122307614918910,2026-06-07 23:15:00,2026-06-08 01:15:00,DK1,1003.235,134.23,2026-08-30 08:43:34.908991
13346868836909,2026-06-07 19:15:00,2026-06-07 21:15:00,DK1,1008.1201,134.88,2026-08-30 08:43:34.908991
181125587550496,2026-06-07 17:45:00,2026-06-07 19:45:00,DK1,939.7312,125.73,2026-08-30 08:43:34.908991
516085787796411,2026-06-07 17:30:00,2026-06-07 19:30:00,DK1,898.6231,120.23,2026-08-30 08:43:34.908991
240147629846128,2026-06-07 17:00:00,2026-06-07 19:00:00,DK1,587.62164,78.62,2026-08-30 08:43:34.908991
607603654680368,2026-06-07 14:15:00,2026-06-07 16:15:00,DK1,-125.94027,-16.85,2026-08-30 08:43:34.908991
336071832306574,2026-06-07 13:00:00,2026-06-07 15:00:00,DK1,-232.14865,-31.06,2026-08-30 08:43:34.908991
552283424465242,2026-06-07 11:00:00,2026-06-07 13:00:00,DK1,-1.12113,-0.15,2026-08-30 08:43:34.908991
150650860567656,2026-06-07 07:00:00,2026-06-07 09:00:00,DK1,-7.399458,-0.99,2026-08-30 08:43:34.908991
747567642125827,2026-06-07 06:45:00,2026-06-07 08:45:00,DK1,-15.247368,-2.04,2026-08-30 08:43:34.908991
539978146730719,2026-06-07 06:15:00,2026-06-07 08:15:00,DK1,-0.074742,-0.01,2026-08-30 08:43:34.908991
8231120898923,2026-06-07 06:00:00,2026-06-07 08:00:00,DK1,1.793808,0.24,2026-08-30 08:43:34.908991
487693109023031,2026-06-07 05:45:00,2026-06-07 07:45:00,DK1,0.0,0.0,2026-08-30 08:43:34.908991
403603172979447,2026-06-07 04:15:00,2026-06-07 06:15:00,DK1,38.19316,5.11,2026-08-30 08:43:34.908991
816943411914824,2026-06-07 02:45:00,2026-06-07 04:45:00,DK1,433.5036,58.0,2026-08-30 08:43:34.908991
786758283700404,2026-06-07 02:15:00,2026-06-07 04:15:00,DK1,521.77386,69.81,2026-08-30 08:43:34.908991
226186729565970,2026-06-07 01:15:00,2026-06-07 03:15:00,DK1,622.2272,83.25,2026-08-30 08:43:34.908991
695894131178194,2026-06-07 00:30:00,2026-06-07 02:30:00,DK1,688.0001,92.05,2026-08-30 08:43:34.908991
673558042529386,2026-06-07 00:00:00,2026-06-07 02:00:00,DK1,743.83234,99.52,2026-08-30 08:43:34.908991
354044996873271,2026-06-06 23:45:00,2026-06-07 01:45:00,DK1,687.2527,91.95,2026-08-30 08:43:34.908991
920234167491198,2026-06-06 23:30:00,2026-06-07 01:30:00,DK1,738.30145,98.78,2026-08-30 08:43:34.908991
927644873432478,2026-06-06 23:00:00,2026-06-07 01:00:00,DK1,790.2472,105.73,2026-08-30 08:43:34.908991
33071882470862,2026-06-06 22:45:00,2026-06-07 00:45:00,DK1,787.407,105.35,2026-08-30 08:43:34.908991
305205628885467,2026-06-06 22:00:00,2026-06-07 00:00:00,DK1,901.61273,120.63,2026-08-30 08:43:34.908991
262403794199753,2026-06-06 21:45:00,2026-06-06 23:45:00,DK1,854.2263,114.29,2026-08-30 08:43:34.908991
197878992245111,2026-06-06 21:30:00,2026-06-06 23:30:00,DK1,897.4272,120.07,2026-08-30 08:43:34.908991
667508819684327,2026-06-06 21:00:00,2026-06-06 23:00:00,DK1,952.73627,127.47,2026-08-30 08:43:34.908991
23103278889463,2026-06-06 14:00:00,2026-06-06 16:00:00,DK1,94.249664,12.61,2026-08-30 08:43:34.908991
69418120611353,2026-06-06 13:30:00,2026-06-06 15:30:00,DK1,232.74658,31.14,2026-08-30 08:43:34.908991
391479105324135,2026-06-06 11:45:00,2026-06-06 13:45:00,DK1,134.5356,18.0,2026-08-30 08:43:34.908991
477487089780310,2026-06-06 11:30:00,2026-06-06 13:30:00,DK1,134.5356,18.0,2026-08-30 08:43:34.908991
673672120554753,2026-06-06 10:45:00,2026-06-06 12:45:00,DK1,156.43501,20.93,2026-08-30 08:43:34.908991
874695228196573,2026-06-06 09:15:00,2026-06-06 11:15:00,DK1,224.74919,30.07,2026-08-30 08:43:34.908991
910473720392409,2026-06-06 08:30:00,2026-06-06 10:30:00,DK1,210.02502,28.1,2026-08-30 08:43:34.908991
656903973352547,2026-06-06 06:00:00,2026-06-06 08:00:00,DK1,792.04095,105.97,2026-08-30 08:43:34.908991
399601435411466,2026-06-06 04:00:00,2026-06-06 06:00:00,DK1,932.25696,124.73,2026-08-30 08:43:34.908991
635919799958002,2026-06-06 03:45:00,2026-06-06 05:45:00,DK1,896.2313,119.91,2026-08-30 08:43:34.908991
160155742684906,2026-06-06 03:30:00,2026-06-06 05:30:00,DK1,922.98895,123.49,2026-08-30 08:43:34.908991
49798788403337,2026-06-06 03:15:00,2026-06-06 05:15:00,DK1,950.7182,127.2,2026-08-30 08:43:34.908991
438423043109000,2026-06-06 02:00:00,2026-06-06 04:00:00,DK1,967.6847,129.47,2026-08-30 08:43:34.908991
259408838622346,2026-06-06 01:15:00,2026-06-06 03:15:00,DK1,868.2778,116.17,2026-08-30 08:43:34.908991
522882287379180,2026-06-06 00:00:00,2026-06-06 02:00:00,DK1,1042.053,139.42,2026-08-30 08:43:34.908991
343193985847828,2026-06-05 22:00:00,2026-06-06 00:00:00,DK1,1226.0677,164.04,2026-08-30 08:43:34.908991
163989343235730,2026-06-05 20:45:00,2026-06-05 22:45:00,DK1,1186.3798,158.73,2026-08-30 08:43:34.908991
438058274219327,2026-06-05 20:00:00,2026-06-05 22:00:00,DK1,1364.6394,182.58,2026-08-30 08:43:34.908991
27351856412311,2026-06-05 19:30:00,2026-06-05 21:30:00,DK1,1419.2759,189.89,2026-08-30 08:43:34.908991
45257243793610,2026-06-05 17:00:00,2026-06-05 19:00:00,DK1,949.82135,127.08,2026-08-30 08:43:34.908991
931415481657935,2026-06-05 16:45:00,2026-06-05 18:45:00,DK1,1174.7947,157.18,2026-08-30 08:43:34.908991
51763237873815,2026-06-05 14:15:00,2026-06-05 16:15:00,DK1,457.86948,61.26,2026-08-30 08:43:34.908991
817581669480075,2026-06-05 13:30:00,2026-06-05 15:30:00,DK1,336.04004,44.96,2026-08-30 08:43:34.908991
212882874490119,2026-06-05 11:45:00,2026-06-05 13:45:00,DK1,183.79057,24.59,2026-08-30 08:43:34.908991
156242001492865,2026-06-05 11:30:00,2026-06-05 13:30:00,DK1,252.10477,33.73,2026-08-30 08:43:34.908991
106131536607123,2026-06-05 09:30:00,2026-06-05 11:30:00,DK1,484.17868,64.78,2026-08-30 08:43:34.908991
112083234742386,2026-06-05 07:30:00,2026-06-05 09:30:00,DK1,687.6264,92.0,2026-08-30 08:43:34.908991
450968981694874,2026-06-05 07:00:00,2026-06-05 09:00:00,DK1,875.6773,117.16,2026-08-30 08:43:34.908991
764891507177249,2026-06-05 06:00:00,2026-06-05 08:00:00,DK1,897.6514,120.1,2026-08-30 08:43:34.908991
737026149862318,2026-06-05 04:45:00,2026-06-05 06:45:00,DK1,766.8529,102.6,2026-08-30 08:43:34.908991
351362903130802,2026-06-05 01:45:00,2026-06-05 03:45:00,DK1,529.3976,70.83,2026-08-30 08:43:34.908991
133955854353325,2026-06-05 01:15:00,2026-06-05 03:15:00,DK1,593.302,79.38,2026-08-30 08:43:34.908991
361248147672175,2026-06-04 23:15:00,2026-06-05 01:15:00,DK1,592.0314,79.21,2026-08-30 08:43:34.908991
71174033346553,2026-06-04 23:00:00,2026-06-05 01:00:00,DK1,613.70654,82.11,2026-08-30 08:43:34.908991
850757878986925,2026-06-04 22:45:00,2026-06-05 00:45:00,DK1,547.8589,73.3,2026-08-30 08:43:34.908991
149251217301929,2026-06-04 22:00:00,2026-06-05 00:00:00,DK1,700.18304,93.68,2026-08-30 08:43:34.908991
925280411422834,2026-06-04 19:45:00,2026-06-04 21:45:00,DK1,849.14386,113.61,2026-08-30 08:43:34.908991
886173693466,2026-06-04 19:15:00,2026-06-04 21:15:00,DK1,869.69794,116.36,2026-08-30 08:43:34.908991
131815647554055,2026-06-04 18:30:00,2026-06-04 20:30:00,DK1,893.76483,119.58,2026-08-30 08:43:34.908991
54401866529996,2026-06-04 18:00:00,2026-06-04 20:00:00,DK1,854.0768,114.27,2026-08-30 08:43:34.908991
765287959719833,2026-06-04 15:15:00,2026-06-04 17:15:00,DK1,453.6092,60.69,2026-08-30 08:43:34.908991
702791000750822,2026-06-04 15:00:00,2026-06-04 17:00:00,DK1,276.99387,37.06,2026-08-30 08:43:34.908991
423513586103243,2026-06-04 14:15:00,2026-06-04 16:15:00,DK1,109.646515,14.67,2026-08-30 08:43:34.908991
949042270803170,2026-06-04 13:15:00,2026-06-04 15:15:00,DK1,74.742,10.0,2026-08-30 08:43:34.908991
256323078770779,2026-06-04 13:00:00,2026-06-04 15:00:00,DK1,68.01522,9.1,2026-08-30 08:43:34.908991
855581737666371,2026-06-04 11:15:00,2026-06-04 13:15:00,DK1,70.93016,9.49,2026-08-30 08:43:34.908991
298595288026071,2026-06-04 08:30:00,2026-06-04 10:30:00,DK1,86.70072,11.6,2026-08-30 08:43:34.908991
599913490757024,2026-06-04 05:45:00,2026-06-04 07:45:00,DK1,588.4438,78.73,2026-08-30 08:43:34.908991
259539897434211,2026-08-29 20:30:00,2026-08-29 22:30:00,DK1,1174.5901,157.14,2026-08-30 08:43:34.908991
312587241418249,2026-08-29 20:00:00,2026-08-29 22:00:00,DK1,1338.3629,179.05,2026-08-30 08:43:34.908991
563544812954926,2026-08-29 19:45:00,2026-08-29 21:45:00,DK1,1171.1516,156.68,2026-08-30 08:43:34.908991
8404686113509,2026-08-29 17:45:00,2026-08-29 19:45:00,DK1,1585.3303,212.09,2026-08-30 08:43:34.908991
516601542362624,2026-08-29 17:30:00,2026-08-29 19:30:00,DK1,1513.7965,202.52,2026-08-30 08:43:34.908991
719261454918971,2026-08-29 14:45:00,2026-08-29 16:45:00,DK1,498.71866,66.72,2026-08-30 08:43:34.908991
272725983976170,2026-08-29 14:30:00,2026-08-29 16:30:00,DK1,250.03207,33.45,2026-08-30 08:43:34.908991
115942083538427,2026-08-29 12:00:00,2026-08-29 14:00:00,DK1,4.185888,0.56,2026-08-30 08:43:34.908991
724836401931044,2026-08-29 11:15:00,2026-08-29 13:15:00,DK1,9.791988,1.31,2026-08-30 08:43:34.908991
881168528602377,2026-08-29 10:00:00,2026-08-29 12:00:00,DK1,13.977876,1.87,2026-08-30 08:43:34.908991
56295837725441,2026-08-29 07:45:00,2026-08-29 09:45:00,DK1,21.602173,2.89,2026-08-30 08:43:34.908991
334466500530457,2026-08-29 07:30:00,2026-08-29 09:30:00,DK1,22.200155,2.97,2026-08-30 08:43:34.908991
419385010445351,2026-08-29 06:45:00,2026-08-29 08:45:00,DK1,75.49548,10.1,2026-08-30 08:43:34.908991
66398224060845,2026-08-29 04:15:00,2026-08-29 06:15:00,DK1,732.60516,98.01,2026-08-30 08:43:34.908991
80356212317187,2026-08-29 03:45:00,2026-08-29 05:45:00,DK1,714.8899,95.64,2026-08-30 08:43:34.908991
620033072322163,2026-08-29 03:15:00,2026-08-29 05:15:00,DK1,704.2009,94.21,2026-08-30 08:43:34.908991
369862723633618,2026-08-29 02:15:00,2026-08-29 04:15:00,DK1,695.97864,93.11,2026-08-30 08:43:34.908991
630688319418876,2026-08-29 01:45:00,2026-08-29 03:45:00,DK1,685.2897,91.68,2026-08-30 08:43:34.908991
809051388360470,2026-08-29 01:15:00,2026-08-29 03:15:00,DK1,680.431,91.03,2026-08-30 08:43:34.908991
200143168536521,2026-08-29 00:30:00,2026-08-29 02:30:00,DK1,743.8174,99.51,2026-08-30 08:43:34.908991
817255798052712,2026-08-29 00:00:00,2026-08-29 02:00:00,DK1,798.9814,106.89,2026-08-30 08:43:34.908991
696849691815810,2026-08-28 22:30:00,2026-08-29 00:30:00,DK1,953.85925,127.61,2026-08-30 08:43:34.908991
767498569879934,2026-08-28 21:15:00,2026-08-28 23:15:00,DK1,1118.9775,149.7,2026-08-30 08:43:34.908991
748967803604098,2026-08-28 19:00:00,2026-08-28 21:00:00,DK1,1313.9203,175.78,2026-08-30 08:43:34.908991
41270941103534,2026-08-28 18:45:00,2026-08-28 20:45:00,DK1,1297.7748,173.62,2026-08-30 08:43:34.908991
990474937094976,2026-08-28 15:45:00,2026-08-28 17:45:00,DK1,1220.1116,163.23,2026-08-30 08:43:34.908991
423944217960136,2026-08-28 14:45:00,2026-08-28 16:45:00,DK1,924.85706,123.73,2026-08-30 08:43:34.908991
834516075648265,2026-08-28 14:15:00,2026-08-28 16:15:00,DK1,866.1051,115.87,2026-08-30 08:43:34.908991
149533004207366,2026-08-28 13:45:00,2026-08-28 15:45:00,DK1,869.46875,116.32,2026-08-30 08:43:34.908991
110468235103740,2026-08-28 11:30:00,2026-08-28 13:30:00,DK1,781.4156,104.54,2026-08-30 08:43:34.908991
543002539162024,2026-08-28 10:15:00,2026-08-28 12:15:00,DK1,841.36346,112.56,2026-08-30 08:43:34.908991
362174538269969,2026-08-28 07:45:00,2026-08-28 09:45:00,DK1,1094.9835,146.49,2026-08-30 08:43:34.908991
640201957839660,2026-08-28 07:30:00,2026-08-28 09:30:00,DK1,1129.1433,151.06,2026-08-30 08:43:34.908991
575675531154240,2026-08-28 06:15:00,2026-08-28 08:15:00,DK1,1159.9395,155.18,2026-08-30 08:43:34.908991
100248841490171,2026-08-28 05:30:00,2026-08-28 07:30:00,DK1,1146.6343,153.4,2026-08-30 08:43:34.908991
879934084707984,2026-08-28 04:15:00,2026-08-28 06:15:00,DK1,1050.1346,140.49,2026-08-30 08:43:34.908991
63426682996861,2026-08-28 03:45:00,2026-08-28 05:45:00,DK1,947.8794,126.81,2026-08-30 08:43:34.908991
372834126033035,2026-08-28 01:15:00,2026-08-28 03:15:00,DK1,854.6686,114.34,2026-08-30 08:43:34.908991
52069833258602,2026-08-28 01:00:00,2026-08-28 03:00:00,DK1,853.0242,114.12,2026-08-30 08:43:34.908991
665734022269254,2026-08-27 23:15:00,2026-08-28 01:15:00,DK1,827.9836,110.77,2026-08-30 08:43:34.908991
626758666523381,2026-08-27 22:45:00,2026-08-28 00:45:00,DK1,824.0219,110.24,2026-08-30 08:43:34.908991
425201664084067,2026-08-27 22:00:00,2026-08-28 00:00:00,DK1,757.7205,101.37,2026-08-30 08:43:34.908991
601216782309749,2026-08-27 19:30:00,2026-08-27 21:30:00,DK1,1034.947,138.46,2026-08-30 08:43:34.908991
660644276384275,2026-08-27 15:45:00,2026-08-27 17:45:00,DK1,1122.5504,150.18,2026-08-30 08:43:34.908991
69020604760336,2026-08-27 14:15:00,2026-08-27 16:15:00,DK1,630.71515,84.38,2026-08-30 08:43:34.908991
750325704727894,2026-08-27 13:45:00,2026-08-27 15:45:00,DK1,444.8194,59.51,2026-08-30 08:43:34.908991
974057086210229,2026-08-27 12:30:00,2026-08-27 14:30:00,DK1,12.183761,1.63,2026-08-30 08:43:34.908991
189011510140427,2026-08-27 09:45:00,2026-08-27 11:45:00,DK1,50.00574,6.69,2026-08-30 08:43:34.908991
253451053403107,2026-08-27 08:00:00,2026-08-27 10:00:00,DK1,898.3842,120.19,2026-08-30 08:43:34.908991
661319558619509,2026-08-27 07:45:00,2026-08-27 09:45:00,DK1,716.74896,95.89,2026-08-30 08:43:34.908991
492944457784695,2026-08-27 06:00:00,2026-08-27 08:00:00,DK1,1283.4808,171.71,2026-08-30 08:43:34.908991
592831266845783,2026-08-27 03:00:00,2026-08-27 05:00:00,DK1,1036.5166,138.67,2026-08-30 08:43:34.908991
119863395864025,2026-08-27 02:45:00,2026-08-27 04:45:00,DK1,1044.5894,139.75,2026-08-30 08:43:34.908991
516938654707150,2026-08-26 23:45:00,2026-08-27 01:45:00,DK1,998.0967,133.53,2026-08-30 08:43:34.908991
241425096923551,2026-08-26 20:30:00,2026-08-26 22:30:00,DK1,1222.8003,163.57,2026-08-30 08:43:34.908991
619535477379969,2026-08-26 19:45:00,2026-08-26 21:45:00,DK1,1247.5448,166.88,2026-08-30 08:43:34.908991
702348996060011,2026-08-26 17:30:00,2026-08-26 19:30:00,DK1,1637.3279,219.02,2026-08-30 08:43:34.908991
252865836063159,2026-08-26 17:15:00,2026-08-26 19:15:00,DK1,1545.4514,206.73,2026-08-30 08:43:34.908991
220522293618413,2026-08-26 16:30:00,2026-08-26 18:30:00,DK1,1432.6432,191.64,2026-08-30 08:43:34.908991
788517054611595,2026-08-26 15:00:00,2026-08-26 17:00:00,DK1,941.0411,125.88,2026-08-30 08:43:34.908991
241490852693166,2026-08-26 13:45:00,2026-08-26 15:45:00,DK1,828.68134,110.85,2026-08-30 08:43:34.908991
987266632410348,2026-08-26 13:30:00,2026-08-26 15:30:00,DK1,774.25824,103.57,2026-08-30 08:43:34.908991
603842653785469,2026-08-26 12:30:00,2026-08-26 14:30:00,DK1,666.7577,89.19,2026-08-30 08:43:34.908991
734848368199889,2026-08-26 10:45:00,2026-08-26 12:45:00,DK1,633.6403,84.76,2026-08-30 08:43:34.908991
413460164234967,2026-08-26 09:15:00,2026-08-26 11:15:00,DK1,927.5849,124.08,2026-08-30 08:43:34.908991
839643991730016,2026-08-26 08:45:00,2026-08-26 10:45:00,DK1,893.72,119.55,2026-08-30 08:43:34.908991
452240905187829,2026-08-26 08:15:00,2026-08-26 10:15:00,DK1,1005.4069,134.49,2026-08-30 08:43:34.908991
168908197450164,2026-08-26 06:15:00,2026-08-26 08:15:00,DK1,1528.7059,204.49,2026-08-30 08:43:34.908991
597984539112382,2026-08-26 05:15:00,2026-08-26 07:15:00,DK1,1488.1876,199.07,2026-08-30 08:43:34.908991
383564593707661,2026-08-26 04:30:00,2026-08-26 06:30:00,DK1,1420.9064,190.07,2026-08-30 08:43:34.908991
165958401573951,2026-08-26 03:15:00,2026-08-26 05:15:00,DK1,1168.4519,156.3,2026-08-30 08:43:34.908991
788161314188707,2026-08-26 02:30:00,2026-08-26 04:30:00,DK1,1132.6433,151.51,2026-08-30 08:43:34.908991
870322908698429,2026-08-26 01:45:00,2026-08-26 03:45:00,DK1,1115.4492,149.21,2026-08-30 08:43:34.908991
289663645131000,2026-08-26 00:45:00,2026-08-26 02:45:00,DK1,1126.588,150.7,2026-08-30 08:43:34.908991
673476491151330,2026-08-26 00:15:00,2026-08-26 02:15:00,DK1,1132.8676,151.54,2026-08-30 08:43:34.908991
23376450521212,2026-08-25 22:45:00,2026-08-26 00:45:00,DK1,1142.1375,152.78,2026-08-30 08:43:34.908991
697294562749913,2026-08-25 22:30:00,2026-08-26 00:30:00,DK1,1173.311,156.95,2026-08-30 08:43:34.908991
686149869590476,2026-08-25 21:30:00,2026-08-25 23:30:00,DK1,1190.1426,159.21,2026-08-30 08:43:34.908991
267534423229521,2026-08-25 20:30:00,2026-08-25 22:30:00,DK1,1289.4893,172.5,2026-08-30 08:43:34.908991
811296143387992,2026-08-25 20:00:00,2026-08-25 22:00:00,DK1,1308.7008,175.07,2026-08-30 08:43:34.908991
837734282213658,2026-08-25 18:15:00,2026-08-25 20:15:00,DK1,1589.6226,212.65,2026-08-30 08:43:34.908991
776457229984533,2026-08-25 17:45:00,2026-08-25 19:45:00,DK1,1635.5209,218.79,2026-08-30 08:43:34.908991
132857066856609,2026-08-25 13:45:00,2026-08-25 15:45:00,DK1,761.88257,101.92,2026-08-30 08:43:34.908991
746583989196995,2026-08-25 13:00:00,2026-08-25 15:00:00,DK1,530.2978,70.94,2026-08-30 08:43:34.908991
100862695905597,2026-08-25 11:30:00,2026-08-25 13:30:00,DK1,442.31348,59.17,2026-08-30 08:43:34.908991
40695167430535,2026-08-25 11:15:00,2026-08-25 13:15:00,DK1,426.69012,57.08,2026-08-30 08:43:34.908991
47796588735512,2026-08-25 08:30:00,2026-08-25 10:30:00,DK1,809.575,108.3,2026-08-30 08:43:34.908991
427841554302564,2026-08-25 07:15:00,2026-08-25 09:15:00,DK1,1115.3147,149.2,2026-08-30 08:43:34.908991
246172509026641,2026-08-25 05:45:00,2026-08-25 07:45:00,DK1,1265.1946,169.25,2026-08-30 08:43:34.908991
783514667045893,2026-08-25 03:45:00,2026-08-25 05:45:00,DK1,1171.3048,156.69,2026-08-30 08:43:34.908991
514187550712997,2026-08-24 23:30:00,2026-08-25 01:30:00,DK1,1078.5363,144.28,2026-08-30 08:43:34.908991
990169487860916,2026-08-24 22:30:00,2026-08-25 00:30:00,DK1,1130.0411,151.17,2026-08-30 08:43:34.908991
40415079561190,2026-08-24 20:00:00,2026-08-24 22:00:00,DK1,1315.2747,175.94,2026-08-30 08:43:34.908991
742619119973608,2026-08-24 19:15:00,2026-08-24 21:15:00,DK1,1454.3975,194.55,2026-08-30 08:43:34.908991
734257811550139,2026-08-24 19:00:00,2026-08-24 21:00:00,DK1,1499.7749,200.62,2026-08-30 08:43:34.908991
495011749307248,2026-08-24 18:45:00,2026-08-24 20:45:00,DK1,1492.0002,199.58,2026-08-30 08:43:34.908991
823345393155240,2026-08-24 18:00:00,2026-08-24 20:00:00,DK1,1820.632,243.54,2026-08-30 08:43:34.908991
738765407092104,2026-08-24 15:45:00,2026-08-24 17:45:00,DK1,1298.4543,173.69,2026-08-30 08:43:34.908991
533390602789788,2026-08-24 15:15:00,2026-08-24 17:15:00,DK1,977.74677,130.79,2026-08-30 08:43:34.908991
946862360757034,2026-08-24 14:45:00,2026-08-24 16:45:00,DK1,953.7498,127.58,2026-08-30 08:43:34.908991
43214117226431,2026-08-24 14:15:00,2026-08-24 16:15:00,DK1,743.0098,99.39,2026-08-30 08:43:34.908991
280682797382846,2026-08-24 13:15:00,2026-08-24 15:15:00,DK1,587.9638,78.65,2026-08-30 08:43:34.908991
340651155237242,2026-08-24 10:45:00,2026-08-24 12:45:00,DK1,390.00726,52.17,2026-08-30 08:43:34.908991
145590184843571,2026-08-24 10:15:00,2026-08-24 12:15:00,DK1,402.6412,53.86,2026-08-30 08:43:34.908991
381712360413122,2026-08-24 08:30:00,2026-08-24 10:30:00,DK1,807.22614,107.98,2026-08-30 08:43:34.908991
679927465820500,2026-08-24 07:00:00,2026-08-24 09:00:00,DK1,1299.4263,173.82,2026-08-30 08:43:34.908991
867095825323964,2026-08-24 05:45:00,2026-08-24 07:45:00,DK1,1346.1493,180.07,2026-08-30 08:43:34.908991
822133602333984,2026-08-24 04:00:00,2026-08-24 06:00:00,DK1,1356.8396,181.5,2026-08-30 08:43:34.908991
673628961813368,2026-08-24 03:45:00,2026-08-24 05:45:00,DK1,1420.6073,190.03,2026-08-30 08:43:34.908991
356595669003856,2026-08-24 02:15:00,2026-08-24 04:15:00,DK1,1113.4308,148.94,2026-08-30 08:43:34.908991
765053510594578,2026-08-24 01:30:00,2026-08-24 03:30:00,DK1,1108.4968,148.28,2026-08-30 08:43:34.908991
184338935631013,2026-08-24 01:00:00,2026-08-24 03:00:00,DK1,1113.2812,148.92,2026-08-30 08:43:34.908991
224509363463609,2026-08-24 00:45:00,2026-08-24 02:45:00,DK1,1114.1782,149.04,2026-08-30 08:43:34.908991
144833783799403,2026-08-24 00:15:00,2026-08-24 02:15:00,DK1,1105.357,147.86,2026-08-30 08:43:34.908991
805487516239725,2026-08-23 23:45:00,2026-08-24 01:45:00,DK1,1105.656,147.9,2026-08-30 08:43:34.908991
726928580896141,2026-08-23 23:30:00,2026-08-24 01:30:00,DK1,1126.3636,150.67,2026-08-30 08:43:34.908991
938833622556606,2026-08-23 22:30:00,2026-08-24 00:30:00,DK1,1199.7003,160.48,2026-08-30 08:43:34.908991
759040252592688,2026-08-23 22:00:00,2026-08-24 00:00:00,DK1,1225.7905,163.97,2026-08-30 08:43:34.908991
438795873200301,2026-08-23 21:30:00,2026-08-23 23:30:00,DK1,1248.5333,167.01,2026-08-30 08:43:34.908991
892871347807057,2026-08-23 20:15:00,2026-08-23 22:15:00,DK1,1307.9661,174.96,2026-08-30 08:43:34.908991
398218240399633,2026-08-23 20:00:00,2026-08-23 22:00:00,DK1,1315.2922,175.94,2026-08-30 08:43:34.908991
641099245599290,2026-08-23 19:30:00,2026-08-23 21:30:00,DK1,1333.6826,178.4,2026-08-30 08:43:34.908991
311281217648308,2026-08-23 17:00:00,2026-08-23 19:00:00,DK1,1224.0875,163.74,2026-08-30 08:43:34.908991
59995650828372,2026-08-23 16:15:00,2026-08-23 18:15:00,DK1,948.1557,126.83,2026-08-30 08:43:34.908991
406748791673889,2026-08-23 14:15:00,2026-08-23 16:15:00,DK1,-0.37379,-0.05,2026-08-30 08:43:34.908991
195673878966446,2026-08-23 13:45:00,2026-08-23 15:45:00,DK1,0.0,0.0,2026-08-30 08:43:34.908991
790550540114058,2026-08-23 12:30:00,2026-08-23 14:30:00,DK1,9.868056,1.32,2026-08-30 08:43:34.908991
465133453024933,2026-08-23 11:15:00,2026-08-23 13:15:00,DK1,11.737006,1.57,2026-08-30 08:43:34.908991
426229277092510,2026-08-23 09:15:00,2026-08-23 11:15:00,DK1,6.877736,0.92,2026-08-30 08:43:34.908991
373172788725755,2026-08-23 08:15:00,2026-08-23 10:15:00,DK1,2.691288,0.36,2026-08-30 08:43:34.908991
651560284787529,2026-08-23 07:45:00,2026-08-23 09:45:00,DK1,0.0,0.0,2026-08-30 08:43:34.908991
624977881415129,2026-08-23 05:00:00,2026-08-23 07:00:00,DK1,867.11804,115.99,2026-08-30 08:43:34.908991
4752850729604,2026-08-23 02:30:00,2026-08-23 04:30:00,DK1,844.84015,113.01,2026-08-30 08:43:34.908991
237925778752810,2026-08-23 02:15:00,2026-08-23 04:15:00,DK1,843.5692,112.84,2026-08-30 08:43:34.908991
224289273710400,2026-08-23 00:45:00,2026-08-23 02:45:00,DK1,847.3071,113.34,2026-08-30 08:43:34.908991
514104345679108,2026-08-23 00:00:00,2026-08-23 02:00:00,DK1,922.3642,123.38,2026-08-30 08:43:34.908991
679528126721822,2026-08-22 20:45:00,2026-08-22 22:45:00,DK1,919.59814,123.01,2026-08-30 08:43:34.908991
206268281658451,2026-08-22 19:30:00,2026-08-22 21:30:00,DK1,945.7635,126.51,2026-08-30 08:43:34.908991
253497135008889,2026-08-22 18:45:00,2026-08-22 20:45:00,DK1,1023.2127,136.87,2026-08-30 08:43:34.908991
109398533609418,2026-08-22 17:45:00,2026-08-22 19:45:00,DK1,994.6552,133.05,2026-08-30 08:43:34.908991
955148411011719,2026-08-22 15:30:00,2026-08-22 17:30:00,DK1,297.38733,39.78,2026-08-30 08:43:34.908991
715034721612826,2026-08-22 15:00:00,2026-08-22 17:00:00,DK1,10.83991,1.45,2026-08-30 08:43:34.908991
919734892043208,2026-08-22 11:45:00,2026-08-22 13:45:00,DK1,9.942814,1.33,2026-08-30 08:43:34.908991
434092945546683,2026-08-22 11:00:00,2026-08-22 13:00:00,DK1,10.09233,1.35,2026-08-30 08:43:34.908991
753115144261671,2026-08-22 10:00:00,2026-08-22 12:00:00,DK1,22.576916,3.02,2026-08-30 08:43:34.908991
904803260282206,2026-08-22 09:00:00,2026-08-22 11:00:00,DK1,300.00388,40.13,2026-08-30 08:43:34.908991
29955637384649,2026-08-22 08:30:00,2026-08-22 10:30:00,DK1,284.15515,38.01,2026-08-30 08:43:34.908991
43476311242914,2026-08-22 08:15:00,2026-08-22 10:15:00,DK1,470.52686,62.94,2026-08-30 08:43:34.908991
70208648142165,2026-08-22 06:45:00,2026-08-22 08:45:00,DK1,767.68994,102.69,2026-08-30 08:43:34.908991
863377726760495,2026-08-22 06:00:00,2026-08-22 08:00:00,DK1,1101.335,147.32,2026-08-30 08:43:34.908991
119112182780683,2026-08-22 05:15:00,2026-08-22 07:15:00,DK1,1098.1202,146.89,2026-08-30 08:43:34.908991
322593396083165,2026-08-22 04:00:00,2026-08-22 06:00:00,DK1,1147.7595,153.53,2026-08-30 08:43:34.908991
452171379730422,2026-08-22 03:45:00,2026-08-22 05:45:00,DK1,1086.6075,145.35,2026-08-30 08:43:34.908991
806759147677549,2026-08-22 02:30:00,2026-08-22 04:30:00,DK1,1082.4958,144.8,2026-08-30 08:43:34.908991
746485057413140,2026-08-22 01:00:00,2026-08-22 03:00:00,DK1,1197.8474,160.23,2026-08-30 08:43:34.908991
864370476522949,2026-08-22 00:00:00,2026-08-22 02:00:00,DK1,1195.9037,159.97,2026-08-30 08:43:34.908991
592798002888665,2026-08-21 23:45:00,2026-08-22 01:45:00,DK1,1194.7823,159.82,2026-08-30 08:43:34.908991
709546993777942,2026-08-21 23:30:00,2026-08-22 01:30:00,DK1,1196.2028,160.01,2026-08-30 08:43:34.908991
476755269314568,2026-08-21 22:45:00,2026-08-22 00:45:00,DK1,1175.0461,157.18,2026-08-30 08:43:34.908991
951280213960948,2026-08-21 22:15:00,2026-08-22 00:15:00,DK1,1279.9318,171.21,2026-08-30 08:43:34.908991
502448051462479,2026-08-21 21:45:00,2026-08-21 23:45:00,DK1,1225.3584,163.91,2026-08-30 08:43:34.908991
958894821626301,2026-08-21 21:30:00,2026-08-21 23:30:00,DK1,1285.2395,171.92,2026-08-30 08:43:34.908991
169332080576381,2026-08-21 20:15:00,2026-08-21 22:15:00,DK1,1407.7678,188.31,2026-08-30 08:43:34.908991
241502364609338,2026-08-21 19:00:00,2026-08-21 21:00:00,DK1,1534.9313,205.32,2026-08-30 08:43:34.908991
567224806079757,2026-08-21 18:45:00,2026-08-21 20:45:00,DK1,1558.1809,208.43,2026-08-30 08:43:34.908991
544485314056365,2026-08-21 15:00:00,2026-08-21 17:00:00,DK1,1160.4684,155.23,2026-08-30 08:43:34.908991
402948430296046,2026-08-21 14:15:00,2026-08-21 16:15:00,DK1,1127.2759,150.79,2026-08-30 08:43:34.908991
370462865917398,2026-08-21 13:30:00,2026-08-21 15:30:00,DK1,1064.6287,142.41,2026-08-30 08:43:34.908991
994272041779385,2026-08-21 12:00:00,2026-08-21 14:00:00,DK1,1003.62616,134.25,2026-08-30 08:43:34.908991
213817619639446,2026-08-21 11:45:00,2026-08-21 13:45:00,DK1,1020.1477,136.46,2026-08-30 08:43:34.908991
523418579578231,2026-08-21 11:15:00,2026-08-21 13:15:00,DK1,1025.5302,137.18,2026-08-30 08:43:34.908991
32577305100239,2026-08-21 09:30:00,2026-08-21 11:30:00,DK1,1024.1846,137.0,2026-08-30 08:43:34.908991
683142689881237,2026-08-21 09:15:00,2026-08-21 11:15:00,DK1,1061.5636,142.0,2026-08-30 08:43:34.908991
603888279356497,2026-08-21 07:45:00,2026-08-21 09:45:00,DK1,1079.8793,144.45,2026-08-30 08:43:34.908991
859026156378825,2026-08-21 06:45:00,2026-08-21 08:45:00,DK1,1237.6187,165.55,2026-08-30 08:43:34.908991
724849548122025,2026-08-21 06:00:00,2026-08-21 08:00:00,DK1,1583.9725,211.88,2026-08-30 08:43:34.908991
459664947931720,2026-08-21 05:30:00,2026-08-21 07:30:00,DK1,1460.1733,195.32,2026-08-30 08:43:34.908991
35530356498454,2026-08-21 05:15:00,2026-08-21 07:15:00,DK1,1455.2393,194.66,2026-08-30 08:43:34.908991
395523061217145,2026-08-21 04:30:00,2026-08-21 06:30:00,DK1,1418.1592,189.7,2026-08-30 08:43:34.908991
390434069496076,2026-08-21 02:45:00,2026-08-21 04:45:00,DK1,1180.4288,157.9,2026-08-30 08:43:34.908991
161425694310745,2026-08-21 02:00:00,2026-08-21 04:00:00,DK1,1127.9487,150.88,2026-08-30 08:43:34.908991
297758660680255,2026-08-21 01:30:00,2026-08-21 03:30:00,DK1,1132.808,151.53,2026-08-30 08:43:34.908991
642552541149146,2026-08-21 00:30:00,2026-08-21 02:30:00,DK1,1127.7245,150.85,2026-08-30 08:43:34.908991
409462116970284,2026-08-21 00:15:00,2026-08-21 02:15:00,DK1,1139.1625,152.38,2026-08-30 08:43:34.908991
554976850813167,2026-08-20 22:45:00,2026-08-21 00:45:00,DK1,1172.953,156.9,2026-08-30 08:43:34.908991
657885330338000,2026-08-20 22:15:00,2026-08-21 00:15:00,DK1,1308.265,175.0,2026-08-30 08:43:34.908991
458180832836615,2026-08-20 21:45:00,2026-08-20 23:45:00,DK1,1233.806,165.04,2026-08-30 08:43:34.908991
285409135430130,2026-08-20 21:30:00,2026-08-20 23:30:00,DK1,1277.8385,170.93,2026-08-30 08:43:34.908991
497140207109330,2026-08-20 21:15:00,2026-08-20 23:15:00,DK1,1315.7408,176.0,2026-08-30 08:43:34.908991
354907295768753,2026-08-20 20:15:00,2026-08-20 22:15:00,DK1,1420.402,190.0,2026-08-30 08:43:34.908991
799115384728531,2026-08-20 20:00:00,2026-08-20 22:00:00,DK1,1447.6886,193.65,2026-08-30 08:43:34.908991
633570169066924,2026-08-20 19:45:00,2026-08-20 21:45:00,DK1,1414.0475,189.15,2026-08-30 08:43:34.908991
621045332124967,2026-08-20 18:45:00,2026-08-20 20:45:00,DK1,1510.1863,202.01,2026-08-30 08:43:34.908991
50408003889728,2026-08-20 18:30:00,2026-08-20 20:30:00,DK1,1511.7562,202.22,2026-08-30 08:43:34.908991
92347353763657,2026-08-20 13:45:00,2026-08-20 15:45:00,DK1,791.762,105.91,2026-08-30 08:43:34.908991
823190630898981,2026-08-20 13:30:00,2026-08-20 15:30:00,DK1,751.91595,100.58,2026-08-30 08:43:34.908991
53196082902368,2026-08-20 12:00:00,2026-08-20 14:00:00,DK1,503.86893,67.4,2026-08-30 08:43:34.908991
998009730824148,2026-08-20 11:45:00,2026-08-20 13:45:00,DK1,630.509,84.34,2026-08-30 08:43:34.908991
962844031399806,2026-08-20 11:30:00,2026-08-20 13:30:00,DK1,613.83795,82.11,2026-08-30 08:43:34.908991
509422432434643,2026-08-20 11:00:00,2026-08-20 13:00:00,DK1,601.0543,80.4,2026-08-30 08:43:34.908991
675513400520359,2026-08-20 10:45:00,2026-08-20 12:45:00,DK1,606.73596,81.16,2026-08-30 08:43:34.908991
98678443087838,2026-08-20 10:15:00,2026-08-20 12:15:00,DK1,637.1625,85.23,2026-08-30 08:43:34.908991
380421203933772,2026-08-20 08:30:00,2026-08-20 10:30:00,DK1,994.2814,133.0,2026-08-30 08:43:34.908991
386976125836745,2026-08-20 06:30:00,2026-08-20 08:30:00,DK1,1233.507,165.0,2026-08-30 08:43:34.908991
918452726036494,2026-08-20 05:00:00,2026-08-20 07:00:00,DK1,1457.6315,194.98,2026-08-30 08:43:34.908991
27394403726570,2026-08-20 04:45:00,2026-08-20 06:45:00,DK1,1400.7406,187.37,2026-08-30 08:43:34.908991
672026281546180,2026-08-20 03:45:00,2026-08-20 05:45:00,DK1,1289.0521,172.43,2026-08-30 08:43:34.908991
360169873054468,2026-08-20 03:00:00,2026-08-20 05:00:00,DK1,1111.0533,148.62,2026-08-30 08:43:34.908991
576098403716181,2026-08-20 02:45:00,2026-08-20 04:45:00,DK1,1133.3313,151.6,2026-08-30 08:43:34.908991
617018065478204,2026-08-20 02:15:00,2026-08-20 04:15:00,DK1,1097.9707,146.87,2026-08-30 08:43:34.908991
387869826151631,2026-08-20 02:00:00,2026-08-20 04:00:00,DK1,1090.7191,145.9,2026-08-30 08:43:34.908991
660311028756448,2026-08-20 01:30:00,2026-08-20 03:30:00,DK1,1113.0719,148.89,2026-08-30 08:43:34.908991
99784259350019,2026-08-20 00:30:00,2026-08-20 02:30:00,DK1,1132.5837,151.5,2026-08-30 08:43:34.908991
798951528667844,2026-08-20 00:15:00,2026-08-20 02:15:00,DK1,1158.6743,154.99,2026-08-30 08:43:34.908991
283693562349299,2026-08-19 22:45:00,2026-08-20 00:45:00,DK1,1188.6522,159.0,2026-08-30 08:43:34.908991
699639153716691,2026-08-19 21:00:00,2026-08-19 23:00:00,DK1,1465.2764,196.0,2026-08-30 08:43:34.908991
284406497781383,2026-08-19 20:45:00,2026-08-19 22:45:00,DK1,1422.8134,190.32,2026-08-30 08:43:34.908991
294353101931708,2026-08-19 18:45:00,2026-08-19 20:45:00,DK1,1620.3267,216.74,2026-08-30 08:43:34.908991
263053343689104,2026-08-19 18:30:00,2026-08-19 20:30:00,DK1,1589.3763,212.6,2026-08-30 08:43:34.908991
243644885165248,2026-08-19 18:15:00,2026-08-19 20:15:00,DK1,1561.267,208.84,2026-08-30 08:43:34.908991
13243080452475,2026-08-19 18:00:00,2026-08-19 20:00:00,DK1,1490.3954,199.36,2026-08-30 08:43:34.908991
335704859196554,2026-08-19 17:30:00,2026-08-19 19:30:00,DK1,1614.7197,215.99,2026-08-30 08:43:34.908991
281217411133369,2026-08-19 16:45:00,2026-08-19 18:45:00,DK1,1482.471,198.3,2026-08-30 08:43:34.908991
895210400091345,2026-08-19 16:30:00,2026-08-19 18:30:00,DK1,1435.4475,192.01,2026-08-30 08:43:34.908991
662481585996802,2026-08-19 14:45:00,2026-08-19 16:45:00,DK1,1108.9003,148.33,2026-08-30 08:43:34.908991
638683148219398,2026-08-19 14:15:00,2026-08-19 16:15:00,DK1,1009.2465,135.0,2026-08-30 08:43:34.908991
207548047782757,2026-08-19 14:00:00,2026-08-19 16:00:00,DK1,971.867,130.0,2026-08-30 08:43:34.908991
350857525231083,2026-08-19 13:45:00,2026-08-19 15:45:00,DK1,1018.51666,136.24,2026-08-30 08:43:34.908991
765620902605261,2026-08-19 12:45:00,2026-08-19 14:45:00,DK1,948.916,126.93,2026-08-30 08:43:34.908991
813593688825600,2026-08-19 12:30:00,2026-08-19 14:30:00,DK1,948.6917,126.9,2026-08-30 08:43:34.908991
435764292367931,2026-08-19 11:15:00,2026-08-19 13:15:00,DK1,970.3718,129.8,2026-08-30 08:43:34.908991
265122354001700,2026-08-19 10:30:00,2026-08-19 12:30:00,DK1,1006.25616,134.6,2026-08-30 08:43:34.908991
136546801260441,2026-08-19 07:15:00,2026-08-19 09:15:00,DK1,1345.064,179.92,2026-08-30 08:43:34.908991
795161338911584,2026-08-19 06:30:00,2026-08-19 08:30:00,DK1,1397.9186,186.99,2026-08-30 08:43:34.908991
931438193654460,2026-08-19 06:00:00,2026-08-19 08:00:00,DK1,1510.1318,202.0,2026-08-30 08:43:34.908991
468005155882812,2026-08-19 05:30:00,2026-08-19 07:30:00,DK1,1433.2795,191.72,2026-08-30 08:43:34.908991
925718076820830,2026-08-19 03:45:00,2026-08-19 05:45:00,DK1,1306.7874,174.8,2026-08-30 08:43:34.908991
677892868252802,2026-08-19 01:15:00,2026-08-19 03:15:00,DK1,1105.9846,147.94,2026-08-30 08:43:34.908991
701886846680203,2026-08-18 23:45:00,2026-08-19 01:45:00,DK1,1143.8127,153.0,2026-08-30 08:43:34.908991
349699133884603,2026-08-18 23:15:00,2026-08-19 01:15:00,DK1,1179.7717,157.81,2026-08-30 08:43:34.908991
290746705538511,2026-08-18 23:00:00,2026-08-19 01:00:00,DK1,1222.0106,163.46,2026-08-30 08:43:34.908991
346760130709846,2026-08-18 22:15:00,2026-08-19 00:15:00,DK1,1339.0831,179.12,2026-08-30 08:43:34.908991
914245340414218,2026-08-18 19:45:00,2026-08-18 21:45:00,DK1,1398.1428,187.02,2026-08-30 08:43:34.908991
595723345658221,2026-08-18 19:15:00,2026-08-18 21:15:00,DK1,1559.697,208.63,2026-08-30 08:43:34.908991
810712380661688,2026-08-18 19:00:00,2026-08-18 21:00:00,DK1,1525.0089,203.99,2026-08-30 08:43:34.908991
237776444518728,2026-08-18 17:30:00,2026-08-18 19:30:00,DK1,1498.0209,200.38,2026-08-30 08:43:34.908991
89822468629238,2026-08-18 17:15:00,2026-08-18 19:15:00,DK1,1450.175,193.98,2026-08-30 08:43:34.908991
486145290143318,2026-08-18 16:45:00,2026-08-18 18:45:00,DK1,1428.5697,191.09,2026-08-30 08:43:34.908991
982332255956521,2026-08-18 16:15:00,2026-08-18 18:15:00,DK1,1284.7335,171.85,2026-08-30 08:43:34.908991
178120610046269,2026-08-18 16:00:00,2026-08-18 18:00:00,DK1,1176.8562,157.42,2026-08-30 08:43:34.908991
907146426423408,2026-08-18 13:00:00,2026-08-18 15:00:00,DK1,984.05273,131.63,2026-08-30 08:43:34.908991
887264403167946,2026-08-18 12:45:00,2026-08-18 14:45:00,DK1,969.69904,129.71,2026-08-30 08:43:34.908991
250784999655892,2026-08-18 11:45:00,2026-08-18 13:45:00,DK1,959.9055,128.4,2026-08-30 08:43:34.908991
538984663865044,2026-08-18 09:30:00,2026-08-18 11:30:00,DK1,1058.9612,141.65,2026-08-30 08:43:34.908991
373562950360375,2026-08-18 09:15:00,2026-08-18 11:15:00,DK1,1078.922,144.32,2026-08-30 08:43:34.908991
981161022664792,2026-08-18 09:00:00,2026-08-18 11:00:00,DK1,1111.2178,148.64,2026-08-30 08:43:34.908991
409834621589244,2026-08-18 08:30:00,2026-08-18 10:30:00,DK1,1104.4147,147.73,2026-08-30 08:43:34.908991
215997473594598,2026-08-18 07:45:00,2026-08-18 09:45:00,DK1,1106.3585,147.99,2026-08-30 08:43:34.908991
348550707793319,2026-08-18 07:30:00,2026-08-18 09:30:00,DK1,1175.4357,157.23,2026-08-30 08:43:34.908991
426672570268131,2026-08-18 07:00:00,2026-08-18 09:00:00,DK1,1304.993,174.56,2026-08-30 08:43:34.908991
204770817244264,2026-08-18 06:30:00,2026-08-18 08:30:00,DK1,1345.662,180.0,2026-08-30 08:43:34.908991
610790849734332,2026-08-18 05:45:00,2026-08-18 07:45:00,DK1,1405.6188,188.02,2026-08-30 08:43:34.908991
106454759645399,2026-08-18 05:30:00,2026-08-18 07:30:00,DK1,1411.8984,188.86,2026-08-30 08:43:34.908991
604773911772569,2026-08-18 04:30:00,2026-08-18 06:30:00,DK1,1401.806,187.51,2026-08-30 08:43:34.908991
430449183890506,2026-08-18 03:30:00,2026-08-18 05:30:00,DK1,1191.9575,159.44,2026-08-30 08:43:34.908991
587514609301298,2026-08-18 03:00:00,2026-08-18 05:00:00,DK1,1099.8544,147.12,2026-08-30 08:43:34.908991
168248715428528,2026-08-18 02:45:00,2026-08-18 04:45:00,DK1,1137.3087,152.13,2026-08-30 08:43:34.908991
454359960286341,2026-08-18 01:45:00,2026-08-18 03:45:00,DK1,1121.9083,150.07,2026-08-30 08:43:34.908991
256351012205437,2026-08-18 01:15:00,2026-08-18 03:15:00,DK1,1098.8077,146.98,2026-08-30 08:43:34.908991
665810686213224,2026-08-18 00:45:00,2026-08-18 02:45:00,DK1,1128.3375,150.93,2026-08-30 08:43:34.908991
695838661314222,2026-08-18 00:15:00,2026-08-18 02:15:00,DK1,1121.983,150.08,2026-08-30 08:43:34.908991
874804066226443,2026-08-17 21:30:00,2026-08-17 23:30:00,DK1,1319.703,176.53,2026-08-30 08:43:34.908991
639197541533592,2026-08-17 21:15:00,2026-08-17 23:15:00,DK1,1378.5375,184.4,2026-08-30 08:43:34.908991
659320305212403,2026-08-17 20:45:00,2026-08-17 22:45:00,DK1,1397.8999,186.99,2026-08-30 08:43:34.908991
388642918424543,2026-08-17 19:45:00,2026-08-17 21:45:00,DK1,1473.4802,197.1,2026-08-30 08:43:34.908991
331485836564438,2026-08-17 18:00:00,2026-08-17 20:00:00,DK1,1546.2197,206.83,2026-08-30 08:43:34.908991
648631222944563,2026-08-17 17:15:00,2026-08-17 19:15:00,DK1,1504.3552,201.23,2026-08-30 08:43:34.908991
978019616223940,2026-08-17 17:00:00,2026-08-17 19:00:00,DK1,1388.7794,185.77,2026-08-30 08:43:34.908991
71976953071258,2026-08-17 16:00:00,2026-08-17 18:00:00,DK1,1187.456,158.84,2026-08-30 08:43:34.908991
935693948268089,2026-08-17 15:45:00,2026-08-17 17:45:00,DK1,1222.2186,163.49,2026-08-30 08:43:34.908991
759034170819353,2026-08-17 15:15:00,2026-08-17 17:15:00,DK1,1075.0947,143.81,2026-08-30 08:43:34.908991
184437654621256,2026-08-17 14:30:00,2026-08-17 16:30:00,DK1,1056.1063,141.27,2026-08-30 08:43:34.908991
780625734198231,2026-08-17 13:00:00,2026-08-17 15:00:00,DK1,1066.6471,142.68,2026-08-30 08:43:34.908991
661242147947326,2026-08-17 12:30:00,2026-08-17 14:30:00,DK1,1062.8345,142.17,2026-08-30 08:43:34.908991
284704518812629,2026-08-17 09:15:00,2026-08-17 11:15:00,DK1,1294.5842,173.17,2026-08-30 08:43:34.908991
734330092547035,2026-08-17 08:45:00,2026-08-17 10:45:00,DK1,1213.9951,162.39,2026-08-30 08:43:34.908991
815501416203070,2026-08-17 08:30:00,2026-08-17 10:30:00,DK1,1263.1859,168.97,2026-08-30 08:43:34.908991
138665557769493,2026-08-17 08:15:00,2026-08-17 10:15:00,DK1,1345.2701,179.95,2026-08-30 08:43:34.908991
329115180037918,2026-08-17 07:45:00,2026-08-17 09:45:00,DK1,1362.6888,182.28,2026-08-30 08:43:34.908991
718881614362779,2026-08-17 07:30:00,2026-08-17 09:30:00,DK1,1464.584,195.91,2026-08-30 08:43:34.908991
383775587915635,2026-08-17 06:45:00,2026-08-17 08:45:00,DK1,1505.2523,201.35,2026-08-30 08:43:34.908991
203434293959339,2026-08-17 05:45:00,2026-08-17 07:45:00,DK1,1492.9172,199.7,2026-08-30 08:43:34.908991
107645965729795,2026-08-17 05:15:00,2026-08-17 07:15:00,DK1,1561.6946,208.9,2026-08-30 08:43:34.908991
116821569488340,2026-08-17 05:00:00,2026-08-17 07:00:00,DK1,1547.4906,207.0,2026-08-30 08:43:34.908991
546078570239258,2026-08-17 04:00:00,2026-08-17 06:00:00,DK1,1439.9885,192.62,2026-08-30 08:43:34.908991
994560024263352,2026-08-17 03:15:00,2026-08-17 05:15:00,DK1,1264.3821,169.13,2026-08-30 08:43:34.908991
784468527095501,2026-08-17 00:30:00,2026-08-17 02:30:00,DK1,1197.2493,160.15,2026-08-30 08:43:34.908991
321208008765654,2026-08-16 23:00:00,2026-08-17 01:00:00,DK1,1399.096,187.15,2026-08-30 08:43:34.908991
345497401147574,2026-08-16 22:45:00,2026-08-17 00:45:00,DK1,1336.7478,178.81,2026-08-30 08:43:34.908991
723509119292251,2026-08-16 22:00:00,2026-08-17 00:00:00,DK1,1532.539,205.0,2026-08-30 08:43:34.908991
923636222859408,2026-08-16 21:45:00,2026-08-16 23:45:00,DK1,1381.2852,184.77,2026-08-30 08:43:34.908991
31556476808709,2026-08-16 20:15:00,2026-08-16 22:15:00,DK1,1576.9989,210.95,2026-08-30 08:43:34.908991
89179462583411,2026-08-16 19:15:00,2026-08-16 21:15:00,DK1,1556.5155,208.21,2026-08-30 08:43:34.908991
575477389440385,2026-08-16 18:00:00,2026-08-16 20:00:00,DK1,1405.4316,188.0,2026-08-30 08:43:34.908991
662526848409066,2026-08-16 16:00:00,2026-08-16 18:00:00,DK1,1158.7335,155.0,2026-08-30 08:43:34.908991
42157473396893,2026-08-16 15:30:00,2026-08-16 17:30:00,DK1,1159.7053,155.13,2026-08-30 08:43:34.908991
341035359845739,2026-08-16 14:30:00,2026-08-16 16:30:00,DK1,881.9083,117.97,2026-08-30 08:43:34.908991
156576089940208,2026-08-16 13:45:00,2026-08-16 15:45:00,DK1,604.7841,80.9,2026-08-30 08:43:34.908991
146264880214148,2026-08-16 13:15:00,2026-08-16 15:15:00,DK1,475.6788,63.63,2026-08-30 08:43:34.908991
876629111518656,2026-08-16 12:45:00,2026-08-16 14:45:00,DK1,381.6345,51.05,2026-08-30 08:43:34.908991
845088263986410,2026-08-16 12:00:00,2026-08-16 14:00:00,DK1,189.06046,25.29,2026-08-30 08:43:34.908991
200233410995269,2026-08-16 11:00:00,2026-08-16 13:00:00,DK1,232.04573,31.04,2026-08-30 08:43:34.908991
46283753684410,2026-08-16 10:45:00,2026-08-16 12:45:00,DK1,171.11876,22.89,2026-08-30 08:43:34.908991
336974168347130,2026-08-16 10:00:00,2026-08-16 12:00:00,DK1,418.78873,56.02,2026-08-30 08:43:34.908991
174409332122343,2026-08-16 08:15:00,2026-08-16 10:15:00,DK1,804.1611,107.57,2026-08-30 08:43:34.908991
316096062633166,2026-08-16 06:45:00,2026-08-16 08:45:00,DK1,916.5956,122.61,2026-08-30 08:43:34.908991
308771052943193,2026-08-16 04:15:00,2026-08-16 06:15:00,DK1,1196.112,160.0,2026-08-30 08:43:34.908991
369559799555684,2026-08-16 03:45:00,2026-08-16 05:45:00,DK1,1204.41,161.11,2026-08-30 08:43:34.908991
189677290262159,2026-08-16 03:15:00,2026-08-16 05:15:00,DK1,1156.9393,154.76,2026-08-30 08:43:34.908991
501732012790340,2026-08-16 03:00:00,2026-08-16 05:00:00,DK1,1135.6337,151.91,2026-08-30 08:43:34.908991
557425663310176,2026-08-16 02:45:00,2026-08-16 04:45:00,DK1,1173.4607,156.97,2026-08-30 08:43:34.908991
299690165536746,2026-08-16 02:15:00,2026-08-16 04:15:00,DK1,1164.4899,155.77,2026-08-30 08:43:34.908991
387892346122034,2026-08-16 01:30:00,2026-08-16 03:30:00,DK1,1172.5636,156.85,2026-08-30 08:43:34.908991
237986584511047,2026-08-16 01:15:00,2026-08-16 03:15:00,DK1,1177.049,157.45,2026-08-30 08:43:34.908991
312229153082985,2026-08-16 00:00:00,2026-08-16 02:00:00,DK1,1218.5391,163.0,2026-08-30 08:43:34.908991
760022107814831,2026-08-15 23:15:00,2026-08-16 01:15:00,DK1,1287.3156,172.2,2026-08-30 08:43:34.908991
678063558514100,2026-08-15 23:00:00,2026-08-16 01:00:00,DK1,1346.1493,180.07,2026-08-30 08:43:34.908991
71640678996103,2026-08-15 22:45:00,2026-08-16 00:45:00,DK1,1233.042,164.94,2026-08-30 08:43:34.908991
973785400308043,2026-08-15 19:15:00,2026-08-15 21:15:00,DK1,1392.3491,186.25,2026-08-30 08:43:34.908991
922757901665641,2026-08-15 18:30:00,2026-08-15 20:30:00,DK1,1416.5704,189.49,2026-08-30 08:43:34.908991
792970360451681,2026-08-15 18:15:00,2026-08-15 20:15:00,DK1,1367.4551,182.92,2026-08-30 08:43:34.908991
246586619092893,2026-08-15 17:30:00,2026-08-15 19:30:00,DK1,1383.9763,185.13,2026-08-30 08:43:34.908991
934246065861134,2026-08-15 16:45:00,2026-08-15 18:45:00,DK1,1195.813,159.96,2026-08-30 08:43:34.908991
292517118130490,2026-08-15 16:30:00,2026-08-15 18:30:00,DK1,1236.705,165.43,2026-08-30 08:43:34.908991
24408183447856,2026-08-15 16:15:00,2026-08-15 18:15:00,DK1,1158.584,154.98,2026-08-30 08:43:34.908991
370194424845454,2026-08-15 15:30:00,2026-08-15 17:30:00,DK1,1093.7697,146.31,2026-08-30 08:43:34.908991
302944073475526,2026-08-15 14:15:00,2026-08-15 16:15:00,DK1,304.85904,40.78,2026-08-30 08:43:34.908991
598609018563338,2026-08-15 13:00:00,2026-08-15 15:00:00,DK1,57.263863,7.66,2026-08-30 08:43:34.908991
774044037314118,2026-08-15 12:45:00,2026-08-15 14:45:00,DK1,59.506573,7.96,2026-08-30 08:43:34.908991
928106512964125,2026-08-15 12:00:00,2026-08-15 14:00:00,DK1,20.483418,2.74,2026-08-30 08:43:34.908991
124989421597192,2026-08-15 11:45:00,2026-08-15 13:45:00,DK1,18.68925,2.5,2026-08-30 08:43:34.908991
424870989347685,2026-08-15 11:15:00,2026-08-15 13:15:00,DK1,23.473698,3.14,2026-08-30 08:43:34.908991
480446834310537,2026-08-15 10:30:00,2026-08-15 12:30:00,DK1,49.414375,6.61,2026-08-30 08:43:34.908991
243862395938856,2026-08-15 09:45:00,2026-08-15 11:45:00,DK1,97.78216,13.08,2026-08-30 08:43:34.908991
744182211734877,2026-08-15 09:30:00,2026-08-15 11:30:00,DK1,149.21497,19.96,2026-08-30 08:43:34.908991
893546626902851,2026-08-15 08:30:00,2026-08-15 10:30:00,DK1,463.8672,62.05,2026-08-30 08:43:34.908991
567886746178405,2026-08-15 08:15:00,2026-08-15 10:15:00,DK1,743.6827,99.48,2026-08-30 08:43:34.908991
828369420088097,2026-08-15 07:30:00,2026-08-15 09:30:00,DK1,904.85876,121.04,2026-08-30 08:43:34.908991
973167439597093,2026-08-15 05:15:00,2026-08-15 07:15:00,DK1,1204.6343,161.14,2026-08-30 08:43:34.908991
304042014824695,2026-08-15 04:30:00,2026-08-15 06:30:00,DK1,1163.1442,155.59,2026-08-30 08:43:34.908991
307015273966785,2026-08-15 03:45:00,2026-08-15 05:45:00,DK1,1198.8032,160.36,2026-08-30 08:43:34.908991
106949824550288,2026-08-15 02:30:00,2026-08-15 04:30:00,DK1,1154.0238,154.37,2026-08-30 08:43:34.908991
90889044543758,2026-08-15 01:45:00,2026-08-15 03:45:00,DK1,1170.3956,156.56,2026-08-30 08:43:34.908991
470343047733995,2026-08-15 00:00:00,2026-08-15 02:00:00,DK1,1188.3373,158.96,2026-08-30 08:43:34.908991
602179957530160,2026-08-14 23:30:00,2026-08-15 01:30:00,DK1,1207.2509,161.49,2026-08-30 08:43:34.908991
197675686203692,2026-08-14 21:30:00,2026-08-14 23:30:00,DK1,1308.2476,175.0,2026-08-30 08:43:34.908991
97506396386144,2026-08-14 16:00:00,2026-08-14 18:00:00,DK1,1121.2803,149.99,2026-08-30 08:43:34.908991
638025204521644,2026-08-14 15:45:00,2026-08-14 17:45:00,DK1,1240.2935,165.91,2026-08-30 08:43:34.908991
851767910763752,2026-08-14 15:30:00,2026-08-14 17:30:00,DK1,1104.3104,147.72,2026-08-30 08:43:34.908991
750837435956756,2026-08-14 15:15:00,2026-08-14 17:15:00,DK1,1022.52625,136.78,2026-08-30 08:43:34.908991
753090208236248,2026-08-14 14:45:00,2026-08-14 16:45:00,DK1,1082.0328,144.74,2026-08-30 08:43:34.908991
702638439586987,2026-08-14 14:30:00,2026-08-14 16:30:00,DK1,934.16345,124.96,2026-08-30 08:43:34.908991
783246622722754,2026-08-14 14:15:00,2026-08-14 16:15:00,DK1,811.71155,108.58,2026-08-30 08:43:34.908991
137443326977920,2026-08-14 13:45:00,2026-08-14 15:45:00,DK1,758.85834,101.51,2026-08-30 08:43:34.908991
736116318590552,2026-08-14 13:30:00,2026-08-14 15:30:00,DK1,598.056,80.0,2026-08-30 08:43:34.908991
8264276841288,2026-08-14 13:15:00,2026-08-14 15:15:00,DK1,420.58286,56.26,2026-08-30 08:43:34.908991
996444402422370,2026-08-14 10:15:00,2026-08-14 12:15:00,DK1,190.85463,25.53,2026-08-30 08:43:34.908991
504113723233818,2026-08-14 07:00:00,2026-08-14 09:00:00,DK1,1166.1345,155.99,2026-08-30 08:43:34.908991
846140055608567,2026-08-14 06:15:00,2026-08-14 08:15:00,DK1,1203.9615,161.05,2026-08-30 08:43:34.908991
556704456155131,2026-08-14 05:15:00,2026-08-14 07:15:00,DK1,1308.3223,175.01,2026-08-30 08:43:34.908991
348779760700138,2026-08-14 05:00:00,2026-08-14 07:00:00,DK1,1332.6931,178.27,2026-08-30 08:43:34.908991
773647986177264,2026-08-14 02:45:00,2026-08-14 04:45:00,DK1,1102.1425,147.43,2026-08-30 08:43:34.908991
211173253059946,2026-08-14 02:30:00,2026-08-14 04:30:00,DK1,1088.8357,145.65,2026-08-30 08:43:34.908991
737833174441513,2026-08-14 02:00:00,2026-08-14 04:00:00,DK1,1046.598,140.0,2026-08-30 08:43:34.908991
408235510647581,2026-08-14 01:15:00,2026-08-14 03:15:00,DK1,1058.7086,141.62,2026-08-30 08:43:34.908991
637808790644869,2026-08-14 00:45:00,2026-08-14 02:45:00,DK1,1068.0532,142.87,2026-08-30 08:43:34.908991
644501656109540,2026-08-13 23:45:00,2026-08-14 01:45:00,DK1,1094.0687,146.35,2026-08-30 08:43:34.908991
495182265929048,2026-08-13 22:45:00,2026-08-14 00:45:00,DK1,1131.2977,151.33,2026-08-30 08:43:34.908991
233912019947885,2026-08-13 22:30:00,2026-08-14 00:30:00,DK1,1170.1713,156.53,2026-08-30 08:43:34.908991
640342238000861,2026-08-13 21:45:00,2026-08-13 23:45:00,DK1,1197.2333,160.15,2026-08-30 08:43:34.908991
324885281780043,2026-08-13 21:30:00,2026-08-13 23:30:00,DK1,1278.1952,170.98,2026-08-30 08:43:34.908991
264925001245132,2026-08-13 21:15:00,2026-08-13 23:15:00,DK1,1335.3843,178.63,2026-08-30 08:43:34.908991
168400608582709,2026-08-13 20:30:00,2026-08-13 22:30:00,DK1,1584.9231,212.01,2026-08-30 08:43:34.908991
463927764749901,2026-08-13 20:00:00,2026-08-13 22:00:00,DK1,1744.679,233.38,2026-08-30 08:43:34.908991
866577076904743,2026-08-13 18:45:00,2026-08-13 20:45:00,DK1,2006.5526,268.41,2026-08-30 08:43:34.908991
116515457651396,2026-08-13 18:30:00,2026-08-13 20:30:00,DK1,2243.7566,300.14,2026-08-30 08:43:34.908991
381828031891186,2026-08-13 18:00:00,2026-08-13 20:00:00,DK1,3102.1165,414.96,2026-08-30 08:43:34.908991
306526062785159,2026-08-13 16:00:00,2026-08-13 18:00:00,DK1,1233.4905,165.0,2026-08-30 08:43:34.908991
967358422477338,2026-08-13 15:45:00,2026-08-13 17:45:00,DK1,1337.5522,178.92,2026-08-30 08:43:34.908991
1421393348494,2026-08-13 11:00:00,2026-08-13 13:00:00,DK1,403.5383,53.98,2026-08-30 08:43:34.908991
334753490892220,2026-08-13 10:45:00,2026-08-13 12:45:00,DK1,155.49455,20.8,2026-08-30 08:43:34.908991
5629627204436,2026-08-13 10:00:00,2026-08-13 12:00:00,DK1,244.15636,32.66,2026-08-30 08:43:34.908991
447768061920537,2026-08-13 09:30:00,2026-08-13 11:30:00,DK1,323.39877,43.26,2026-08-30 08:43:34.908991
483297685226958,2026-08-13 09:15:00,2026-08-13 11:15:00,DK1,508.64664,68.04,2026-08-30 08:43:34.908991
908384699630900,2026-08-13 07:30:00,2026-08-13 09:30:00,DK1,932.74304,124.77,2026-08-30 08:43:34.908991
413023496626956,2026-08-13 07:15:00,2026-08-13 09:15:00,DK1,1076.426,143.99,2026-08-30 08:43:34.908991
21146582722293,2026-08-13 06:45:00,2026-08-13 08:45:00,DK1,1033.1417,138.2,2026-08-30 08:43:34.908991
545775434648279,2026-08-13 05:30:00,2026-08-13 07:30:00,DK1,1270.7943,169.99,2026-08-30 08:43:34.908991
118793943271949,2026-08-13 04:00:00,2026-08-13 06:00:00,DK1,1275.4292,170.61,2026-08-30 08:43:34.908991
33175384921424,2026-08-13 03:15:00,2026-08-13 05:15:00,DK1,1154.9956,154.5,2026-08-30 08:43:34.908991
388351738049808,2026-08-13 02:00:00,2026-08-13 04:00:00,DK1,1053.999,140.99,2026-08-30 08:43:34.908991
448485351712065,2026-08-13 00:30:00,2026-08-13 02:30:00,DK1,1079.3416,144.38,2026-08-30 08:43:34.908991
363811481862330,2026-08-13 00:00:00,2026-08-13 02:00:00,DK1,1073.361,143.58,2026-08-30 08:43:34.908991
960491641118855,2026-08-12 22:30:00,2026-08-13 00:30:00,DK1,1138.25,152.26,2026-08-30 08:43:34.908991
781319298498580,2026-08-12 18:30:00,2026-08-12 20:30:00,DK1,1879.1918,251.37,2026-08-30 08:43:34.908991
697559606243848,2026-08-12 18:00:00,2026-08-12 20:00:00,DK1,3009.0095,402.5,2026-08-30 08:43:34.908991
979427521036023,2026-08-12 16:00:00,2026-08-12 18:00:00,DK1,1166.0005,155.97,2026-08-30 08:43:34.908991
888884541553482,2026-08-12 14:45:00,2026-08-12 16:45:00,DK1,880.4997,117.78,2026-08-30 08:43:34.908991
854739970725630,2026-08-12 14:30:00,2026-08-12 16:30:00,DK1,825.6274,110.44,2026-08-30 08:43:34.908991
40428873446713,2026-08-12 13:00:00,2026-08-12 15:00:00,DK1,132.32167,17.7,2026-08-30 08:43:34.908991
294933606822555,2026-08-12 12:15:00,2026-08-12 14:15:00,DK1,111.01563,14.85,2026-08-30 08:43:34.908991
522521392514697,2026-08-12 10:15:00,2026-08-12 12:15:00,DK1,110.11853,14.73,2026-08-30 08:43:34.908991
508372275850893,2026-08-12 09:15:00,2026-08-12 11:15:00,DK1,313.9836,42.0,2026-08-30 08:43:34.908991
843742293191981,2026-08-12 09:00:00,2026-08-12 11:00:00,DK1,479.42303,64.13,2026-08-30 08:43:34.908991
964095089055013,2026-08-12 08:15:00,2026-08-12 10:15:00,DK1,737.9362,98.71,2026-08-30 08:43:34.908991
458495364606585,2026-08-12 08:00:00,2026-08-12 10:00:00,DK1,878.63074,117.53,2026-08-30 08:43:34.908991
22007489750527,2026-08-12 07:00:00,2026-08-12 09:00:00,DK1,1212.5747,162.2,2026-08-30 08:43:34.908991
768572184947030,2026-08-12 05:30:00,2026-08-12 07:30:00,DK1,1239.8615,165.85,2026-08-30 08:43:34.908991
424466903327366,2026-08-12 04:45:00,2026-08-12 06:45:00,DK1,1280.2307,171.25,2026-08-30 08:43:34.908991
680082361466837,2026-08-12 04:30:00,2026-08-12 06:30:00,DK1,1290.1736,172.58,2026-08-30 08:43:34.908991
208353127492363,2026-08-12 03:00:00,2026-08-12 05:00:00,DK1,1081.1501,144.62,2026-08-30 08:43:34.908991
582799707563553,2026-08-12 02:30:00,2026-08-12 04:30:00,DK1,1040.2576,139.15,2026-08-30 08:43:34.908991
953017111213680,2026-08-12 00:00:00,2026-08-12 02:00:00,DK1,1084.6638,145.09,2026-08-30 08:43:34.908991
532203908694713,2026-08-11 23:45:00,2026-08-12 01:45:00,DK1,1090.1959,145.83,2026-08-30 08:43:34.908991
19477858094464,2026-08-11 23:30:00,2026-08-12 01:30:00,DK1,1105.4465,147.87,2026-08-30 08:43:34.908991
929602127460923,2026-08-11 21:45:00,2026-08-11 23:45:00,DK1,1100.2734,147.18,2026-08-30 08:43:34.908991
299969242223402,2026-08-11 20:15:00,2026-08-11 22:15:00,DK1,1288.5117,172.36,2026-08-30 08:43:34.908991
114656869279340,2026-08-11 20:00:00,2026-08-11 22:00:00,DK1,1343.4581,179.71,2026-08-30 08:43:34.908991
682276228176213,2026-08-11 18:15:00,2026-08-11 20:15:00,DK1,1504.1108,201.2,2026-08-30 08:43:34.908991
371132394689841,2026-08-11 17:30:00,2026-08-11 19:30:00,DK1,1356.9891,181.52,2026-08-30 08:43:34.908991
403315740717101,2026-08-11 16:00:00,2026-08-11 18:00:00,DK1,883.4782,118.18,2026-08-30 08:43:34.908991
611471044984271,2026-08-11 15:45:00,2026-08-11 17:45:00,DK1,1034.7117,138.41,2026-08-30 08:43:34.908991
988081312527365,2026-08-11 14:00:00,2026-08-11 16:00:00,DK1,43.807602,5.86,2026-08-30 08:43:34.908991
991170690431827,2026-08-11 13:15:00,2026-08-11 15:15:00,DK1,16.44654,2.2,2026-08-30 08:43:34.908991
140807996055113,2026-08-11 13:00:00,2026-08-11 15:00:00,DK1,10.615494,1.42,2026-08-30 08:43:34.908991
911027504826670,2026-08-11 12:45:00,2026-08-11 14:45:00,DK1,15.474699,2.07,2026-08-30 08:43:34.908991
288875107421490,2026-08-11 11:45:00,2026-08-11 13:45:00,DK1,12.70869,1.7,2026-08-30 08:43:34.908991
307912426467909,2026-08-11 11:00:00,2026-08-11 13:00:00,DK1,12.035877,1.61,2026-08-30 08:43:34.908991
767106233780891,2026-08-11 10:15:00,2026-08-11 12:15:00,DK1,11.512578,1.54,2026-08-30 08:43:34.908991
648528088875181,2026-08-11 10:00:00,2026-08-11 12:00:00,DK1,13.680531,1.83,2026-08-30 08:43:34.908991
230747164721291,2026-08-11 08:30:00,2026-08-11 10:30:00,DK1,278.76886,37.29,2026-08-30 08:43:34.908991
749754624286748,2026-08-11 08:00:00,2026-08-11 10:00:00,DK1,717.8915,96.03,2026-08-30 08:43:34.908991
576105372841437,2026-08-11 07:30:00,2026-08-11 09:30:00,DK1,776.87476,103.92,2026-08-30 08:43:34.908991
494569734955536,2026-08-11 07:00:00,2026-08-11 09:00:00,DK1,988.88556,132.28,2026-08-30 08:43:34.908991
379374846551741,2026-08-11 06:30:00,2026-08-11 08:30:00,DK1,971.841,130.0,2026-08-30 08:43:34.908991
666465996240656,2026-08-11 05:00:00,2026-08-11 07:00:00,DK1,1016.7699,136.01,2026-08-30 08:43:34.908991
892542409979899,2026-08-11 04:30:00,2026-08-11 06:30:00,DK1,963.46826,128.88,2026-08-30 08:43:34.908991
214190716429990,2026-08-11 03:30:00,2026-08-11 05:30:00,DK1,857.9114,114.76,2026-08-30 08:43:34.908991
358969911299370,2026-08-11 02:00:00,2026-08-11 04:00:00,DK1,746.22437,99.82,2026-08-30 08:43:34.908991
190205842609658,2026-08-11 01:15:00,2026-08-11 03:15:00,DK1,699.57605,93.58,2026-08-30 08:43:34.908991
968227636058206,2026-08-11 00:45:00,2026-08-11 02:45:00,DK1,732.4691,97.98,2026-08-30 08:43:34.908991
996407673792851,2026-08-11 00:15:00,2026-08-11 02:15:00,DK1,748.31757,100.1,2026-08-30 08:43:34.908991
987308665772137,2026-08-10 22:00:00,2026-08-11 00:00:00,DK1,828.53186,110.83,2026-08-30 08:43:34.908991
650432512003630,2026-08-10 21:45:00,2026-08-10 23:45:00,DK1,944.79156,126.38,2026-08-30 08:43:34.908991
993353085058747,2026-08-10 21:15:00,2026-08-10 23:15:00,DK1,954.2859,127.65,2026-08-30 08:43:34.908991
968368305387406,2026-08-10 19:45:00,2026-08-10 21:45:00,DK1,1013.569,135.58,2026-08-30 08:43:34.908991
645763198176668,2026-08-10 19:15:00,2026-08-10 21:15:00,DK1,1017.5311,136.11,2026-08-30 08:43:34.908991
231960291888993,2026-08-10 18:15:00,2026-08-10 20:15:00,DK1,1001.0844,133.91,2026-08-30 08:43:34.908991
326987177109629,2026-08-10 18:00:00,2026-08-10 20:00:00,DK1,1016.26025,135.94,2026-08-30 08:43:34.908991
654528786204545,2026-08-10 17:45:00,2026-08-10 19:45:00,DK1,951.14606,127.23,2026-08-30 08:43:34.908991
445748662740965,2026-08-10 17:30:00,2026-08-10 19:30:00,DK1,940.2313,125.77,2026-08-30 08:43:34.908991
759309644411451,2026-08-10 17:00:00,2026-08-10 19:00:00,DK1,872.42584,116.7,2026-08-30 08:43:34.908991
311083435315414,2026-08-10 13:45:00,2026-08-10 15:45:00,DK1,122.67788,16.41,2026-08-30 08:43:34.908991
862464351114584,2026-08-10 11:30:00,2026-08-10 13:30:00,DK1,70.64631,9.45,2026-08-30 08:43:34.908991
574419713559544,2026-08-10 11:15:00,2026-08-10 13:15:00,DK1,85.59791,11.45,2026-08-30 08:43:34.908991
202432558632840,2026-08-10 11:00:00,2026-08-10 13:00:00,DK1,126.04199,16.86,2026-08-30 08:43:34.908991
256009192873780,2026-08-10 10:15:00,2026-08-10 12:15:00,DK1,324.5992,43.42,2026-08-30 08:43:34.908991
413011038379908,2026-08-10 10:00:00,2026-08-10 12:00:00,DK1,452.06165,60.47,2026-08-30 08:43:34.908991
19464760892848,2026-08-10 08:45:00,2026-08-10 10:45:00,DK1,693.4552,92.76,2026-08-30 08:43:34.908991
518383120247792,2026-08-10 07:45:00,2026-08-10 09:45:00,DK1,855.7548,114.47,2026-08-30 08:43:34.908991
9111728578711,2026-08-10 07:30:00,2026-08-10 09:30:00,DK1,938.4372,125.53,2026-08-30 08:43:34.908991
467475267400901,2026-08-10 07:15:00,2026-08-10 09:15:00,DK1,1136.0973,151.97,2026-08-30 08:43:34.908991
463735999401629,2026-08-10 06:45:00,2026-08-10 08:45:00,DK1,1073.1511,143.55,2026-08-30 08:43:34.908991
640713114324291,2026-08-10 04:30:00,2026-08-10 06:30:00,DK1,1234.9274,165.19,2026-08-30 08:43:34.908991
754543756653798,2026-08-10 04:00:00,2026-08-10 06:00:00,DK1,1179.3075,157.75,2026-08-30 08:43:34.908991
828806611555530,2026-08-10 03:00:00,2026-08-10 05:00:00,DK1,983.9648,131.62,2026-08-30 08:43:34.908991
122250100448429,2026-08-10 02:30:00,2026-08-10 04:30:00,DK1,949.8004,127.05,2026-08-30 08:43:34.908991
61031432677761,2026-08-10 01:15:00,2026-08-10 03:15:00,DK1,952.8655,127.46,2026-08-30 08:43:34.908991
272374516331647,2026-08-09 23:45:00,2026-08-10 01:45:00,DK1,970.3589,129.8,2026-08-30 08:43:34.908991
398558672701405,2026-08-09 23:30:00,2026-08-10 01:30:00,DK1,1017.3069,136.08,2026-08-30 08:43:34.908991
917575666220296,2026-08-09 23:15:00,2026-08-10 01:15:00,DK1,1040.1829,139.14,2026-08-30 08:43:34.908991
321018075050854,2026-08-09 22:15:00,2026-08-10 00:15:00,DK1,1135.6488,151.91,2026-08-30 08:43:34.908991
757718472975977,2026-08-09 17:15:00,2026-08-09 19:15:00,DK1,1202.6746,160.88,2026-08-30 08:43:34.908991
849946837055334,2026-08-09 15:45:00,2026-08-09 17:45:00,DK1,1072.6738,143.49,2026-08-30 08:43:34.908991
717416722818558,2026-08-09 14:15:00,2026-08-09 16:15:00,DK1,0.0,0.0,2026-08-30 08:43:34.908991
206345077077384,2026-08-09 13:45:00,2026-08-09 15:45:00,DK1,-0.074756,-0.01,2026-08-30 08:43:34.908991
364401773033536,2026-08-09 12:30:00,2026-08-09 14:30:00,DK1,-0.074756,-0.01,2026-08-30 08:43:34.908991
87388589610074,2026-08-09 11:45:00,2026-08-09 13:45:00,DK1,0.0,0.0,2026-08-30 08:43:34.908991
267332474396045,2026-08-09 11:15:00,2026-08-09 13:15:00,DK1,0.0,0.0,2026-08-30 08:43:34.908991
404343920285818,2026-08-09 11:00:00,2026-08-09 13:00:00,DK1,0.0,0.0,2026-08-30 08:43:34.908991
258363702170106,2026-08-09 09:30:00,2026-08-09 11:30:00,DK1,0.74756,0.1,2026-08-30 08:43:34.908991
641903661892362,2026-08-09 08:45:00,2026-08-09 10:45:00,DK1,0.74756,0.1,2026-08-30 08:43:34.908991
195435075536892,2026-08-09 07:15:00,2026-08-09 09:15:00,DK1,227.93105,30.49,2026-08-30 08:43:34.908991
729697564832797,2026-08-09 06:45:00,2026-08-09 08:45:00,DK1,451.0777,60.34,2026-08-30 08:43:34.908991
253225036788375,2026-08-09 06:00:00,2026-08-09 08:00:00,DK1,866.87054,115.96,2026-08-30 08:43:34.908991
113568292749426,2026-08-09 05:45:00,2026-08-09 07:45:00,DK1,758.7734,101.5,2026-08-30 08:43:34.908991
257224706877249,2026-08-09 05:30:00,2026-08-09 07:30:00,DK1,851.2466,113.87,2026-08-30 08:43:34.908991
783963629880930,2026-08-09 04:00:00,2026-08-09 06:00:00,DK1,1071.7767,143.37,2026-08-30 08:43:34.908991
428833959349899,2026-08-09 03:45:00,2026-08-09 05:45:00,DK1,989.17145,132.32,2026-08-30 08:43:34.908991
693946583237075,2026-08-09 03:30:00,2026-08-09 05:30:00,DK1,1014.4389,135.7,2026-08-30 08:43:34.908991
445395424231659,2026-08-09 01:30:00,2026-08-09 03:30:00,DK1,998.5159,133.57,2026-08-30 08:43:34.908991
302765115734432,2026-08-09 00:00:00,2026-08-09 02:00:00,DK1,1054.5082,141.06,2026-08-30 08:43:34.908991
94799467084303,2026-08-08 23:30:00,2026-08-09 01:30:00,DK1,1055.7789,141.23,2026-08-30 08:43:34.908991
221050497802147,2026-08-08 22:00:00,2026-08-09 00:00:00,DK1,1160.2131,155.2,2026-08-30 08:43:34.908991
709095091828980,2026-08-08 21:45:00,2026-08-08 23:45:00,DK1,1080.7476,144.57,2026-08-30 08:43:34.908991
526243722807346,2026-08-08 20:00:00,2026-08-08 22:00:00,DK1,1384.3315,185.18,2026-08-30 08:43:34.908991
268674061521261,2026-08-08 19:15:00,2026-08-08 21:15:00,DK1,1399.5071,187.21,2026-08-30 08:43:34.908991
398786708436262,2026-08-08 18:45:00,2026-08-08 20:45:00,DK1,1371.5483,183.47,2026-08-30 08:43:34.908991
718647848849306,2026-08-08 18:15:00,2026-08-08 20:15:00,DK1,1390.0131,185.94,2026-08-30 08:43:34.908991
223005464415288,2026-08-08 17:45:00,2026-08-08 19:45:00,DK1,1424.8494,190.6,2026-08-30 08:43:34.908991
109310060300619,2026-08-08 16:30:00,2026-08-08 18:30:00,DK1,1161.0354,155.31,2026-08-30 08:43:34.908991
320291100256890,2026-08-08 14:15:00,2026-08-08 16:15:00,DK1,-0.074756,-0.01,2026-08-30 08:43:34.908991
219687824207041,2026-08-08 14:00:00,2026-08-08 16:00:00,DK1,-0.672804,-0.09,2026-08-30 08:43:34.908991
136230762587335,2026-08-08 13:30:00,2026-08-08 15:30:00,DK1,6.653284,0.89,2026-08-30 08:43:34.908991
635772050385486,2026-08-08 13:15:00,2026-08-08 15:15:00,DK1,7.027064,0.94,2026-08-30 08:43:34.908991
269341872257795,2026-08-08 11:45:00,2026-08-08 13:45:00,DK1,0.0,0.0,2026-08-30 08:43:34.908991
420197233726428,2026-08-08 11:15:00,2026-08-08 13:15:00,DK1,0.0,0.0,2026-08-30 08:43:34.908991
703572391288332,2026-08-08 11:00:00,2026-08-08 13:00:00,DK1,0.0,0.0,2026-08-30 08:43:34.908991
749309343584897,2026-08-08 10:30:00,2026-08-08 12:30:00,DK1,7.400844,0.99,2026-08-30 08:43:34.908991
68986106638731,2026-08-08 10:00:00,2026-08-08 12:00:00,DK1,13.306568,1.78,2026-08-30 08:43:34.908991
858115456185500,2026-08-08 09:15:00,2026-08-08 11:15:00,DK1,14.9512,2.0,2026-08-30 08:43:34.908991
211084111685820,2026-08-08 08:15:00,2026-08-08 10:15:00,DK1,23.996675,3.21,2026-08-30 08:43:34.908991
809761298398842,2026-08-08 07:45:00,2026-08-08 09:45:00,DK1,74.98027,10.03,2026-08-30 08:43:34.908991
10475020282666,2026-08-08 07:15:00,2026-08-08 09:15:00,DK1,655.38586,87.67,2026-08-30 08:43:34.908991
293518037166211,2026-08-08 06:00:00,2026-08-08 08:00:00,DK1,1090.5405,145.88,2026-08-30 08:43:34.908991
873961038158170,2026-08-08 05:45:00,2026-08-08 07:45:00,DK1,882.27026,118.02,2026-08-30 08:43:34.908991
798377885039564,2026-08-08 04:30:00,2026-08-08 06:30:00,DK1,1075.963,143.93,2026-08-30 08:43:34.908991
972649914041085,2026-08-08 03:00:00,2026-08-08 05:00:00,DK1,1035.5948,138.53,2026-08-30 08:43:34.908991
175784734561210,2026-08-08 01:45:00,2026-08-08 03:45:00,DK1,1064.8245,142.44,2026-08-30 08:43:34.908991
257602305198244,2026-08-08 01:15:00,2026-08-08 03:15:00,DK1,1074.6176,143.75,2026-08-30 08:43:34.908991
328674623519397,2026-08-08 00:15:00,2026-08-08 02:15:00,DK1,1084.0367,145.01,2026-08-30 08:43:34.908991
443095861146033,2026-08-07 23:30:00,2026-08-08 01:30:00,DK1,1098.0908,146.89,2026-08-30 08:43:34.908991
26638919223,2026-08-07 22:15:00,2026-08-08 00:15:00,DK1,1171.2023,156.67,2026-08-30 08:43:34.908991
732865160108297,2026-08-07 19:30:00,2026-08-07 21:30:00,DK1,1420.8873,190.07,2026-08-30 08:43:34.908991
560636061420221,2026-08-07 17:45:00,2026-08-07 19:45:00,DK1,1427.1669,190.91,2026-08-30 08:43:34.908991
668687460311915,2026-08-07 16:45:00,2026-08-07 18:45:00,DK1,1158.3442,154.95,2026-08-30 08:43:34.908991
321187729427251,2026-08-07 16:15:00,2026-08-07 18:15:00,DK1,1045.2384,139.82,2026-08-30 08:43:34.908991
63261547649727,2026-08-07 16:00:00,2026-08-07 18:00:00,DK1,919.4988,123.0,2026-08-30 08:43:34.908991
355794492376972,2026-08-07 12:45:00,2026-08-07 14:45:00,DK1,250.50734,33.51,2026-08-30 08:43:34.908991
854216223219897,2026-08-07 12:00:00,2026-08-07 14:00:00,DK1,89.78196,12.01,2026-08-30 08:43:34.908991
680737361667153,2026-08-07 11:45:00,2026-08-07 13:45:00,DK1,82.45587,11.03,2026-08-30 08:43:34.908991
619207248040206,2026-08-07 11:30:00,2026-08-07 13:30:00,DK1,101.070114,13.52,2026-08-30 08:43:34.908991
754775651471263,2026-08-07 09:00:00,2026-08-07 11:00:00,DK1,633.1833,84.7,2026-08-30 08:43:34.908991
659088136539773,2026-08-07 08:45:00,2026-08-07 10:45:00,DK1,704.9491,94.3,2026-08-30 08:43:34.908991
281156008586307,2026-08-07 08:15:00,2026-08-07 10:15:00,DK1,765.8752,102.45,2026-08-30 08:43:34.908991
183952604749834,2026-08-07 07:45:00,2026-08-07 09:45:00,DK1,817.8306,109.4,2026-08-30 08:43:34.908991
132790179098580,2026-08-07 05:45:00,2026-08-07 07:45:00,DK1,1011.4487,135.3,2026-08-30 08:43:34.908991
18812988374356,2026-08-07 04:00:00,2026-08-07 06:00:00,DK1,1027.297,137.42,2026-08-30 08:43:34.908991
656972388126543,2026-08-07 02:30:00,2026-08-07 04:30:00,DK1,939.9072,125.73,2026-08-30 08:43:34.908991
942681420248567,2026-08-07 02:15:00,2026-08-07 04:15:00,DK1,934.30054,124.98,2026-08-30 08:43:34.908991
145400587066965,2026-08-07 00:00:00,2026-08-07 02:00:00,DK1,970.85614,129.87,2026-08-30 08:43:34.908991
531026384723349,2026-08-06 23:45:00,2026-08-07 01:45:00,DK1,947.68176,126.77,2026-08-30 08:43:34.908991
170493391798236,2026-08-06 23:30:00,2026-08-07 01:30:00,DK1,960.83887,128.53,2026-08-30 08:43:34.908991
267178709041177,2026-08-06 21:45:00,2026-08-06 23:45:00,DK1,997.30646,133.41,2026-08-30 08:43:34.908991
374919136594248,2026-08-06 21:30:00,2026-08-06 23:30:00,DK1,997.6803,133.46,2026-08-30 08:43:34.908991
587166916676829,2026-08-06 17:30:00,2026-08-06 19:30:00,DK1,817.9692,109.42,2026-08-30 08:43:34.908991
60198123691583,2026-08-06 17:15:00,2026-08-06 19:15:00,DK1,811.4656,108.55,2026-08-30 08:43:34.908991
493630414308252,2026-08-06 16:15:00,2026-08-06 18:15:00,DK1,505.7176,67.65,2026-08-30 08:43:34.908991
440543084341345,2026-08-06 14:45:00,2026-08-06 16:45:00,DK1,0.59804,0.08,2026-08-30 08:43:34.908991
122580614930747,2026-08-06 14:00:00,2026-08-06 16:00:00,DK1,-0.074755,-0.01,2026-08-30 08:43:34.908991
653557609046108,2026-08-06 12:45:00,2026-08-06 14:45:00,DK1,11.51227,1.54,2026-08-30 08:43:34.908991
384485813492248,2026-08-06 09:15:00,2026-08-06 11:15:00,DK1,0.971815,0.13,2026-08-30 08:43:34.908991
244195710772165,2026-08-06 08:30:00,2026-08-06 10:30:00,DK1,43.20839,5.78,2026-08-30 08:43:34.908991
828915126975531,2026-08-06 08:15:00,2026-08-06 10:15:00,DK1,205.80052,27.53,2026-08-30 08:43:34.908991
103710171791128,2026-08-06 04:30:00,2026-08-06 06:30:00,DK1,907.8247,121.44,2026-08-30 08:43:34.908991
437539471029271,2026-08-06 03:45:00,2026-08-06 05:45:00,DK1,883.3798,118.17,2026-08-30 08:43:34.908991
635031178340562,2026-08-06 03:00:00,2026-08-06 05:00:00,DK1,871.34424,116.56,2026-08-30 08:43:34.908991
640307729807498,2026-08-06 01:15:00,2026-08-06 03:15:00,DK1,909.24506,121.63,2026-08-30 08:43:34.908991
771609189147458,2026-08-06 01:00:00,2026-08-06 03:00:00,DK1,914.1789,122.29,2026-08-30 08:43:34.908991
328765337536988,2026-08-06 00:45:00,2026-08-06 02:45:00,DK1,943.2586,126.18,2026-08-30 08:43:34.908991
153026667083857,2026-08-05 23:00:00,2026-08-06 01:00:00,DK1,1196.9023,160.11,2026-08-30 08:43:34.908991
244312776327067,2026-08-05 22:30:00,2026-08-06 00:30:00,DK1,1177.9893,157.58,2026-08-30 08:43:34.908991
309920652233921,2026-08-05 22:00:00,2026-08-06 00:00:00,DK1,1095.2355,146.51,2026-08-30 08:43:34.908991
397934512175360,2026-08-05 21:30:00,2026-08-05 23:30:00,DK1,1148.2062,153.6,2026-08-30 08:43:34.908991
88335772302276,2026-08-05 21:15:00,2026-08-05 23:15:00,DK1,1193.2822,159.63,2026-08-30 08:43:34.908991
696490246874265,2026-08-05 21:00:00,2026-08-05 23:00:00,DK1,1230.7334,164.64,2026-08-30 08:43:34.908991
551692017108440,2026-08-05 20:45:00,2026-08-05 22:45:00,DK1,1251.4401,167.41,2026-08-30 08:43:34.908991
864596568084328,2026-08-05 20:30:00,2026-08-05 22:30:00,DK1,1315.7275,176.01,2026-08-30 08:43:34.908991
238451084078111,2026-08-05 18:30:00,2026-08-05 20:30:00,DK1,1269.8292,169.87,2026-08-30 08:43:34.908991
483417174391764,2026-08-05 16:45:00,2026-08-05 18:45:00,DK1,1098.8691,147.0,2026-08-30 08:43:34.908991
588449786182019,2026-08-05 15:15:00,2026-08-05 17:15:00,DK1,350.59158,46.9,2026-08-30 08:43:34.908991
702881263689676,2026-08-05 14:30:00,2026-08-05 16:30:00,DK1,38.198784,5.11,2026-08-30 08:43:34.908991
414177445712202,2026-08-05 13:15:00,2026-08-05 15:15:00,DK1,0.74753,0.1,2026-08-30 08:43:34.908991
687140164190773,2026-08-05 13:00:00,2026-08-05 15:00:00,DK1,2.765861,0.37,2026-08-30 08:43:34.908991
70936513427812,2026-08-05 12:45:00,2026-08-05 14:45:00,DK1,18.613497,2.49,2026-08-30 08:43:34.908991
485773508646796,2026-08-05 12:00:00,2026-08-05 14:00:00,DK1,18.16498,2.43,2026-08-30 08:43:34.908991
182767218117403,2026-08-05 11:00:00,2026-08-05 13:00:00,DK1,22.052135,2.95,2026-08-30 08:43:34.908991
429620590088719,2026-08-05 09:00:00,2026-08-05 11:00:00,DK1,185.7612,24.85,2026-08-30 08:43:34.908991
773500679160351,2026-08-05 07:45:00,2026-08-05 09:45:00,DK1,586.1383,78.41,2026-08-30 08:43:34.908991
322240777404148,2026-08-05 07:15:00,2026-08-05 09:15:00,DK1,898.1573,120.15,2026-08-30 08:43:34.908991
627423001540028,2026-08-05 06:45:00,2026-08-05 08:45:00,DK1,873.8626,116.9,2026-08-30 08:43:34.908991
969368270980996,2026-08-05 03:30:00,2026-08-05 05:30:00,DK1,1012.52936,135.45,2026-08-30 08:43:34.908991
929004179120914,2026-08-05 02:30:00,2026-08-05 04:30:00,DK1,1044.7479,139.76,2026-08-30 08:43:34.908991
81819828447194,2026-08-05 01:45:00,2026-08-05 03:45:00,DK1,1032.7126,138.15,2026-08-30 08:43:34.908991
586193093504125,2026-08-05 01:30:00,2026-08-05 03:30:00,DK1,1058.2783,141.57,2026-08-30 08:43:34.908991
666147320282768,2026-08-05 00:00:00,2026-08-05 02:00:00,DK1,1137.3668,152.15,2026-08-30 08:43:34.908991
775671230689971,2026-08-04 23:30:00,2026-08-05 01:30:00,DK1,1103.9523,147.68,2026-08-30 08:43:34.908991
281940001065608,2026-08-04 21:45:00,2026-08-04 23:45:00,DK1,1124.0011,150.36,2026-08-30 08:43:34.908991
666852336763806,2026-08-04 21:00:00,2026-08-04 23:00:00,DK1,1261.6233,168.77,2026-08-30 08:43:34.908991
488644157174071,2026-08-04 20:45:00,2026-08-04 22:45:00,DK1,1304.3077,174.48,2026-08-30 08:43:34.908991
363777150255483,2026-08-04 20:30:00,2026-08-04 22:30:00,DK1,1376.5201,184.14,2026-08-30 08:43:34.908991
546167985226335,2026-08-04 19:15:00,2026-08-04 21:15:00,DK1,1603.7722,214.54,2026-08-30 08:43:34.908991
39181872913438,2026-08-04 16:30:00,2026-08-04 18:30:00,DK1,1291.3007,172.74,2026-08-30 08:43:34.908991
94897068278731,2026-08-04 15:15:00,2026-08-04 17:15:00,DK1,1098.8838,147.0,2026-08-30 08:43:34.908991
458190076393968,2026-08-04 08:00:00,2026-08-04 10:00:00,DK1,1071.15,143.29,2026-08-30 08:43:34.908991
910774879262168,2026-08-04 06:00:00,2026-08-04 08:00:00,DK1,1330.4717,177.98,2026-08-30 08:43:34.908991
383367095383357,2026-08-04 05:30:00,2026-08-04 07:30:00,DK1,1285.395,171.95,2026-08-30 08:43:34.908991
973107058214881,2026-08-04 04:30:00,2026-08-04 06:30:00,DK1,1246.4482,166.74,2026-08-30 08:43:34.908991
90681687236701,2026-08-04 03:45:00,2026-08-04 05:45:00,DK1,1221.7046,163.43,2026-08-30 08:43:34.908991
44563728425364,2026-08-04 03:30:00,2026-08-04 05:30:00,DK1,1143.9604,153.03,2026-08-30 08:43:34.908991
994822531163820,2026-08-04 02:30:00,2026-08-04 04:30:00,DK1,1059.9369,141.79,2026-08-30 08:43:34.908991
27301286190344,2026-08-04 00:00:00,2026-08-04 02:00:00,DK1,1045.8085,139.9,2026-08-30 08:43:34.908991
118333079076827,2026-08-03 23:15:00,2026-08-04 01:15:00,DK1,1073.1685,143.56,2026-08-30 08:43:34.908991
440459686439336,2026-08-03 23:00:00,2026-08-04 01:00:00,DK1,1124.3002,150.4,2026-08-30 08:43:34.908991
671353851126184,2026-08-03 22:45:00,2026-08-04 00:45:00,DK1,1070.0288,143.14,2026-08-30 08:43:34.908991
384728020575385,2026-08-03 21:15:00,2026-08-03 23:15:00,DK1,1189.7051,159.16,2026-08-30 08:43:34.908991
93176108759313,2026-08-03 20:45:00,2026-08-03 22:45:00,DK1,1224.3887,163.8,2026-08-30 08:43:34.908991
571623724596691,2026-08-03 20:00:00,2026-08-03 22:00:00,DK1,1361.254,182.11,2026-08-30 08:43:34.908991
626620146975298,2026-08-03 19:45:00,2026-08-03 21:45:00,DK1,1290.4667,172.64,2026-08-30 08:43:34.908991
157655474278679,2026-08-03 19:30:00,2026-08-03 21:30:00,DK1,1384.3514,185.2,2026-08-30 08:43:34.908991
411271872555412,2026-08-03 17:30:00,2026-08-03 19:30:00,DK1,1523.0109,203.75,2026-08-30 08:43:34.908991
886225536829709,2026-08-03 17:00:00,2026-08-03 19:00:00,DK1,1303.7721,174.42,2026-08-30 08:43:34.908991
811426518873394,2026-08-03 15:15:00,2026-08-03 17:15:00,DK1,918.441,122.87,2026-08-30 08:43:34.908991
402828708938788,2026-08-03 13:30:00,2026-08-03 15:30:00,DK1,506.42447,67.75,2026-08-30 08:43:34.908991
136031521563822,2026-08-03 12:15:00,2026-08-03 14:15:00,DK1,102.33138,13.69,2026-08-30 08:43:34.908991
312922080210204,2026-08-03 11:15:00,2026-08-03 13:15:00,DK1,127.3723,17.04,2026-08-30 08:43:34.908991
295434622110586,2026-08-03 11:00:00,2026-08-03 13:00:00,DK1,129.83902,17.37,2026-08-30 08:43:34.908991
818307553450321,2026-08-03 10:45:00,2026-08-03 12:45:00,DK1,100.91115,13.5,2026-08-30 08:43:34.908991
615402678493037,2026-08-03 10:30:00,2026-08-03 12:30:00,DK1,117.729675,15.75,2026-08-30 08:43:34.908991
693946108182906,2026-08-03 09:00:00,2026-08-03 11:00:00,DK1,659.13666,88.18,2026-08-30 08:43:34.908991
508200727055855,2026-08-03 08:00:00,2026-08-03 10:00:00,DK1,943.63135,126.24,2026-08-30 08:43:34.908991
865596835763919,2026-08-03 07:15:00,2026-08-03 09:15:00,DK1,1006.7195,134.68,2026-08-30 08:43:34.908991
693977225802333,2026-08-03 05:15:00,2026-08-03 07:15:00,DK1,1246.8134,166.8,2026-08-30 08:43:34.908991
893745097201679,2026-08-03 02:00:00,2026-08-03 04:00:00,DK1,958.58124,128.24,2026-08-30 08:43:34.908991
986391668178337,2026-08-03 00:30:00,2026-08-03 02:30:00,DK1,977.19366,130.73,2026-08-30 08:43:34.908991
752134467470424,2026-08-03 00:15:00,2026-08-03 02:15:00,DK1,979.80994,131.08,2026-08-30 08:43:34.908991
530568708745267,2026-08-02 23:45:00,2026-08-03 01:45:00,DK1,985.715,131.87,2026-08-30 08:43:34.908991
760403443080333,2026-08-02 23:30:00,2026-08-03 01:30:00,DK1,1006.57007,134.66,2026-08-30 08:43:34.908991
409252922043120,2026-08-02 23:00:00,2026-08-03 01:00:00,DK1,1024.0613,137.0,2026-08-30 08:43:34.908991
190935189271478,2026-08-02 22:30:00,2026-08-03 00:30:00,DK1,1015.3157,135.83,2026-08-30 08:43:34.908991
209984618173302,2026-08-02 22:15:00,2026-08-03 00:15:00,DK1,1051.6437,140.69,2026-08-30 08:43:34.908991
484911397426701,2026-08-02 21:45:00,2026-08-02 23:45:00,DK1,1063.2725,142.24,2026-08-30 08:43:34.908991
11670845965406,2026-08-02 19:45:00,2026-08-02 21:45:00,DK1,1222.9427,163.6,2026-08-30 08:43:34.908991
332967017217808,2026-08-02 19:00:00,2026-08-02 21:00:00,DK1,1423.8761,190.48,2026-08-30 08:43:34.908991
374988637746737,2026-08-02 18:15:00,2026-08-02 20:15:00,DK1,1357.2721,181.57,2026-08-30 08:43:34.908991
577931911300544,2026-08-02 17:15:00,2026-08-02 19:15:00,DK1,1270.2607,169.93,2026-08-30 08:43:34.908991
264405481607386,2026-08-02 16:15:00,2026-08-02 18:15:00,DK1,1013.63715,135.6,2026-08-30 08:43:34.908991
982364049713837,2026-08-02 15:15:00,2026-08-02 17:15:00,DK1,668.6566,89.45,2026-08-30 08:43:34.908991
943770068901056,2026-08-02 14:45:00,2026-08-02 16:45:00,DK1,120.20122,16.08,2026-08-30 08:43:34.908991
538663653413948,2026-08-02 11:45:00,2026-08-02 13:45:00,DK1,15.69792,2.1,2026-08-30 08:43:34.908991
253762785499162,2026-08-02 11:30:00,2026-08-02 13:30:00,DK1,15.922176,2.13,2026-08-30 08:43:34.908991
471202467495932,2026-08-02 09:00:00,2026-08-02 11:00:00,DK1,0.0,0.0,2026-08-30 08:43:34.908991
522760902064942,2026-08-02 08:00:00,2026-08-02 10:00:00,DK1,73.182205,9.79,2026-08-30 08:43:34.908991
972526423258515,2026-08-02 07:30:00,2026-08-02 09:30:00,DK1,374.28326,50.07,2026-08-30 08:43:34.908991
849980545362114,2026-08-02 07:15:00,2026-08-02 09:15:00,DK1,627.84204,83.99,2026-08-30 08:43:34.908991
908343497585228,2026-08-02 07:00:00,2026-08-02 09:00:00,DK1,779.21484,104.24,2026-08-30 08:43:34.908991
120903567363771,2026-08-02 05:45:00,2026-08-02 07:45:00,DK1,914.36646,122.32,2026-08-30 08:43:34.908991
593322307262058,2026-08-02 05:30:00,2026-08-02 07:30:00,DK1,1017.44946,136.11,2026-08-30 08:43:34.908991
349268594015204,2026-08-02 05:15:00,2026-08-02 07:15:00,DK1,1065.9636,142.6,2026-08-30 08:43:34.908991
219157048262847,2026-08-02 03:45:00,2026-08-02 05:45:00,DK1,1176.148,157.34,2026-08-30 08:43:34.908991
409609295661180,2026-08-02 03:30:00,2026-08-02 05:30:00,DK1,1190.3508,159.24,2026-08-30 08:43:34.908991
854827562793384,2026-08-02 02:15:00,2026-08-02 04:15:00,DK1,1143.4813,152.97,2026-08-30 08:43:34.908991
360576804706511,2026-08-02 01:45:00,2026-08-02 03:45:00,DK1,1157.0115,154.78,2026-08-30 08:43:34.908991
22211400640478,2026-08-02 01:30:00,2026-08-02 03:30:00,DK1,1148.3402,153.62,2026-08-30 08:43:34.908991
586164508594866,2026-08-02 00:15:00,2026-08-02 02:15:00,DK1,1168.897,156.37,2026-08-30 08:43:34.908991
855942182204215,2026-08-01 23:30:00,2026-08-02 01:30:00,DK1,1211.0571,162.01,2026-08-30 08:43:34.908991
562249737322936,2026-08-01 23:00:00,2026-08-02 01:00:00,DK1,1202.4607,160.86,2026-08-30 08:43:34.908991
80447758447803,2026-08-01 21:00:00,2026-08-01 23:00:00,DK1,1286.5566,172.11,2026-08-30 08:43:34.908991
850704735917664,2026-08-01 20:45:00,2026-08-01 22:45:00,DK1,1264.0564,169.1,2026-08-30 08:43:34.908991
315725104342747,2026-08-01 20:30:00,2026-08-01 22:30:00,DK1,1309.655,175.2,2026-08-30 08:43:34.908991
726461523502266,2026-08-01 19:15:00,2026-08-01 21:15:00,DK1,1354.3567,181.18,2026-08-30 08:43:34.908991
515218656881360,2026-08-01 18:30:00,2026-08-01 20:30:00,DK1,1368.5596,183.08,2026-08-30 08:43:34.908991
662995037606555,2026-08-01 18:15:00,2026-08-01 20:15:00,DK1,1345.3865,179.98,2026-08-30 08:43:34.908991
737071851495222,2026-08-01 17:30:00,2026-08-01 19:30:00,DK1,1310.253,175.28,2026-08-30 08:43:34.908991
466440807576459,2026-08-01 17:15:00,2026-08-01 19:15:00,DK1,1187.4355,158.85,2026-08-30 08:43:34.908991
518449300319942,2026-08-01 17:00:00,2026-08-01 19:00:00,DK1,1112.1603,148.78,2026-08-30 08:43:34.908991
913695683985882,2026-08-01 16:45:00,2026-08-01 18:45:00,DK1,1229.6704,164.5,2026-08-30 08:43:34.908991
203441480421933,2026-08-01 16:15:00,2026-08-01 18:15:00,DK1,982.1665,131.39,2026-08-30 08:43:34.908991
774844998078605,2026-08-01 15:30:00,2026-08-01 17:30:00,DK1,869.4405,116.31,2026-08-30 08:43:34.908991
20379832300246,2026-08-01 15:15:00,2026-08-01 17:15:00,DK1,732.1958,97.95,2026-08-30 08:43:34.908991
455062942380127,2026-08-01 14:45:00,2026-08-01 16:45:00,DK1,623.8802,83.46,2026-08-30 08:43:34.908991
379566135358239,2026-08-01 14:00:00,2026-08-01 16:00:00,DK1,47.243263,6.32,2026-08-30 08:43:34.908991
86832125549256,2026-08-01 13:15:00,2026-08-01 15:15:00,DK1,25.340927,3.39,2026-08-30 08:43:34.908991
333564675443630,2026-08-01 13:00:00,2026-08-01 15:00:00,DK1,22.724607,3.04,2026-08-30 08:43:34.908991
487367131315170,2026-08-01 12:15:00,2026-08-01 14:15:00,DK1,25.41568,3.4,2026-08-30 08:43:34.908991
716452982530272,2026-08-01 12:00:00,2026-08-01 14:00:00,DK1,25.41568,3.4,2026-08-30 08:43:34.908991
733958852385709,2026-08-01 11:45:00,2026-08-01 13:45:00,DK1,33.56365,4.49,2026-08-30 08:43:34.908991
198781081171441,2026-08-01 10:30:00,2026-08-01 12:30:00,DK1,84.096,11.25,2026-08-30 08:43:34.908991
802942809457916,2026-08-01 10:00:00,2026-08-01 12:00:00,DK1,225.60153,30.18,2026-08-30 08:43:34.908991
183330857361057,2026-08-01 08:15:00,2026-08-01 10:15:00,DK1,757.38727,101.32,2026-08-30 08:43:34.908991
337545099704988,2026-08-01 07:30:00,2026-08-01 09:30:00,DK1,875.12164,117.07,2026-08-30 08:43:34.908991
919871790385415,2026-08-01 06:45:00,2026-08-01 08:45:00,DK1,928.19556,124.17,2026-08-30 08:43:34.908991
475318819615650,2026-08-01 05:30:00,2026-08-01 07:30:00,DK1,1059.4601,141.73,2026-08-30 08:43:34.908991
139363188787666,2026-08-01 04:00:00,2026-08-01 06:00:00,DK1,1193.6399,159.68,2026-08-30 08:43:34.908991
333366513981054,2026-08-01 03:00:00,2026-08-01 05:00:00,DK1,1139.37,152.42,2026-08-30 08:43:34.908991
120189756784695,2026-08-01 02:30:00,2026-08-01 04:30:00,DK1,1145.1259,153.19,2026-08-30 08:43:34.908991
995157759149816,2026-08-01 01:30:00,2026-08-01 03:30:00,DK1,1156.1145,154.66,2026-08-30 08:43:34.908991
176597034151804,2026-08-01 00:45:00,2026-08-01 02:45:00,DK1,1134.3616,151.75,2026-08-30 08:43:34.908991
596565675873884,2026-07-31 23:15:00,2026-08-01 01:15:00,DK1,1239.9114,165.87,2026-08-30 08:43:34.908991
431851500835923,2026-07-31 21:15:00,2026-07-31 23:15:00,DK1,1269.2141,169.79,2026-08-30 08:43:34.908991
107037074802729,2026-07-31 20:45:00,2026-07-31 22:45:00,DK1,1308.459,175.04,2026-08-30 08:43:34.908991
967510738396103,2026-07-31 19:45:00,2026-07-31 21:45:00,DK1,1493.246,199.76,2026-08-30 08:43:34.908991
488944150822532,2026-07-31 19:15:00,2026-07-31 21:15:00,DK1,1456.4679,194.84,2026-08-30 08:43:34.908991
362895831050944,2026-07-31 19:00:00,2026-07-31 21:00:00,DK1,1448.3948,193.76,2026-08-30 08:43:34.908991
483758514614895,2026-07-31 18:45:00,2026-07-31 20:45:00,DK1,1498.2543,200.43,2026-08-30 08:43:34.908991
391814941720800,2026-07-31 17:00:00,2026-07-31 19:00:00,DK1,1247.013,166.82,2026-08-30 08:43:34.908991
646483066961784,2026-07-31 16:30:00,2026-07-31 18:30:00,DK1,1254.8618,167.87,2026-08-30 08:43:34.908991
372330238383317,2026-07-31 16:00:00,2026-07-31 18:00:00,DK1,1048.9202,140.32,2026-08-30 08:43:34.908991
239892134338733,2026-07-31 15:30:00,2026-07-31 17:30:00,DK1,1197.0038,160.13,2026-08-30 08:43:34.908991
112431239477554,2026-07-31 15:15:00,2026-07-31 17:15:00,DK1,997.4907,133.44,2026-08-30 08:43:34.908991
358451353652934,2026-07-31 14:15:00,2026-07-31 16:15:00,DK1,840.58624,112.45,2026-08-30 08:43:34.908991
105438423339310,2026-07-31 13:15:00,2026-07-31 15:15:00,DK1,732.8686,98.04,2026-08-30 08:43:34.908991
591338831617372,2026-07-31 13:00:00,2026-07-31 15:00:00,DK1,670.6749,89.72,2026-08-30 08:43:34.908991
305778589379112,2026-07-31 12:45:00,2026-07-31 14:45:00,DK1,709.6955,94.94,2026-08-30 08:43:34.908991
92844087998367,2026-07-31 12:15:00,2026-07-31 14:15:00,DK1,612.89166,81.99,2026-08-30 08:43:34.908991
720117517469851,2026-07-31 10:00:00,2026-07-31 12:00:00,DK1,730.2523,97.69,2026-08-30 08:43:34.908991
553048410042589,2026-07-31 09:30:00,2026-07-31 11:30:00,DK1,750.8091,100.44,2026-08-30 08:43:34.908991
609700617027345,2026-07-31 07:45:00,2026-07-31 09:45:00,DK1,989.9407,132.43,2026-08-30 08:43:34.908991
45101682240685,2026-07-31 07:15:00,2026-07-31 09:15:00,DK1,1078.6714,144.3,2026-08-30 08:43:34.908991
98885550247388,2026-07-31 06:15:00,2026-07-31 08:15:00,DK1,1276.1661,170.72,2026-08-30 08:43:34.908991
675171810013167,2026-07-31 05:30:00,2026-07-31 07:30:00,DK1,1290.2943,172.61,2026-08-30 08:43:34.908991
977455756982434,2026-07-31 04:45:00,2026-07-31 06:45:00,DK1,1332.9777,178.32,2026-08-30 08:43:34.908991
223074902506778,2026-07-30 22:45:00,2026-07-31 00:45:00,DK1,1201.19,160.69,2026-08-30 08:43:34.908991
920600416068715,2026-07-30 22:30:00,2026-07-31 00:30:00,DK1,1230.418,164.6,2026-08-30 08:43:34.908991
669615539795647,2026-07-30 19:30:00,2026-07-30 21:30:00,DK1,1524.6554,203.97,2026-08-30 08:43:34.908991
32130318021500,2026-07-30 17:30:00,2026-07-30 19:30:00,DK1,1366.4117,182.8,2026-08-30 08:43:34.908991
626574314834981,2026-07-30 17:00:00,2026-07-30 19:00:00,DK1,1126.2432,150.67,2026-08-30 08:43:34.908991
995281848871966,2026-07-30 16:45:00,2026-07-30 18:45:00,DK1,1207.4952,161.54,2026-08-30 08:43:34.908991
844991503181136,2026-07-30 16:15:00,2026-07-30 18:15:00,DK1,1081.2443,144.65,2026-08-30 08:43:34.908991
5105951431835,2026-07-30 15:45:00,2026-07-30 17:45:00,DK1,1135.7363,151.94,2026-08-30 08:43:34.908991
4089303181395,2026-07-30 15:30:00,2026-07-30 17:30:00,DK1,975.62396,130.52,2026-08-30 08:43:34.908991
399402936475009,2026-07-30 13:30:00,2026-07-30 15:30:00,DK1,556.58105,74.46,2026-08-30 08:43:34.908991
164160345206199,2026-07-30 11:45:00,2026-07-30 13:45:00,DK1,40.887703,5.47,2026-08-30 08:43:34.908991
863633815231950,2026-07-30 11:15:00,2026-07-30 13:15:00,DK1,35.505775,4.75,2026-08-30 08:43:34.908991
198906300001128,2026-07-30 10:15:00,2026-07-30 12:15:00,DK1,55.389008,7.41,2026-08-30 08:43:34.908991
160346439699990,2026-07-30 09:00:00,2026-07-30 11:00:00,DK1,533.48364,71.37,2026-08-30 08:43:34.908991
187157616165785,2026-07-30 08:30:00,2026-07-30 10:30:00,DK1,602.7012,80.63,2026-08-30 08:43:34.908991
453817930344992,2026-07-30 08:00:00,2026-07-30 10:00:00,DK1,814.53986,108.97,2026-08-30 08:43:34.908991
94080596944231,2026-07-30 07:30:00,2026-07-30 09:30:00,DK1,830.0129,111.04,2026-08-30 08:43:34.908991
646922172442316,2026-07-30 07:15:00,2026-07-30 09:15:00,DK1,914.3298,122.32,2026-08-30 08:43:34.908991
534594345340547,2026-07-30 06:45:00,2026-07-30 08:45:00,DK1,871.19965,116.55,2026-08-30 08:43:34.908991
720973569144365,2026-07-30 05:00:00,2026-07-30 07:00:00,DK1,1229.1726,164.44,2026-08-30 08:43:34.908991
528699133771673,2026-07-30 04:15:00,2026-07-30 06:15:00,DK1,1116.9742,149.43,2026-08-30 08:43:34.908991
918778411630616,2026-07-30 04:00:00,2026-07-30 06:00:00,DK1,1057.0256,141.41,2026-08-30 08:43:34.908991
633032491439267,2026-07-30 03:45:00,2026-07-30 05:45:00,DK1,1067.042,142.75,2026-08-30 08:43:34.908991
884183144231658,2026-07-30 02:30:00,2026-07-30 04:30:00,DK1,992.66675,132.8,2026-08-30 08:43:34.908991
353563476673692,2026-07-30 02:15:00,2026-07-30 04:15:00,DK1,988.63025,132.26,2026-08-30 08:43:34.908991
92150921303537,2026-07-30 02:00:00,2026-07-30 04:00:00,DK1,986.911,132.03,2026-08-30 08:43:34.908991
699213665645123,2026-07-30 01:15:00,2026-07-30 03:15:00,DK1,1007.84076,134.83,2026-08-30 08:43:34.908991
653409089127913,2026-07-30 00:45:00,2026-07-30 02:45:00,DK1,1019.35205,136.37,2026-08-30 08:43:34.908991
457465145487492,2026-07-29 23:00:00,2026-07-30 01:00:00,DK1,1076.7594,144.05,2026-08-30 08:43:34.908991
177963292994895,2026-07-29 22:45:00,2026-07-30 00:45:00,DK1,1062.9308,142.2,2026-08-30 08:43:34.908991
181253950321569,2026-07-29 22:00:00,2026-07-30 00:00:00,DK1,1212.1298,162.16,2026-08-30 08:43:34.908991
55545551147069,2026-07-29 21:30:00,2026-07-29 23:30:00,DK1,1273.5565,170.38,2026-08-30 08:43:34.908991
219482512444842,2026-07-29 21:15:00,2026-07-29 23:15:00,DK1,1297.7748,173.62,2026-08-30 08:43:34.908991
169051813702241,2026-07-29 18:45:00,2026-07-29 20:45:00,DK1,1939.5612,259.48,2026-08-30 08:43:34.908991
136853989392638,2026-07-29 17:30:00,2026-07-29 19:30:00,DK1,1845.1544,246.85,2026-08-30 08:43:34.908991
643271457392018,2026-07-29 17:15:00,2026-07-29 19:15:00,DK1,1514.245,202.58,2026-08-30 08:43:34.908991
832520461495472,2026-07-29 14:30:00,2026-07-29 16:30:00,DK1,715.3383,95.7,2026-08-30 08:43:34.908991
528489195313577,2026-07-29 10:30:00,2026-07-29 12:30:00,DK1,14.9496,2.0,2026-08-30 08:43:34.908991
621651355433197,2026-07-29 10:15:00,2026-07-29 12:15:00,DK1,14.9496,2.0,2026-08-30 08:43:34.908991
42214782631027,2026-07-29 09:30:00,2026-07-29 11:30:00,DK1,94.780464,12.68,2026-08-30 08:43:34.908991
323472528121017,2026-07-29 08:00:00,2026-07-29 10:00:00,DK1,814.82794,109.01,2026-08-30 08:43:34.908991
966561406986838,2026-07-29 07:15:00,2026-07-29 09:15:00,DK1,940.7783,125.86,2026-08-30 08:43:34.908991
345452447185031,2026-07-29 07:00:00,2026-07-29 09:00:00,DK1,1143.3455,152.96,2026-08-30 08:43:34.908991
522633871336045,2026-07-29 05:15:00,2026-07-29 07:15:00,DK1,1262.7927,168.94,2026-08-30 08:43:34.908991
737277017432829,2026-07-29 05:00:00,2026-07-29 07:00:00,DK1,1276.8453,170.82,2026-08-30 08:43:34.908991
368832031326884,2026-07-29 04:45:00,2026-07-29 06:45:00,DK1,1258.831,168.41,2026-08-30 08:43:34.908991
61966636077710,2026-07-29 04:30:00,2026-07-29 06:30:00,DK1,1262.0452,168.84,2026-08-30 08:43:34.908991
796863360752808,2026-07-29 02:30:00,2026-07-29 04:30:00,DK1,1044.977,139.8,2026-08-30 08:43:34.908991
859652897361314,2026-07-29 02:15:00,2026-07-29 04:15:00,DK1,1031.9708,138.06,2026-08-30 08:43:34.908991
729062328975167,2026-07-29 02:00:00,2026-07-29 04:00:00,DK1,1003.26764,134.22,2026-08-30 08:43:34.908991
179473442501166,2026-07-29 00:45:00,2026-07-29 02:45:00,DK1,996.5404,133.32,2026-08-30 08:43:34.908991
181166992877597,2026-07-28 23:15:00,2026-07-29 01:15:00,DK1,1107.2422,148.13,2026-08-30 08:43:34.908991
65573544841074,2026-07-28 21:00:00,2026-07-28 23:00:00,DK1,1404.9639,187.95,2026-08-30 08:43:34.908991
922286330400057,2026-07-28 19:45:00,2026-07-28 21:45:00,DK1,1495.7876,200.1,2026-08-30 08:43:34.908991
774399402711375,2026-07-28 18:45:00,2026-07-28 20:45:00,DK1,1774.9862,237.45,2026-08-30 08:43:34.908991
191353821972576,2026-07-28 17:45:00,2026-07-28 19:45:00,DK1,1687.6759,225.77,2026-08-30 08:43:34.908991
977503243469987,2026-07-28 16:45:00,2026-07-28 18:45:00,DK1,1321.9891,176.85,2026-08-30 08:43:34.908991
374468645523408,2026-07-28 16:15:00,2026-07-28 18:15:00,DK1,1163.0663,155.59,2026-08-30 08:43:34.908991
347133800569260,2026-07-28 15:30:00,2026-07-28 17:30:00,DK1,890.44586,119.12,2026-08-30 08:43:34.908991
663652404313133,2026-07-28 15:15:00,2026-07-28 17:15:00,DK1,757.9105,101.39,2026-08-30 08:43:34.908991
317737535591100,2026-07-28 14:00:00,2026-07-28 16:00:00,DK1,32.292866,4.32,2026-08-30 08:43:34.908991
247404303495876,2026-07-28 13:15:00,2026-07-28 15:15:00,DK1,10.016768,1.34,2026-08-30 08:43:34.908991
155244613165492,2026-07-28 11:00:00,2026-07-28 13:00:00,DK1,9.269248,1.24,2026-08-30 08:43:34.908991
855055703175910,2026-07-28 09:45:00,2026-07-28 11:45:00,DK1,3.289088,0.44,2026-08-30 08:43:34.908991
347744364629921,2026-07-28 07:45:00,2026-07-28 09:45:00,DK1,606.68726,81.16,2026-08-30 08:43:34.908991
878858625622644,2026-07-28 07:00:00,2026-07-28 09:00:00,DK1,1184.3707,158.44,2026-08-30 08:43:34.908991
440487342397128,2026-07-28 06:00:00,2026-07-28 08:00:00,DK1,1227.4279,164.2,2026-08-30 08:43:34.908991
152153074397891,2026-07-28 04:45:00,2026-07-28 06:45:00,DK1,1194.0885,159.74,2026-08-30 08:43:34.908991
951595642741033,2026-07-28 04:15:00,2026-07-28 06:15:00,DK1,1113.8048,149.0,2026-08-30 08:43:34.908991
735666518342637,2026-07-28 03:00:00,2026-07-28 05:00:00,DK1,989.4922,132.37,2026-08-30 08:43:34.908991
485261494309826,2026-07-27 22:45:00,2026-07-28 00:45:00,DK1,1070.8971,143.26,2026-08-30 08:43:34.908991
930696000852484,2026-07-27 22:30:00,2026-07-28 00:30:00,DK1,1136.1556,151.99,2026-08-30 08:43:34.908991
234523586535227,2026-07-27 21:00:00,2026-07-27 23:00:00,DK1,1124.4196,150.42,2026-08-30 08:43:34.908991
457646684818401,2026-07-27 20:45:00,2026-07-27 22:45:00,DK1,1128.9048,151.02,2026-08-30 08:43:34.908991
630018785203616,2026-07-27 20:30:00,2026-07-27 22:30:00,DK1,1129.8765,151.15,2026-08-30 08:43:34.908991
681265020375941,2026-07-27 20:15:00,2026-07-27 22:15:00,DK1,1107.675,148.18,2026-08-30 08:43:34.908991
482643784746988,2026-07-27 19:15:00,2026-07-27 21:15:00,DK1,1066.2626,142.64,2026-08-30 08:43:34.908991
190845350536909,2026-07-27 17:15:00,2026-07-27 19:15:00,DK1,882.8211,118.1,2026-08-30 08:43:34.908991
805033071231779,2026-07-27 15:15:00,2026-07-27 17:15:00,DK1,18.538496,2.48,2026-08-30 08:43:34.908991
551384394946817,2026-07-27 14:45:00,2026-07-27 16:45:00,DK1,0.224256,0.03,2026-08-30 08:43:34.908991
949226765571557,2026-07-27 12:45:00,2026-07-27 14:45:00,DK1,-0.074752,-0.01,2026-08-30 08:43:34.908991
231354142210995,2026-07-27 12:30:00,2026-07-27 14:30:00,DK1,-0.074752,-0.01,2026-08-30 08:43:34.908991
443699286951948,2026-07-27 10:45:00,2026-07-27 12:45:00,DK1,2.99008,0.4,2026-08-30 08:43:34.908991
113038495203045,2026-07-27 09:30:00,2026-07-27 11:30:00,DK1,3.887104,0.52,2026-08-30 08:43:34.908991
675608110320788,2026-07-27 09:00:00,2026-07-27 11:00:00,DK1,32.292866,4.32,2026-08-30 08:43:34.908991
175410905586367,2026-07-27 08:15:00,2026-07-27 10:15:00,DK1,145.3179,19.44,2026-08-30 08:43:34.908991
666778548724897,2026-07-27 06:45:00,2026-07-27 08:45:00,DK1,686.82135,91.88,2026-08-30 08:43:34.908991
86170607086922,2026-07-27 06:30:00,2026-07-27 08:30:00,DK1,816.5908,109.24,2026-08-30 08:43:34.908991
627321450222168,2026-07-27 04:00:00,2026-07-27 06:00:00,DK1,761.1249,101.82,2026-08-30 08:43:34.908991
938781189916840,2026-07-27 03:45:00,2026-07-27 05:45:00,DK1,765.5353,102.41,2026-08-30 08:43:34.908991
751230632151142,2026-07-27 03:15:00,2026-07-27 05:15:00,DK1,637.93353,85.34,2026-08-30 08:43:34.908991
130637983570193,2026-07-27 02:45:00,2026-07-27 04:45:00,DK1,623.7307,83.44,2026-08-30 08:43:34.908991
545287709921412,2026-07-27 02:15:00,2026-07-27 04:15:00,DK1,490.0741,65.56,2026-08-30 08:43:34.908991
550062302846459,2026-07-27 01:15:00,2026-07-27 03:15:00,DK1,443.27936,59.3,2026-08-30 08:43:34.908991
877949390020221,2026-07-26 22:45:00,2026-07-27 00:45:00,DK1,616.03125,82.41,2026-08-30 08:43:34.908991
609140523521678,2026-07-26 21:30:00,2026-07-26 23:30:00,DK1,1022.13873,136.73,2026-08-30 08:43:34.908991
668778856183902,2026-07-26 19:00:00,2026-07-26 21:00:00,DK1,1195.0494,159.86,2026-08-30 08:43:34.908991
11674349280833,2026-07-26 18:00:00,2026-07-26 20:00:00,DK1,1122.0128,150.09,2026-08-30 08:43:34.908991
537062161370849,2026-07-26 17:00:00,2026-07-26 19:00:00,DK1,958.97,128.28,2026-08-30 08:43:34.908991
357686793076612,2026-07-26 15:45:00,2026-07-26 17:45:00,DK1,844.5933,112.98,2026-08-30 08:43:34.908991
776874075353498,2026-07-26 15:30:00,2026-07-26 17:30:00,DK1,593.8617,79.44,2026-08-30 08:43:34.908991
983191843291736,2026-07-26 14:45:00,2026-07-26 16:45:00,DK1,217.01668,29.03,2026-08-30 08:43:34.908991
533877244456656,2026-07-26 14:15:00,2026-07-26 16:15:00,DK1,14.9512,2.0,2026-08-30 08:43:34.908991
873190608111777,2026-07-26 12:15:00,2026-07-26 14:15:00,DK1,1.719388,0.23,2026-08-30 08:43:34.908991
240662876736493,2026-07-26 08:30:00,2026-07-26 10:30:00,DK1,1.046584,0.14,2026-08-30 08:43:34.908991
355923802664501,2026-07-26 07:45:00,2026-07-26 09:45:00,DK1,121.10473,16.2,2026-08-30 08:43:34.908991
586712336030037,2026-07-26 07:30:00,2026-07-26 09:30:00,DK1,500.26715,66.92,2026-08-30 08:43:34.908991
864759538163397,2026-07-26 06:00:00,2026-07-26 08:00:00,DK1,834.7255,111.66,2026-08-30 08:43:34.908991
848454912706080,2026-07-26 05:30:00,2026-07-26 07:30:00,DK1,799.964,107.01,2026-08-30 08:43:34.908991
627919444427777,2026-07-26 05:00:00,2026-07-26 07:00:00,DK1,889.0731,118.93,2026-08-30 08:43:34.908991
691226840617143,2026-07-26 03:45:00,2026-07-26 05:45:00,DK1,1001.7304,134.0,2026-08-30 08:43:34.908991
978854107159460,2026-07-25 23:30:00,2026-07-26 01:30:00,DK1,1082.5416,144.81,2026-08-30 08:43:34.908991
657034800741773,2026-07-25 21:30:00,2026-07-25 23:30:00,DK1,1200.8804,160.64,2026-08-30 08:43:34.908991
901113025915359,2026-07-25 20:45:00,2026-07-25 22:45:00,DK1,1185.3312,158.56,2026-08-30 08:43:34.908991
154662721153420,2026-07-25 19:45:00,2026-07-25 21:45:00,DK1,1231.8293,164.78,2026-08-30 08:43:34.908991
619134751445876,2026-07-25 19:30:00,2026-07-25 21:30:00,DK1,1237.2118,165.5,2026-08-30 08:43:34.908991
917798617361602,2026-07-25 19:15:00,2026-07-25 21:15:00,DK1,1270.7772,169.99,2026-08-30 08:43:34.908991
910363864110351,2026-07-25 19:00:00,2026-07-25 21:00:00,DK1,1312.192,175.53,2026-08-30 08:43:34.908991
788985900406929,2026-07-25 17:30:00,2026-07-25 19:30:00,DK1,1043.5938,139.6,2026-08-30 08:43:34.908991
319324576481158,2026-07-25 16:45:00,2026-07-25 18:45:00,DK1,934.8238,125.05,2026-08-30 08:43:34.908991
399981638885368,2026-07-25 16:30:00,2026-07-25 18:30:00,DK1,882.27026,118.02,2026-08-30 08:43:34.908991
245935754463518,2026-07-25 15:00:00,2026-07-25 17:00:00,DK1,-0.074756,-0.01,2026-08-30 08:43:34.908991
167096610898364,2026-07-25 14:15:00,2026-07-25 16:15:00,DK1,-0.897072,-0.12,2026-08-30 08:43:34.908991
204353898774380,2026-07-25 11:00:00,2026-07-25 13:00:00,DK1,-49.937008,-6.68,2026-08-30 08:43:34.908991
303606190068358,2026-07-25 10:00:00,2026-07-25 12:00:00,DK1,-32.967396,-4.41,2026-08-30 08:43:34.908991
222123628106086,2026-07-25 09:30:00,2026-07-25 11:30:00,DK1,-25.491796,-3.41,2026-08-30 08:43:34.908991
453822684156514,2026-07-25 08:45:00,2026-07-25 10:45:00,DK1,-2.915484,-0.39,2026-08-30 08:43:34.908991
495771361842635,2026-07-25 08:00:00,2026-07-25 10:00:00,DK1,0.0,0.0,2026-08-30 08:43:34.908991
21290796883195,2026-07-25 06:15:00,2026-07-25 08:15:00,DK1,766.3238,102.51,2026-08-30 08:43:34.908991
788762390869220,2026-07-25 06:00:00,2026-07-25 08:00:00,DK1,915.3125,122.44,2026-08-30 08:43:34.908991
482220153920675,2026-07-25 04:30:00,2026-07-25 06:30:00,DK1,967.7164,129.45,2026-08-30 08:43:34.908991
14084375115443,2026-07-25 04:00:00,2026-07-25 06:00:00,DK1,987.2277,132.06,2026-08-30 08:43:34.908991
529162739095298,2026-07-25 02:45:00,2026-07-25 04:45:00,DK1,1009.65454,135.06,2026-08-30 08:43:34.908991
774238309817384,2026-07-25 01:30:00,2026-07-25 03:30:00,DK1,1180.6215,157.93,2026-08-30 08:43:34.908991
635368754770590,2026-07-24 22:45:00,2026-07-25 00:45:00,DK1,1162.5305,155.51,2026-08-30 08:43:34.908991
36595039046585,2026-07-24 22:30:00,2026-07-25 00:30:00,DK1,1234.3711,165.12,2026-08-30 08:43:34.908991
824678312626485,2026-07-24 21:45:00,2026-07-24 23:45:00,DK1,1275.8606,170.67,2026-08-30 08:43:34.908991
862635455498184,2026-07-24 21:00:00,2026-07-24 23:00:00,DK1,1386.5742,185.48,2026-08-30 08:43:34.908991
383238218804012,2026-07-24 20:15:00,2026-07-24 22:15:00,DK1,1480.2435,198.01,2026-08-30 08:43:34.908991
864193469070327,2026-07-24 15:45:00,2026-07-24 17:45:00,DK1,1057.3489,141.44,2026-08-30 08:43:34.908991
106729156667806,2026-07-24 15:30:00,2026-07-24 17:30:00,DK1,926.6006,123.95,2026-08-30 08:43:34.908991
97513893795115,2026-07-24 14:15:00,2026-07-24 16:15:00,DK1,447.78845,59.9,2026-08-30 08:43:34.908991
204948223067251,2026-07-24 14:00:00,2026-07-24 16:00:00,DK1,241.91042,32.36,2026-08-30 08:43:34.908991
994358129908431,2026-07-24 13:00:00,2026-07-24 15:00:00,DK1,32.219837,4.31,2026-08-30 08:43:34.908991
107897035932240,2026-07-24 12:15:00,2026-07-24 14:15:00,DK1,49.18945,6.58,2026-08-30 08:43:34.908991
501508983618964,2026-07-24 11:30:00,2026-07-24 13:30:00,DK1,143.9053,19.25,2026-08-30 08:43:34.908991
632263045841663,2026-07-24 11:15:00,2026-07-24 13:15:00,DK1,195.11316,26.1,2026-08-30 08:43:34.908991
108082650058387,2026-07-24 11:00:00,2026-07-24 13:00:00,DK1,307.47144,41.13,2026-08-30 08:43:34.908991
991096782719405,2026-07-24 10:00:00,2026-07-24 12:00:00,DK1,498.6225,66.7,2026-08-30 08:43:34.908991
155960818076806,2026-07-24 09:15:00,2026-07-24 11:15:00,DK1,618.38165,82.72,2026-08-30 08:43:34.908991
967046477038232,2026-07-24 06:45:00,2026-07-24 08:45:00,DK1,1045.986,139.92,2026-08-30 08:43:34.908991
601808852065548,2026-07-24 05:15:00,2026-07-24 07:15:00,DK1,1250.1445,167.23,2026-08-30 08:43:34.908991
799509492774778,2026-07-24 04:45:00,2026-07-24 06:45:00,DK1,1193.4795,159.65,2026-08-30 08:43:34.908991
443900013046288,2026-07-24 04:30:00,2026-07-24 06:30:00,DK1,1234.072,165.08,2026-08-30 08:43:34.908991
632049908726765,2026-07-24 03:30:00,2026-07-24 05:30:00,DK1,1107.8092,148.19,2026-08-30 08:43:34.908991
646841655801300,2026-07-24 03:15:00,2026-07-24 05:15:00,DK1,1159.316,155.08,2026-08-30 08:43:34.908991
279254754523338,2026-07-24 02:30:00,2026-07-24 04:30:00,DK1,1063.1051,142.21,2026-08-30 08:43:34.908991
505686393437809,2026-07-24 02:00:00,2026-07-24 04:00:00,DK1,1062.0586,142.07,2026-08-30 08:43:34.908991
819350818156284,2026-07-24 01:15:00,2026-07-24 03:15:00,DK1,1062.0586,142.07,2026-08-30 08:43:34.908991
566340174328284,2026-07-24 00:45:00,2026-07-24 02:45:00,DK1,1099.6608,147.1,2026-08-30 08:43:34.908991
688894125757260,2026-07-23 22:15:00,2026-07-24 00:15:00,DK1,1223.3818,163.65,2026-08-30 08:43:34.908991
447708961993733,2026-07-23 21:15:00,2026-07-23 23:15:00,DK1,1275.803,170.66,2026-08-30 08:43:34.908991
834131596765278,2026-07-23 19:45:00,2026-07-23 21:45:00,DK1,1388.0132,185.67,2026-08-30 08:43:34.908991
608580199642988,2026-07-23 19:00:00,2026-07-23 21:00:00,DK1,1441.614,192.84,2026-08-30 08:43:34.908991
417755206763929,2026-07-23 18:45:00,2026-07-23 20:45:00,DK1,1476.4508,197.5,2026-08-30 08:43:34.908991
569133818417776,2026-07-23 18:30:00,2026-07-23 20:30:00,DK1,1382.7803,184.97,2026-08-30 08:43:34.908991
98381360160557,2026-07-23 17:45:00,2026-07-23 19:45:00,DK1,1335.8329,178.69,2026-08-30 08:43:34.908991
61510541600729,2026-07-23 16:30:00,2026-07-23 18:30:00,DK1,1156.6403,154.72,2026-08-30 08:43:34.908991
627773043183374,2026-07-23 13:45:00,2026-07-23 15:45:00,DK1,76.25214,10.2,2026-08-30 08:43:34.908991
475701797163375,2026-07-23 13:15:00,2026-07-23 15:15:00,DK1,52.404655,7.01,2026-08-30 08:43:34.908991
236052583537973,2026-07-23 12:15:00,2026-07-23 14:15:00,DK1,38.4251,5.14,2026-08-30 08:43:34.908991
648211460305761,2026-07-23 11:00:00,2026-07-23 13:00:00,DK1,134.78688,18.03,2026-08-30 08:43:34.908991
788674848247253,2026-07-23 10:45:00,2026-07-23 12:45:00,DK1,64.6648,8.65,2026-08-30 08:43:34.908991
439295173414732,2026-07-23 09:30:00,2026-07-23 11:30:00,DK1,583.4784,78.05,2026-08-30 08:43:34.908991
452725339957161,2026-07-23 09:15:00,2026-07-23 11:15:00,DK1,640.5928,85.69,2026-08-30 08:43:34.908991
200307187219735,2026-07-23 07:45:00,2026-07-23 09:45:00,DK1,832.1202,111.31,2026-08-30 08:43:34.908991
549012975145567,2026-07-23 07:00:00,2026-07-23 09:00:00,DK1,1217.1187,162.81,2026-08-30 08:43:34.908991
69900078941081,2026-07-23 06:15:00,2026-07-23 08:15:00,DK1,1217.044,162.8,2026-08-30 08:43:34.908991
449715534044076,2026-07-23 04:45:00,2026-07-23 06:45:00,DK1,1226.0895,164.01,2026-08-30 08:43:34.908991
160113333117975,2026-07-23 04:00:00,2026-07-23 06:00:00,DK1,1106.6278,148.03,2026-08-30 08:43:34.908991
190571394183852,2026-07-23 03:45:00,2026-07-23 05:45:00,DK1,1062.297,142.1,2026-08-30 08:43:34.908991
251569140752276,2026-07-23 02:45:00,2026-07-23 04:45:00,DK1,1050.1116,140.47,2026-08-30 08:43:34.908991
706942590377947,2026-07-23 02:15:00,2026-07-23 04:15:00,DK1,992.1749,132.72,2026-08-30 08:43:34.908991
764411217813858,2026-07-23 02:00:00,2026-07-23 04:00:00,DK1,990.97876,132.56,2026-08-30 08:43:34.908991
186508309507203,2026-07-23 01:00:00,2026-07-23 03:00:00,DK1,986.8671,132.01,2026-08-30 08:43:34.908991
280621001555660,2026-07-23 00:45:00,2026-07-23 02:45:00,DK1,988.5866,132.24,2026-08-30 08:43:34.908991
300853438145769,2026-07-23 00:15:00,2026-07-23 02:15:00,DK1,991.3526,132.61,2026-08-30 08:43:34.908991
679043432774683,2026-07-22 22:45:00,2026-07-23 00:45:00,DK1,974.90607,130.41,2026-08-30 08:43:34.908991
520113816548034,2026-07-22 22:30:00,2026-07-23 00:30:00,DK1,1005.70593,134.53,2026-08-30 08:43:34.908991
30186873947809,2026-07-22 19:45:00,2026-07-22 21:45:00,DK1,1052.3544,140.77,2026-08-30 08:43:34.908991
878908733534539,2026-07-22 19:30:00,2026-07-22 21:30:00,DK1,1062.6707,142.15,2026-08-30 08:43:34.908991
301443095281199,2026-07-22 19:15:00,2026-07-22 21:15:00,DK1,1068.3523,142.91,2026-08-30 08:43:34.908991
51464133010016,2026-07-22 18:45:00,2026-07-22 20:45:00,DK1,1027.3854,137.43,2026-08-30 08:43:34.908991
725635182561068,2026-07-22 17:30:00,2026-07-22 19:30:00,DK1,969.374,129.67,2026-08-30 08:43:34.908991
183768954521202,2026-07-22 16:15:00,2026-07-22 18:15:00,DK1,763.269,102.1,2026-08-30 08:43:34.908991
964934467559234,2026-07-22 15:15:00,2026-07-22 17:15:00,DK1,449.66336,60.15,2026-08-30 08:43:34.908991
522760511937934,2026-07-22 14:30:00,2026-07-22 16:30:00,DK1,58.908516,7.88,2026-08-30 08:43:34.908991
498757038035686,2026-07-22 13:30:00,2026-07-22 15:30:00,DK1,17.642653,2.36,2026-08-30 08:43:34.908991
997230607354273,2026-07-22 13:15:00,2026-07-22 15:15:00,DK1,14.876643,1.99,2026-08-30 08:43:34.908991
221758851699883,2026-07-22 11:30:00,2026-07-22 13:30:00,DK1,11.512578,1.54,2026-08-30 08:43:34.908991
815786959622360,2026-07-22 09:15:00,2026-07-22 11:15:00,DK1,292.82315,39.17,2026-08-30 08:43:34.908991
381784208990572,2026-07-22 08:00:00,2026-07-22 10:00:00,DK1,687.6149,91.98,2026-08-30 08:43:34.908991
902318831746467,2026-07-22 07:15:00,2026-07-22 09:15:00,DK1,765.1379,102.35,2026-08-30 08:43:34.908991
277749485085025,2026-07-22 05:15:00,2026-07-22 07:15:00,DK1,931.09845,124.55,2026-08-30 08:43:34.908991
298817699907912,2026-07-22 01:45:00,2026-07-22 03:45:00,DK1,892.8229,119.43,2026-08-30 08:43:34.908991
286347392250611,2026-07-22 01:30:00,2026-07-22 03:30:00,DK1,894.76654,119.69,2026-08-30 08:43:34.908991
839105366388015,2026-07-22 01:15:00,2026-07-22 03:15:00,DK1,895.6636,119.81,2026-08-30 08:43:34.908991
729945500662097,2026-07-22 01:00:00,2026-07-22 03:00:00,DK1,896.6355,119.94,2026-08-30 08:43:34.908991
245902578225260,2026-07-22 00:30:00,2026-07-22 02:30:00,DK1,924.44507,123.66,2026-08-30 08:43:34.908991
399104881086617,2026-07-21 22:30:00,2026-07-22 00:30:00,DK1,1020.50775,136.51,2026-08-30 08:43:34.908991
217774117965327,2026-07-21 18:30:00,2026-07-21 20:30:00,DK1,1304.1184,174.45,2026-08-30 08:43:34.908991
618837401379321,2026-07-21 18:15:00,2026-07-21 20:15:00,DK1,1283.411,171.68,2026-08-30 08:43:34.908991
272066028100845,2026-07-21 18:00:00,2026-07-21 20:00:00,DK1,1240.6506,165.96,2026-08-30 08:43:34.908991
86573272959872,2026-07-21 16:15:00,2026-07-21 18:15:00,DK1,975.79004,130.53,2026-08-30 08:43:34.908991
168014529289866,2026-07-21 15:45:00,2026-07-21 17:45:00,DK1,944.7663,126.38,2026-08-30 08:43:34.908991
298218367479259,2026-07-21 15:30:00,2026-07-21 17:30:00,DK1,829.2683,110.93,2026-08-30 08:43:34.908991
973602202041834,2026-07-21 15:15:00,2026-07-21 17:15:00,DK1,691.493,92.5,2026-08-30 08:43:34.908991
390995189269737,2026-07-21 14:30:00,2026-07-21 16:30:00,DK1,518.6571,69.38,2026-08-30 08:43:34.908991
750233537872399,2026-07-21 14:00:00,2026-07-21 16:00:00,DK1,221.7263,29.66,2026-08-30 08:43:34.908991
843167224663020,2026-07-21 13:15:00,2026-07-21 15:15:00,DK1,54.57188,7.3,2026-08-30 08:43:34.908991
424081575481401,2026-07-21 12:30:00,2026-07-21 14:30:00,DK1,27.809233,3.72,2026-08-30 08:43:34.908991
419594762987840,2026-07-21 12:15:00,2026-07-21 14:15:00,DK1,25.342283,3.39,2026-08-30 08:43:34.908991
126088679477190,2026-07-21 10:30:00,2026-07-21 12:30:00,DK1,56.291267,7.53,2026-08-30 08:43:34.908991
350248913408506,2026-07-21 10:15:00,2026-07-21 12:15:00,DK1,69.747345,9.33,2026-08-30 08:43:34.908991
209920756833608,2026-07-21 09:30:00,2026-07-21 11:30:00,DK1,282.8767,37.84,2026-08-30 08:43:34.908991
283507619558825,2026-07-21 05:30:00,2026-07-21 07:30:00,DK1,1158.7927,155.01,2026-08-30 08:43:34.908991
898699999273125,2026-07-21 04:15:00,2026-07-21 06:15:00,DK1,1187.2749,158.82,2026-08-30 08:43:34.908991
714206994330506,2026-07-21 03:45:00,2026-07-21 05:45:00,DK1,1111.6217,148.7,2026-08-30 08:43:34.908991
631190825798707,2026-07-21 03:15:00,2026-07-21 05:15:00,DK1,1063.3293,142.24,2026-08-30 08:43:34.908991
705185848504784,2026-07-21 02:30:00,2026-07-21 04:30:00,DK1,1050.0975,140.47,2026-08-30 08:43:34.908991
288972316319046,2026-07-21 02:15:00,2026-07-21 04:15:00,DK1,1024.6805,137.07,2026-08-30 08:43:34.908991
282044511145102,2026-07-21 01:45:00,2026-07-21 03:45:00,DK1,1035.6696,138.54,2026-08-30 08:43:34.908991
28467789507547,2026-07-20 23:30:00,2026-07-21 01:30:00,DK1,1112.2197,148.78,2026-08-30 08:43:34.908991
880980898094455,2026-07-20 23:15:00,2026-07-21 01:15:00,DK1,1123.2836,150.26,2026-08-30 08:43:34.908991
551720667420380,2026-07-20 22:30:00,2026-07-21 00:30:00,DK1,1089.8677,145.79,2026-08-30 08:43:34.908991
803856161282520,2026-07-20 22:15:00,2026-07-21 00:15:00,DK1,1117.2284,149.45,2026-08-30 08:43:34.908991
452712519552114,2026-07-20 22:00:00,2026-07-21 00:00:00,DK1,1145.1123,153.18,2026-08-30 08:43:34.908991
304293686276355,2026-07-20 20:45:00,2026-07-20 22:45:00,DK1,1233.474,165.0,2026-08-30 08:43:34.908991
15197529442389,2026-07-20 19:30:00,2026-07-20 21:30:00,DK1,1345.0099,179.92,2026-08-30 08:43:34.908991
14387287411094,2026-07-20 19:15:00,2026-07-20 21:15:00,DK1,1349.1216,180.47,2026-08-30 08:43:34.908991
964355416242166,2026-07-20 18:15:00,2026-07-20 20:15:00,DK1,1281.9159,171.48,2026-08-30 08:43:34.908991
918769412800989,2026-07-20 17:15:00,2026-07-20 19:15:00,DK1,1145.4115,153.22,2026-08-30 08:43:34.908991
265105528692750,2026-07-20 16:15:00,2026-07-20 18:15:00,DK1,812.8967,108.74,2026-08-30 08:43:34.908991
746948052720094,2026-07-20 14:30:00,2026-07-20 16:30:00,DK1,157.28664,21.04,2026-08-30 08:43:34.908991
726708901900797,2026-07-20 11:30:00,2026-07-20 13:30:00,DK1,22.80058,3.05,2026-08-30 08:43:34.908991
405696570058235,2026-07-20 11:15:00,2026-07-20 13:15:00,DK1,33.78971,4.52,2026-08-30 08:43:34.908991
120170669982446,2026-07-20 10:30:00,2026-07-20 12:30:00,DK1,102.7895,13.75,2026-08-30 08:43:34.908991
930724073985431,2026-07-20 10:15:00,2026-07-20 12:15:00,DK1,80.73648,10.8,2026-08-30 08:43:34.908991
796344752645753,2026-07-20 10:00:00,2026-07-20 12:00:00,DK1,175.97563,23.54,2026-08-30 08:43:34.908991
477516042606870,2026-07-20 08:45:00,2026-07-20 10:45:00,DK1,207.59741,27.77,2026-08-30 08:43:34.908991
639014958279898,2026-07-20 08:30:00,2026-07-20 10:30:00,DK1,438.89246,58.71,2026-08-30 08:43:34.908991
575734555187128,2026-07-20 05:45:00,2026-07-20 07:45:00,DK1,1051.0695,140.6,2026-08-30 08:43:34.908991
505125277352721,2026-07-20 05:30:00,2026-07-20 07:30:00,DK1,1113.7897,148.99,2026-08-30 08:43:34.908991
866884157598907,2026-07-20 04:00:00,2026-07-20 06:00:00,DK1,1104.0714,147.69,2026-08-30 08:43:34.908991
82512294067095,2026-07-20 03:30:00,2026-07-20 05:30:00,DK1,1037.9122,138.84,2026-08-30 08:43:34.908991
959634844386625,2026-07-20 02:45:00,2026-07-20 04:45:00,DK1,1009.05646,134.98,2026-08-30 08:43:34.908991
635134103454014,2026-07-20 00:15:00,2026-07-20 02:15:00,DK1,962.035,128.69,2026-08-30 08:43:34.908991
764389221238355,2026-07-19 23:30:00,2026-07-20 01:30:00,DK1,1014.28937,135.68,2026-08-30 08:43:34.908991
90388600735696,2026-07-19 21:00:00,2026-07-19 23:00:00,DK1,1090.1667,145.83,2026-08-30 08:43:34.908991
201670979948005,2026-07-19 20:30:00,2026-07-19 22:30:00,DK1,1069.5342,143.07,2026-08-30 08:43:34.908991
491648485705106,2026-07-19 20:00:00,2026-07-19 22:00:00,DK1,1111.6217,148.7,2026-08-30 08:43:34.908991
831839743382609,2026-07-19 19:00:00,2026-07-19 21:00:00,DK1,1095.325,146.52,2026-08-30 08:43:34.908991
386326524873007,2026-07-19 18:45:00,2026-07-19 20:45:00,DK1,1107.2112,148.11,2026-08-30 08:43:34.908991
972710926780272,2026-07-19 18:30:00,2026-07-19 20:30:00,DK1,1083.962,145.0,2026-08-30 08:43:34.908991
322645356988516,2026-07-19 17:00:00,2026-07-19 19:00:00,DK1,658.5256,88.09,2026-08-30 08:43:34.908991
776995917782387,2026-07-19 16:45:00,2026-07-19 18:45:00,DK1,736.1971,98.48,2026-08-30 08:43:34.908991
761740047887568,2026-07-19 14:30:00,2026-07-19 16:30:00,DK1,4.410604,0.59,2026-08-30 08:43:34.908991
840478913080327,2026-07-19 13:45:00,2026-07-19 15:45:00,DK1,0.0,0.0,2026-08-30 08:43:34.908991
979480328266908,2026-07-19 12:30:00,2026-07-19 14:30:00,DK1,-0.224268,-0.03,2026-08-30 08:43:34.908991
743803439588320,2026-07-19 12:00:00,2026-07-19 14:00:00,DK1,-0.224268,-0.03,2026-08-30 08:43:34.908991
1017047012275,2026-07-19 11:30:00,2026-07-19 13:30:00,DK1,-0.074756,-0.01,2026-08-30 08:43:34.908991
352942798820465,2026-07-19 11:15:00,2026-07-19 13:15:00,DK1,-0.074756,-0.01,2026-08-30 08:43:34.908991
320999319594618,2026-07-19 10:45:00,2026-07-19 12:45:00,DK1,-0.598048,-0.08,2026-08-30 08:43:34.908991
357952532346759,2026-07-19 09:15:00,2026-07-19 11:15:00,DK1,-0.149512,-0.02,2026-08-30 08:43:34.908991
383434018010959,2026-07-19 09:00:00,2026-07-19 11:00:00,DK1,-0.074756,-0.01,2026-08-30 08:43:34.908991
730765847539794,2026-07-19 05:15:00,2026-07-19 07:15:00,DK1,676.8408,90.54,2026-08-30 08:43:34.908991
269488448342291,2026-07-19 04:15:00,2026-07-19 06:15:00,DK1,769.68774,102.96,2026-08-30 08:43:34.908991
676307956245342,2026-07-19 02:15:00,2026-07-19 04:15:00,DK1,865.0764,115.72,2026-08-30 08:43:34.908991
949253681851222,2026-07-19 01:15:00,2026-07-19 03:15:00,DK1,897.74475,120.09,2026-08-30 08:43:34.908991
444054413952190,2026-07-19 00:30:00,2026-07-19 02:30:00,DK1,903.4263,120.85,2026-08-30 08:43:34.908991
970171547046101,2026-07-18 23:45:00,2026-07-19 01:45:00,DK1,939.5334,125.68,2026-08-30 08:43:34.908991
977921646625297,2026-07-18 22:15:00,2026-07-19 00:15:00,DK1,1066.0206,142.6,2026-08-30 08:43:34.908991
315278894717811,2026-07-18 21:00:00,2026-07-18 23:00:00,DK1,1045.1636,139.81,2026-08-30 08:43:34.908991
908689197693309,2026-07-18 19:30:00,2026-07-18 21:30:00,DK1,1023.1106,136.86,2026-08-30 08:43:34.908991
992475460106208,2026-07-18 19:00:00,2026-07-18 21:00:00,DK1,1010.3273,135.15,2026-08-30 08:43:34.908991
636898794211343,2026-07-18 18:45:00,2026-07-18 20:45:00,DK1,1005.24396,134.47,2026-08-30 08:43:34.908991
833433871078831,2026-07-18 18:15:00,2026-07-18 20:15:00,DK1,940.7295,125.84,2026-08-30 08:43:34.908991
687635384646266,2026-07-18 16:30:00,2026-07-18 18:30:00,DK1,625.7825,83.71,2026-08-30 08:43:34.908991
656737917702846,2026-07-18 16:15:00,2026-07-18 18:15:00,DK1,307.39667,41.12,2026-08-30 08:43:34.908991
274284266764092,2026-07-18 16:00:00,2026-07-18 18:00:00,DK1,19.511316,2.61,2026-08-30 08:43:34.908991
553565871231981,2026-07-18 15:00:00,2026-07-18 17:00:00,DK1,-0.074756,-0.01,2026-08-30 08:43:34.908991
875565669109134,2026-07-18 14:45:00,2026-07-18 16:45:00,DK1,7.326088,0.98,2026-08-30 08:43:34.908991
962877328916364,2026-07-18 14:15:00,2026-07-18 16:15:00,DK1,-2.915484,-0.39,2026-08-30 08:43:34.908991
147102461471485,2026-07-18 12:45:00,2026-07-18 14:45:00,DK1,-9.942548,-1.33,2026-08-30 08:43:34.908991
785034347326767,2026-07-18 09:15:00,2026-07-18 11:15:00,DK1,3.438776,0.46,2026-08-30 08:43:34.908991
352584144429640,2026-07-18 08:00:00,2026-07-18 10:00:00,DK1,163.1176,21.82,2026-08-30 08:43:34.908991
932688392853721,2026-07-18 07:45:00,2026-07-18 09:45:00,DK1,82.2316,11.0,2026-08-30 08:43:34.908991
807057976121973,2026-07-18 07:15:00,2026-07-18 09:15:00,DK1,430.96835,57.65,2026-08-30 08:43:34.908991
508351427425767,2026-07-18 06:00:00,2026-07-18 08:00:00,DK1,890.19446,119.08,2026-08-30 08:43:34.908991
199397093060918,2026-07-18 04:45:00,2026-07-18 06:45:00,DK1,882.19556,118.01,2026-08-30 08:43:34.908991
373688387785895,2026-07-18 04:15:00,2026-07-18 06:15:00,DK1,908.5844,121.54,2026-08-30 08:43:34.908991
542888867959436,2026-07-18 03:30:00,2026-07-18 05:30:00,DK1,928.8433,124.25,2026-08-30 08:43:34.908991
341047173594457,2026-07-18 02:00:00,2026-07-18 04:00:00,DK1,1004.9449,134.43,2026-08-30 08:43:34.908991
23222363887493,2026-07-18 01:15:00,2026-07-18 03:15:00,DK1,1013.3176,135.55,2026-08-30 08:43:34.908991
470785217103722,2026-07-18 00:15:00,2026-07-18 02:15:00,DK1,1066.0953,142.61,2026-08-30 08:43:34.908991
478454966206444,2026-07-17 23:45:00,2026-07-18 01:45:00,DK1,1034.5482,138.39,2026-08-30 08:43:34.908991
492673405728498,2026-07-17 23:00:00,2026-07-18 01:00:00,DK1,1143.3182,152.94,2026-08-30 08:43:34.908991
366435554772204,2026-07-17 22:15:00,2026-07-18 00:15:00,DK1,1196.9183,160.11,2026-08-30 08:43:34.908991
375812917099232,2026-07-17 21:00:00,2026-07-17 23:00:00,DK1,1217.252,162.83,2026-08-30 08:43:34.908991
714608192847061,2026-07-17 19:00:00,2026-07-17 21:00:00,DK1,1239.5292,165.81,2026-08-30 08:43:34.908991
544592497684702,2026-07-17 18:30:00,2026-07-17 20:30:00,DK1,1217.7004,162.89,2026-08-30 08:43:34.908991
909731062281926,2026-07-17 18:15:00,2026-07-17 20:15:00,DK1,1172.8469,156.89,2026-08-30 08:43:34.908991
511260522732148,2026-07-17 17:45:00,2026-07-17 19:45:00,DK1,1166.7916,156.08,2026-08-30 08:43:34.908991
855069973353361,2026-07-17 17:15:00,2026-07-17 19:15:00,DK1,1149.6725,153.79,2026-08-30 08:43:34.908991
91644772379153,2026-07-17 16:30:00,2026-07-17 18:30:00,DK1,1063.778,142.3,2026-08-30 08:43:34.908991
438910933902341,2026-07-17 15:15:00,2026-07-17 17:15:00,DK1,918.1532,122.82,2026-08-30 08:43:34.908991
619681971147607,2026-07-17 13:00:00,2026-07-17 15:00:00,DK1,745.3173,99.7,2026-08-30 08:43:34.908991
825569022761206,2026-07-17 12:45:00,2026-07-17 14:45:00,DK1,742.77563,99.36,2026-08-30 08:43:34.908991
414188674924157,2026-07-17 12:15:00,2026-07-17 14:15:00,DK1,733.28156,98.09,2026-08-30 08:43:34.908991
606733855159200,2026-07-17 11:30:00,2026-07-17 13:30:00,DK1,731.1884,97.81,2026-08-30 08:43:34.908991
647749515922470,2026-07-17 10:30:00,2026-07-17 12:30:00,DK1,747.56,100.0,2026-08-30 08:43:34.908991
546057556705308,2026-07-17 09:00:00,2026-07-17 11:00:00,DK1,897.4458,120.05,2026-08-30 08:43:34.908991
560538291215165,2026-07-17 08:45:00,2026-07-17 10:45:00,DK1,843.32245,112.81,2026-08-30 08:43:34.908991
870029642148918,2026-07-17 08:15:00,2026-07-17 10:15:00,DK1,978.9298,130.95,2026-08-30 08:43:34.908991
634791903048002,2026-07-17 07:45:00,2026-07-17 09:45:00,DK1,888.176,118.81,2026-08-30 08:43:34.908991
919678109828985,2026-07-17 07:15:00,2026-07-17 09:15:00,DK1,1036.2676,138.62,2026-08-30 08:43:34.908991
251895026490815,2026-07-17 07:00:00,2026-07-17 09:00:00,DK1,1121.34,150.0,2026-08-30 08:43:34.908991
338372913489096,2026-07-17 06:45:00,2026-07-17 08:45:00,DK1,1000.45953,133.83,2026-08-30 08:43:34.908991
258280393128988,2026-07-17 06:30:00,2026-07-17 08:30:00,DK1,1154.8307,154.48,2026-08-30 08:43:34.908991
458591928849167,2026-07-17 05:00:00,2026-07-17 07:00:00,DK1,1317.6492,176.26,2026-08-30 08:43:34.908991
772755962315638,2026-07-17 02:45:00,2026-07-17 04:45:00,DK1,1091.5123,146.01,2026-08-30 08:43:34.908991
1414006871882,2026-07-17 02:15:00,2026-07-17 04:15:00,DK1,1063.0303,142.2,2026-08-30 08:43:34.908991
22838495458696,2026-07-17 02:00:00,2026-07-17 04:00:00,DK1,1054.3585,141.04,2026-08-30 08:43:34.908991
658673987327450,2026-07-17 01:45:00,2026-07-17 03:45:00,DK1,1052.2654,140.76,2026-08-30 08:43:34.908991
342232415026524,2026-07-17 01:00:00,2026-07-17 03:00:00,DK1,1106.3888,148.0,2026-08-30 08:43:34.908991
959225609655480,2026-07-17 00:30:00,2026-07-17 02:30:00,DK1,1135.6184,151.91,2026-08-30 08:43:34.908991
197674389518756,2026-07-16 23:15:00,2026-07-17 01:15:00,DK1,1217.6257,162.88,2026-08-30 08:43:34.908991
265355655064765,2026-07-16 23:00:00,2026-07-17 01:00:00,DK1,1248.4252,167.0,2026-08-30 08:43:34.908991
415290925403112,2026-07-16 20:30:00,2026-07-16 22:30:00,DK1,1532.4365,205.0,2026-08-30 08:43:34.908991
663942276851393,2026-07-16 17:30:00,2026-07-16 19:30:00,DK1,1913.8262,256.02,2026-08-30 08:43:34.908991
862313933169944,2026-07-16 17:15:00,2026-07-16 19:15:00,DK1,1606.5914,214.92,2026-08-30 08:43:34.908991
387198003045694,2026-07-16 15:15:00,2026-07-16 17:15:00,DK1,1011.0343,135.25,2026-08-30 08:43:34.908991
295355685785420,2026-07-16 15:00:00,2026-07-16 17:00:00,DK1,930.74963,124.51,2026-08-30 08:43:34.908991
318096947974782,2026-07-16 14:00:00,2026-07-16 16:00:00,DK1,790.73724,105.78,2026-08-30 08:43:34.908991
74955223289332,2026-07-16 13:45:00,2026-07-16 15:45:00,DK1,857.49164,114.71,2026-08-30 08:43:34.908991
707549267985107,2026-07-16 12:45:00,2026-07-16 14:45:00,DK1,768.6851,102.83,2026-08-30 08:43:34.908991
341870760701472,2026-07-16 09:45:00,2026-07-16 11:45:00,DK1,750.2211,100.36,2026-08-30 08:43:34.908991
353855230205400,2026-07-16 06:30:00,2026-07-16 08:30:00,DK1,1187.6757,158.88,2026-08-30 08:43:34.908991
231714842747360,2026-07-16 04:30:00,2026-07-16 06:30:00,DK1,1314.7559,175.88,2026-08-30 08:43:34.908991
31176852456847,2026-07-16 03:15:00,2026-07-16 05:15:00,DK1,1187.8251,158.9,2026-08-30 08:43:34.908991
421329929390404,2026-07-16 02:30:00,2026-07-16 04:30:00,DK1,1149.8507,153.82,2026-08-30 08:43:34.908991
630406515780897,2026-07-16 02:00:00,2026-07-16 04:00:00,DK1,1109.9325,148.48,2026-08-30 08:43:34.908991
806350657612890,2026-07-16 01:30:00,2026-07-16 03:30:00,DK1,1106.9424,148.08,2026-08-30 08:43:34.908991
255567215738014,2026-07-16 00:45:00,2026-07-16 02:45:00,DK1,1109.1102,148.37,2026-08-30 08:43:34.908991
335863544056659,2026-07-16 00:30:00,2026-07-16 02:30:00,DK1,1127.948,150.89,2026-08-30 08:43:34.908991
189065844677369,2026-07-15 23:45:00,2026-07-16 01:45:00,DK1,1179.6024,157.8,2026-08-30 08:43:34.908991
838031284313889,2026-07-15 23:30:00,2026-07-16 01:30:00,DK1,1188.3484,158.97,2026-08-30 08:43:34.908991
276822768224091,2026-07-15 21:15:00,2026-07-15 23:15:00,DK1,1285.3203,171.94,2026-08-30 08:43:34.908991
958976290461335,2026-07-15 21:00:00,2026-07-15 23:00:00,DK1,1339.1432,179.14,2026-08-30 08:43:34.908991
798629470230026,2026-07-15 19:30:00,2026-07-15 21:30:00,DK1,1473.6256,197.13,2026-08-30 08:43:34.908991
502565437296585,2026-07-15 19:00:00,2026-07-15 21:00:00,DK1,1645.186,220.08,2026-08-30 08:43:34.908991
984796373361683,2026-07-15 17:30:00,2026-07-15 19:30:00,DK1,1393.4894,186.41,2026-08-30 08:43:34.908991
809265011370326,2026-07-15 15:45:00,2026-07-15 17:45:00,DK1,1047.2288,140.09,2026-08-30 08:43:34.908991
189207716347868,2026-07-15 15:30:00,2026-07-15 17:30:00,DK1,932.25714,124.71,2026-08-30 08:43:34.908991
859439098185982,2026-07-15 15:15:00,2026-07-15 17:15:00,DK1,817.88354,109.41,2026-08-30 08:43:34.908991
538627924792002,2026-07-15 14:45:00,2026-07-15 16:45:00,DK1,835.22644,111.73,2026-08-30 08:43:34.908991
159046782772749,2026-07-15 11:30:00,2026-07-15 13:30:00,DK1,431.92862,57.78,2026-08-30 08:43:34.908991
742623380820144,2026-07-15 11:00:00,2026-07-15 13:00:00,DK1,481.93906,64.47,2026-08-30 08:43:34.908991
782209117915009,2026-07-15 09:45:00,2026-07-15 11:45:00,DK1,598.4805,80.06,2026-08-30 08:43:34.908991
785280002497343,2026-07-15 09:30:00,2026-07-15 11:30:00,DK1,722.79645,96.69,2026-08-30 08:43:34.908991
327189922382135,2026-07-15 07:15:00,2026-07-15 09:15:00,DK1,1043.7902,139.63,2026-08-30 08:43:34.908991
599374812466464,2026-07-15 06:45:00,2026-07-15 08:45:00,DK1,1046.7803,140.03,2026-08-30 08:43:34.908991
175064520097647,2026-07-15 06:15:00,2026-07-15 08:15:00,DK1,1217.8922,162.92,2026-08-30 08:43:34.908991
219288523889625,2026-07-15 05:45:00,2026-07-15 07:45:00,DK1,1188.8876,159.04,2026-08-30 08:43:34.908991
39735399333240,2026-07-15 05:30:00,2026-07-15 07:30:00,DK1,1228.881,164.39,2026-08-30 08:43:34.908991
734950191438047,2026-07-15 04:15:00,2026-07-15 06:15:00,DK1,1271.416,170.08,2026-08-30 08:43:34.908991
869196093225747,2026-07-15 03:45:00,2026-07-15 05:45:00,DK1,1185.3743,158.57,2026-08-30 08:43:34.908991
192670182831308,2026-07-15 02:45:00,2026-07-15 04:45:00,DK1,1076.8314,144.05,2026-08-30 08:43:34.908991
191575918257028,2026-07-15 01:00:00,2026-07-15 03:00:00,DK1,1020.3921,136.5,2026-08-30 08:43:34.908991
735336200592666,2026-07-15 00:30:00,2026-07-15 02:30:00,DK1,1037.0623,138.73,2026-08-30 08:43:34.908991
85399792715829,2026-07-14 23:30:00,2026-07-15 01:30:00,DK1,1068.2346,142.9,2026-08-30 08:43:34.908991
299567979378961,2026-07-14 23:15:00,2026-07-15 01:15:00,DK1,1083.933,145.0,2026-08-30 08:43:34.908991
413498576636565,2026-07-14 23:00:00,2026-07-15 01:00:00,DK1,1124.674,150.45,2026-08-30 08:43:34.908991
185505315754286,2026-07-14 20:00:00,2026-07-14 22:00:00,DK1,1333.8926,178.44,2026-08-30 08:43:34.908991
467840718454885,2026-07-14 19:30:00,2026-07-14 21:30:00,DK1,1300.8517,174.02,2026-08-30 08:43:34.908991
450083163793947,2026-07-14 18:15:00,2026-07-14 20:15:00,DK1,1351.7585,180.83,2026-08-30 08:43:34.908991
32677951994094,2026-07-14 17:45:00,2026-07-14 19:45:00,DK1,1328.7346,177.75,2026-08-30 08:43:34.908991
120910021266215,2026-07-14 17:15:00,2026-07-14 19:15:00,DK1,1126.5277,150.7,2026-08-30 08:43:34.908991
4741280046704,2026-07-14 15:45:00,2026-07-14 17:45:00,DK1,956.24036,127.92,2026-08-30 08:43:34.908991
539162220433741,2026-07-14 15:30:00,2026-07-14 17:30:00,DK1,910.94006,121.86,2026-08-30 08:43:34.908991
925606202355081,2026-07-14 15:15:00,2026-07-14 17:15:00,DK1,812.19135,108.65,2026-08-30 08:43:34.908991
682810477762115,2026-07-14 14:30:00,2026-07-14 16:30:00,DK1,762.8544,102.05,2026-08-30 08:43:34.908991
396147594208655,2026-07-14 14:15:00,2026-07-14 16:15:00,DK1,666.27344,89.13,2026-08-30 08:43:34.908991
535439351557824,2026-07-14 11:15:00,2026-07-14 13:15:00,DK1,364.94415,48.82,2026-08-30 08:43:34.908991
669084668225633,2026-07-14 10:45:00,2026-07-14 12:45:00,DK1,345.73264,46.25,2026-08-30 08:43:34.908991
189608005621236,2026-07-14 09:45:00,2026-07-14 11:45:00,DK1,495.83667,66.33,2026-08-30 08:43:34.908991
199035052317170,2026-07-14 08:45:00,2026-07-14 10:45:00,DK1,711.12524,95.13,2026-08-30 08:43:34.908991
73453690199524,2026-07-14 06:45:00,2026-07-14 08:45:00,DK1,908.9217,121.59,2026-08-30 08:43:34.908991
351537449214252,2026-07-14 01:45:00,2026-07-14 03:45:00,DK1,945.6254,126.5,2026-08-30 08:43:34.908991
769653872382394,2026-07-14 01:15:00,2026-07-14 03:15:00,DK1,951.4562,127.28,2026-08-30 08:43:34.908991
356185454624468,2026-07-14 01:00:00,2026-07-14 03:00:00,DK1,956.8384,128.0,2026-08-30 08:43:34.908991
513692027986304,2026-07-13 22:45:00,2026-07-14 00:45:00,DK1,986.06683,131.91,2026-08-30 08:43:34.908991
865959814428480,2026-07-13 22:00:00,2026-07-14 00:00:00,DK1,1108.4375,148.28,2026-08-30 08:43:34.908991
342775991609085,2026-07-13 20:45:00,2026-07-13 22:45:00,DK1,1124.7633,150.47,2026-08-30 08:43:34.908991
140675392661193,2026-07-13 19:45:00,2026-07-13 21:45:00,DK1,1145.9922,153.31,2026-08-30 08:43:34.908991
114950575607981,2026-07-13 18:15:00,2026-07-13 20:15:00,DK1,1378.9132,184.47,2026-08-30 08:43:34.908991
815255993836006,2026-07-13 16:15:00,2026-07-13 18:15:00,DK1,1017.2727,136.09,2026-08-30 08:43:34.908991
359157697167207,2026-07-13 16:00:00,2026-07-13 18:00:00,DK1,931.0113,124.55,2026-08-30 08:43:34.908991
110054578620063,2026-07-13 15:15:00,2026-07-13 17:15:00,DK1,857.0088,114.65,2026-08-30 08:43:34.908991
636028211974624,2026-07-13 14:30:00,2026-07-13 16:30:00,DK1,709.90076,94.97,2026-08-30 08:43:34.908991
918917046519105,2026-07-13 13:30:00,2026-07-13 15:30:00,DK1,501.8715,67.14,2026-08-30 08:43:34.908991
394435219615240,2026-07-13 12:15:00,2026-07-13 14:15:00,DK1,441.7725,59.1,2026-08-30 08:43:34.908991
852640211379508,2026-07-13 12:00:00,2026-07-13 14:00:00,DK1,351.923,47.08,2026-08-30 08:43:34.908991
472819981906716,2026-07-13 10:45:00,2026-07-13 12:45:00,DK1,310.13776,41.49,2026-08-30 08:43:34.908991
372100698138031,2026-07-13 10:30:00,2026-07-13 12:30:00,DK1,330.694,44.24,2026-08-30 08:43:34.908991
317571171517897,2026-07-13 10:00:00,2026-07-13 12:00:00,DK1,477.12927,63.83,2026-08-30 08:43:34.908991
384182491839316,2026-07-13 09:15:00,2026-07-13 11:15:00,DK1,587.9835,78.66,2026-08-30 08:43:34.908991
350932969092075,2026-07-13 09:00:00,2026-07-13 11:00:00,DK1,653.3898,87.41,2026-08-30 08:43:34.908991
60389436466234,2026-07-13 08:30:00,2026-07-13 10:30:00,DK1,715.05853,95.66,2026-08-30 08:43:34.908991
780730306124840,2026-07-13 04:45:00,2026-07-13 06:45:00,DK1,1125.1371,150.52,2026-08-30 08:43:34.908991
537488946016976,2026-07-13 03:45:00,2026-07-13 05:45:00,DK1,1065.2622,142.51,2026-08-30 08:43:34.908991
541850817086450,2026-07-13 03:00:00,2026-07-13 05:00:00,DK1,943.345,126.2,2026-08-30 08:43:34.908991
474471447646272,2026-07-13 01:45:00,2026-07-13 03:45:00,DK1,923.013,123.48,2026-08-30 08:43:34.908991
371795299874096,2026-07-13 01:00:00,2026-07-13 03:00:00,DK1,894.7575,119.7,2026-08-30 08:43:34.908991
714686472302300,2026-07-13 00:15:00,2026-07-13 02:15:00,DK1,891.39374,119.25,2026-08-30 08:43:34.908991
106324220408490,2026-07-13 00:00:00,2026-07-13 02:00:00,DK1,918.90173,122.93,2026-08-30 08:43:34.908991
203177757745402,2026-07-12 21:45:00,2026-07-12 23:45:00,DK1,1016.0903,135.93,2026-08-30 08:43:34.908991
669672895423675,2026-07-12 20:30:00,2026-07-12 22:30:00,DK1,1083.441,144.94,2026-08-30 08:43:34.908991
53141730770643,2026-07-12 20:15:00,2026-07-12 22:15:00,DK1,1083.8895,145.0,2026-08-30 08:43:34.908991
842169369459492,2026-07-12 20:00:00,2026-07-12 22:00:00,DK1,1119.0225,149.7,2026-08-30 08:43:34.908991
574519509636826,2026-07-12 19:45:00,2026-07-12 21:45:00,DK1,1098.6902,146.98,2026-08-30 08:43:34.908991
650767871432985,2026-07-12 17:45:00,2026-07-12 19:45:00,DK1,1083.8895,145.0,2026-08-30 08:43:34.908991
759239061838420,2026-07-12 17:15:00,2026-07-12 19:15:00,DK1,999.94415,133.77,2026-08-30 08:43:34.908991
338055092130729,2026-07-12 17:00:00,2026-07-12 19:00:00,DK1,834.8939,111.69,2026-08-30 08:43:34.908991
688697169248686,2026-07-12 16:45:00,2026-07-12 18:45:00,DK1,990.6003,132.52,2026-08-30 08:43:34.908991
97808058882613,2026-07-12 15:45:00,2026-07-12 17:45:00,DK1,259.08698,34.66,2026-08-30 08:43:34.908991
101573412363341,2026-07-12 15:00:00,2026-07-12 17:00:00,DK1,14.9502,2.0,2026-08-30 08:43:34.908991
464455743460787,2026-07-12 14:15:00,2026-07-12 16:15:00,DK1,0.0,0.0,2026-08-30 08:43:34.908991
188619109333750,2026-07-12 13:30:00,2026-07-12 15:30:00,DK1,-0.971763,-0.13,2026-08-30 08:43:34.908991
876984641059023,2026-07-12 13:15:00,2026-07-12 15:15:00,DK1,-21.378786,-2.86,2026-08-30 08:43:34.908991
241601781187072,2026-07-12 08:30:00,2026-07-12 10:30:00,DK1,10.390389,1.39,2026-08-30 08:43:34.908991
380570671906643,2026-07-12 07:45:00,2026-07-12 09:45:00,DK1,9.792381,1.31,2026-08-30 08:43:34.908991
663326636433448,2026-07-12 05:30:00,2026-07-12 07:30:00,DK1,756.5549,101.21,2026-08-30 08:43:34.908991
839047300315150,2026-07-12 04:30:00,2026-07-12 06:30:00,DK1,822.261,110.0,2026-08-30 08:43:34.908991
989461744542831,2026-07-12 04:15:00,2026-07-12 06:15:00,DK1,839.678,112.33,2026-08-30 08:43:34.908991
416556008359341,2026-07-12 02:30:00,2026-07-12 04:30:00,DK1,905.3094,121.11,2026-08-30 08:43:34.908991
475838144419414,2026-07-12 02:00:00,2026-07-12 04:00:00,DK1,949.3377,127.0,2026-08-30 08:43:34.908991
729336017994309,2026-07-12 00:45:00,2026-07-12 02:45:00,DK1,923.17487,123.5,2026-08-30 08:43:34.908991
406020139262077,2026-07-11 23:15:00,2026-07-12 01:15:00,DK1,1009.1385,135.0,2026-08-30 08:43:34.908991
661185189956625,2026-07-11 22:30:00,2026-07-12 00:30:00,DK1,1037.2449,138.76,2026-08-30 08:43:34.908991
236105508545261,2026-07-11 20:15:00,2026-07-11 22:15:00,DK1,1160.9578,155.31,2026-08-30 08:43:34.908991
953481574526466,2026-07-11 17:30:00,2026-07-11 19:30:00,DK1,1078.8065,144.32,2026-08-30 08:43:34.908991
948270821318778,2026-07-11 17:15:00,2026-07-11 19:15:00,DK1,1054.4376,141.06,2026-08-30 08:43:34.908991
566159528609552,2026-07-11 17:00:00,2026-07-11 19:00:00,DK1,973.55707,130.24,2026-08-30 08:43:34.908991
986152444848112,2026-07-11 16:15:00,2026-07-11 18:15:00,DK1,850.5916,113.79,2026-08-30 08:43:34.908991
673844164481953,2026-07-11 16:00:00,2026-07-11 18:00:00,DK1,733.3073,98.1,2026-08-30 08:43:34.908991
400394982076014,2026-07-11 15:00:00,2026-07-11 17:00:00,DK1,108.98696,14.58,2026-08-30 08:43:34.908991
594242240324470,2026-07-11 14:45:00,2026-07-11 16:45:00,DK1,188.59677,25.23,2026-08-30 08:43:34.908991
563204424293138,2026-07-11 13:45:00,2026-07-11 15:45:00,DK1,47.16788,6.31,2026-08-30 08:43:34.908991
545150146462130,2026-07-11 13:30:00,2026-07-11 15:30:00,DK1,38.422012,5.14,2026-08-30 08:43:34.908991
770105627126934,2026-07-11 13:15:00,2026-07-11 15:15:00,DK1,33.563198,4.49,2026-08-30 08:43:34.908991
751852277109260,2026-07-11 13:00:00,2026-07-11 15:00:00,DK1,31.993427,4.28,2026-08-30 08:43:34.908991
340053923469396,2026-07-11 09:45:00,2026-07-11 11:45:00,DK1,47.16788,6.31,2026-08-30 08:43:34.908991
284067010738855,2026-07-11 09:30:00,2026-07-11 11:30:00,DK1,47.242634,6.32,2026-08-30 08:43:34.908991
391492818545147,2026-07-11 07:45:00,2026-07-11 09:45:00,DK1,220.66495,29.52,2026-08-30 08:43:34.908991
840871225264910,2026-07-11 07:30:00,2026-07-11 09:30:00,DK1,504.94302,67.55,2026-08-30 08:43:34.908991
368240113467731,2026-07-11 07:15:00,2026-07-11 09:15:00,DK1,689.80225,92.28,2026-08-30 08:43:34.908991
64579780852501,2026-07-11 07:00:00,2026-07-11 09:00:00,DK1,800.35895,107.07,2026-08-30 08:43:34.908991
217063402010055,2026-07-11 04:30:00,2026-07-11 06:30:00,DK1,983.7232,131.6,2026-08-30 08:43:34.908991
927259643707664,2026-07-11 04:15:00,2026-07-11 06:15:00,DK1,1055.1852,141.16,2026-08-30 08:43:34.908991
123215228167250,2026-07-11 04:00:00,2026-07-11 06:00:00,DK1,1095.2517,146.52,2026-08-30 08:43:34.908991
643299158840300,2026-07-11 03:00:00,2026-07-11 05:00:00,DK1,1057.2782,141.44,2026-08-30 08:43:34.908991
623340388070450,2026-07-11 01:30:00,2026-07-11 03:30:00,DK1,1051.8214,140.71,2026-08-30 08:43:34.908991
755286576651289,2026-07-11 00:30:00,2026-07-11 02:30:00,DK1,1046.4393,139.99,2026-08-30 08:43:34.908991
331112842671367,2026-07-11 00:00:00,2026-07-11 02:00:00,DK1,1071.5557,143.35,2026-08-30 08:43:34.908991
48163184578764,2026-07-10 22:45:00,2026-07-11 00:45:00,DK1,1057.8014,141.51,2026-08-30 08:43:34.908991
432105617707672,2026-07-10 22:30:00,2026-07-11 00:30:00,DK1,1091.9626,146.08,2026-08-30 08:43:34.908991
750973779641028,2026-07-10 21:15:00,2026-07-10 23:15:00,DK1,1168.5077,156.32,2026-08-30 08:43:34.908991
186020961186813,2026-07-10 20:00:00,2026-07-10 22:00:00,DK1,1290.9497,172.7,2026-08-30 08:43:34.908991
896774225645855,2026-07-10 19:15:00,2026-07-10 21:15:00,DK1,1339.7621,179.23,2026-08-30 08:43:34.908991
161651487038402,2026-07-10 19:00:00,2026-07-10 21:00:00,DK1,1421.3903,190.15,2026-08-30 08:43:34.908991
788317684006967,2026-07-10 18:00:00,2026-07-10 20:00:00,DK1,1321.6724,176.81,2026-08-30 08:43:34.908991
707401423966545,2026-07-10 16:30:00,2026-07-10 18:30:00,DK1,1037.2449,138.76,2026-08-30 08:43:34.908991
990032700786710,2026-07-10 14:00:00,2026-07-10 16:00:00,DK1,457.47614,61.2,2026-08-30 08:43:34.908991
80664703501435,2026-07-10 13:45:00,2026-07-10 15:45:00,DK1,601.9698,80.53,2026-08-30 08:43:34.908991
951619931653623,2026-07-10 12:45:00,2026-07-10 14:45:00,DK1,313.87946,41.99,2026-08-30 08:43:34.908991
339766591173694,2026-07-10 12:00:00,2026-07-10 14:00:00,DK1,290.7814,38.9,2026-08-30 08:43:34.908991
169515058115911,2026-07-10 11:30:00,2026-07-10 13:30:00,DK1,276.5787,37.0,2026-08-30 08:43:34.908991
633283466355864,2026-07-10 10:15:00,2026-07-10 12:15:00,DK1,499.93466,66.88,2026-08-30 08:43:34.908991
473333340052682,2026-07-10 09:00:00,2026-07-10 11:00:00,DK1,670.5164,89.7,2026-08-30 08:43:34.908991
3410422451178,2026-07-10 08:45:00,2026-07-10 10:45:00,DK1,632.4682,84.61,2026-08-30 08:43:34.908991
318012024684182,2026-07-10 06:45:00,2026-07-10 08:45:00,DK1,837.2112,112.0,2026-08-30 08:43:34.908991
210965185452255,2026-07-10 05:45:00,2026-07-10 07:45:00,DK1,986.1152,131.92,2026-08-30 08:43:34.908991
573567899261235,2026-07-10 04:30:00,2026-07-10 06:30:00,DK1,1138.4578,152.3,2026-08-30 08:43:34.908991
402379999373677,2026-07-10 02:15:00,2026-07-10 04:15:00,DK1,1030.0688,137.8,2026-08-30 08:43:34.908991
33844576514621,2026-07-10 02:00:00,2026-07-10 04:00:00,DK1,1026.1818,137.28,2026-08-30 08:43:34.908991
874829794476054,2026-07-10 01:30:00,2026-07-10 03:30:00,DK1,1029.3213,137.7,2026-08-30 08:43:34.908991
51864046521231,2026-07-10 01:15:00,2026-07-10 03:15:00,DK1,1031.4143,137.98,2026-08-30 08:43:34.908991
140051930830060,2026-07-10 01:00:00,2026-07-10 03:00:00,DK1,1035.6752,138.55,2026-08-30 08:43:34.908991
405869461274011,2026-07-10 00:00:00,2026-07-10 02:00:00,DK1,1061.3147,141.98,2026-08-30 08:43:34.908991
661243536426069,2026-07-09 23:45:00,2026-07-10 01:45:00,DK1,1034.4791,138.39,2026-08-30 08:43:34.908991
849647956972656,2026-07-09 23:15:00,2026-07-10 01:15:00,DK1,1075.7417,143.91,2026-08-30 08:43:34.908991
165399720112245,2026-07-09 22:45:00,2026-07-10 00:45:00,DK1,1072.6022,143.49,2026-08-30 08:43:34.908991
723853605165462,2026-07-09 20:45:00,2026-07-09 22:45:00,DK1,1231.2567,164.71,2026-08-30 08:43:34.908991
730833179891530,2026-07-09 20:30:00,2026-07-09 22:30:00,DK1,1306.6825,174.8,2026-08-30 08:43:34.908991
415704894739399,2026-07-09 19:15:00,2026-07-09 21:15:00,DK1,1714.161,229.31,2026-08-30 08:43:34.908991
353201727532419,2026-07-09 18:45:00,2026-07-09 20:45:00,DK1,1808.5741,241.94,2026-08-30 08:43:34.908991
318645068987813,2026-07-09 18:00:00,2026-07-09 20:00:00,DK1,1395.2646,186.65,2026-08-30 08:43:34.908991
64797368967175,2026-07-09 17:30:00,2026-07-09 19:30:00,DK1,1279.1733,171.12,2026-08-30 08:43:34.908991
545244599725548,2026-07-09 17:00:00,2026-07-09 19:00:00,DK1,1072.3318,143.45,2026-08-30 08:43:34.908991
827316214106617,2026-07-09 16:00:00,2026-07-09 18:00:00,DK1,869.9754,116.38,2026-08-30 08:43:34.908991
791250736461817,2026-07-09 15:30:00,2026-07-09 17:30:00,DK1,855.2491,114.41,2026-08-30 08:43:34.908991
342802382063988,2026-07-09 15:00:00,2026-07-09 17:00:00,DK1,644.29614,86.19,2026-08-30 08:43:34.908991
661116402759151,2026-07-09 12:30:00,2026-07-09 14:30:00,DK1,291.08817,38.94,2026-08-30 08:43:34.908991
899347719994507,2026-07-09 11:45:00,2026-07-09 13:45:00,DK1,195.4791,26.15,2026-08-30 08:43:34.908991
134435721144912,2026-07-09 11:15:00,2026-07-09 13:15:00,DK1,407.25433,54.48,2026-08-30 08:43:34.908991
621725744455270,2026-07-09 09:45:00,2026-07-09 11:45:00,DK1,595.4824,79.66,2026-08-30 08:43:34.908991
52873850989156,2026-07-09 09:15:00,2026-07-09 11:15:00,DK1,689.14795,92.19,2026-08-30 08:43:34.908991
796605944040043,2026-07-09 09:00:00,2026-07-09 11:00:00,DK1,784.38324,104.93,2026-08-30 08:43:34.908991
301052671510770,2026-07-09 08:30:00,2026-07-09 10:30:00,DK1,753.6597,100.82,2026-08-30 08:43:34.908991
391882339329693,2026-07-09 08:00:00,2026-07-09 10:00:00,DK1,832.37463,111.35,2026-08-30 08:43:34.908991
255618238751434,2026-07-09 07:45:00,2026-07-09 09:45:00,DK1,805.91205,107.81,2026-08-30 08:43:34.908991
366724217944617,2026-07-09 06:00:00,2026-07-09 08:00:00,DK1,1151.7942,154.08,2026-08-30 08:43:34.908991
507763843915034,2026-07-09 05:45:00,2026-07-09 07:45:00,DK1,985.3941,131.82,2026-08-30 08:43:34.908991
500235848414141,2026-07-09 04:45:00,2026-07-09 06:45:00,DK1,1081.8254,144.72,2026-08-30 08:43:34.908991
841931695276298,2026-07-09 04:15:00,2026-07-09 06:15:00,DK1,1088.8522,145.66,2026-08-30 08:43:34.908991
761256806908266,2026-07-09 02:45:00,2026-07-09 04:45:00,DK1,970.0697,129.77,2026-08-30 08:43:34.908991
276891523550863,2026-07-09 02:00:00,2026-07-09 04:00:00,DK1,897.93304,120.12,2026-08-30 08:43:34.908991
649990318330768,2026-07-09 01:45:00,2026-07-09 03:45:00,DK1,934.18823,124.97,2026-08-30 08:43:34.908991
917972677308933,2026-07-09 00:00:00,2026-07-09 02:00:00,DK1,959.37994,128.34,2026-08-30 08:43:34.908991
669541920235450,2026-07-08 20:00:00,2026-07-08 22:00:00,DK1,1249.2141,167.11,2026-08-30 08:43:34.908991
145422021701954,2026-07-08 19:30:00,2026-07-08 21:30:00,DK1,1218.4902,163.0,2026-08-30 08:43:34.908991
30780998012659,2026-07-08 18:30:00,2026-07-08 20:30:00,DK1,1136.1112,151.98,2026-08-30 08:43:34.908991
764279741074090,2026-07-08 18:00:00,2026-07-08 20:00:00,DK1,974.94165,130.42,2026-08-30 08:43:34.908991
403430671913618,2026-07-08 17:00:00,2026-07-08 19:00:00,DK1,898.0198,120.13,2026-08-30 08:43:34.908991
224444456928864,2026-07-08 14:45:00,2026-07-08 16:45:00,DK1,542.8636,72.62,2026-08-30 08:43:34.908991
201609166112093,2026-07-08 14:00:00,2026-07-08 16:00:00,DK1,98.30151,13.15,2026-08-30 08:43:34.908991
798683637721958,2026-07-08 12:45:00,2026-07-08 14:45:00,DK1,92.171684,12.33,2026-08-30 08:43:34.908991
344424506877290,2026-07-08 12:15:00,2026-07-08 14:15:00,DK1,98.002495,13.11,2026-08-30 08:43:34.908991
280523188282863,2026-07-08 11:30:00,2026-07-08 13:30:00,DK1,108.692314,14.54,2026-08-30 08:43:34.908991
405092751438415,2026-07-08 09:30:00,2026-07-08 11:30:00,DK1,506.90686,67.81,2026-08-30 08:43:34.908991
983660147813520,2026-07-08 07:15:00,2026-07-08 09:15:00,DK1,630.02673,84.28,2026-08-30 08:43:34.908991
379866508976957,2026-07-08 04:45:00,2026-07-08 06:45:00,DK1,716.3676,95.83,2026-08-30 08:43:34.908991
183975057180119,2026-07-08 03:30:00,2026-07-08 05:30:00,DK1,788.4304,105.47,2026-08-30 08:43:34.908991
33482919586999,2026-07-08 01:00:00,2026-07-08 03:00:00,DK1,767.7236,102.7,2026-08-30 08:43:34.908991
945756597191847,2026-07-08 00:45:00,2026-07-08 02:45:00,DK1,765.1072,102.35,2026-08-30 08:43:34.908991
208351037054040,2026-07-07 23:45:00,2026-07-08 01:45:00,DK1,776.54456,103.88,2026-08-30 08:43:34.908991
613619010975410,2026-07-07 22:45:00,2026-07-08 00:45:00,DK1,769.1439,102.89,2026-08-30 08:43:34.908991
359528616390801,2026-07-07 21:45:00,2026-07-07 23:45:00,DK1,597.89325,79.99,2026-08-30 08:43:34.908991
15045790983142,2026-07-07 20:30:00,2026-07-07 22:30:00,DK1,609.62836,81.56,2026-08-30 08:43:34.908991
781432485174592,2026-07-07 20:00:00,2026-07-07 22:00:00,DK1,695.51154,93.05,2026-08-30 08:43:34.908991
998582295930817,2026-07-07 19:30:00,2026-07-07 21:30:00,DK1,647.2256,86.59,2026-08-30 08:43:34.908991
886305073196840,2026-07-07 18:30:00,2026-07-07 20:30:00,DK1,684.67334,91.6,2026-08-30 08:43:34.908991
683312315127974,2026-07-07 16:15:00,2026-07-07 18:15:00,DK1,348.31635,46.6,2026-08-30 08:43:34.908991
375186172994742,2026-07-07 14:45:00,2026-07-07 16:45:00,DK1,38.26995,5.12,2026-08-30 08:43:34.908991
311654671941077,2026-07-07 14:30:00,2026-07-07 16:30:00,DK1,30.571114,4.09,2026-08-30 08:43:34.908991
277065062755288,2026-07-07 13:30:00,2026-07-07 15:30:00,DK1,4.933236,0.66,2026-08-30 08:43:34.908991
8591186673526,2026-07-07 11:45:00,2026-07-07 13:45:00,DK1,0.0,0.0,2026-08-30 08:43:34.908991
625681325965967,2026-07-07 09:30:00,2026-07-07 11:30:00,DK1,10.015964,1.34,2026-08-30 08:43:34.908991
546669557073748,2026-07-07 06:45:00,2026-07-07 08:45:00,DK1,711.6567,95.21,2026-08-30 08:43:34.908991
955740501763709,2026-07-07 05:45:00,2026-07-07 07:45:00,DK1,805.0144,107.7,2026-08-30 08:43:34.908991
850646159616127,2026-07-07 04:00:00,2026-07-07 06:00:00,DK1,736.69653,98.56,2026-08-30 08:43:34.908991
114135144613111,2026-07-07 02:45:00,2026-07-07 04:45:00,DK1,689.7561,92.28,2026-08-30 08:43:34.908991
745594231744106,2026-07-06 23:30:00,2026-07-07 01:30:00,DK1,800.23065,107.06,2026-08-30 08:43:34.908991
966327606800080,2026-07-06 23:15:00,2026-07-07 01:15:00,DK1,809.3497,108.28,2026-08-30 08:43:34.908991
204655754539858,2026-07-06 22:00:00,2026-07-07 00:00:00,DK1,744.99335,99.67,2026-08-30 08:43:34.908991
465115394848486,2026-07-06 21:45:00,2026-07-06 23:45:00,DK1,891.3699,119.25,2026-08-30 08:43:34.908991
908702080599390,2026-07-06 20:45:00,2026-07-06 22:45:00,DK1,935.247,125.12,2026-08-30 08:43:34.908991
739598149308573,2026-07-06 18:30:00,2026-07-06 20:30:00,DK1,1009.8455,135.1,2026-08-30 08:43:34.908991
586799269228877,2026-07-06 17:30:00,2026-07-06 19:30:00,DK1,942.8713,126.14,2026-08-30 08:43:34.908991
292738476248180,2026-07-06 16:30:00,2026-07-06 18:30:00,DK1,828.2826,110.81,2026-08-30 08:43:34.908991
315798393162421,2026-07-06 13:45:00,2026-07-06 15:45:00,DK1,217.81566,29.14,2026-08-30 08:43:34.908991
722290877112955,2026-07-06 12:15:00,2026-07-06 14:15:00,DK1,145.31012,19.44,2026-08-30 08:43:34.908991
398778755460418,2026-07-06 11:00:00,2026-07-06 13:00:00,DK1,301.08493,40.28,2026-08-30 08:43:34.908991
273180910246040,2026-07-06 09:30:00,2026-07-06 11:30:00,DK1,483.6943,64.71,2026-08-30 08:43:34.908991
638554455543726,2026-07-06 06:30:00,2026-07-06 08:30:00,DK1,968.43506,129.56,2026-08-30 08:43:34.908991
621927751472928,2026-07-06 05:15:00,2026-07-06 07:15:00,DK1,1079.5853,144.43,2026-08-30 08:43:34.908991
734301653690818,2026-07-06 05:00:00,2026-07-06 07:00:00,DK1,1113.2219,148.93,2026-08-30 08:43:34.908991
249943987196705,2026-07-06 03:30:00,2026-07-06 05:30:00,DK1,892.7154,119.43,2026-08-30 08:43:34.908991
177080405991725,2026-07-06 02:45:00,2026-07-06 04:45:00,DK1,865.95557,115.85,2026-08-30 08:43:34.908991
675006436366629,2026-07-05 23:45:00,2026-07-06 01:45:00,DK1,896.45276,119.93,2026-08-30 08:43:34.908991
265825593070490,2026-07-05 23:15:00,2026-07-06 01:15:00,DK1,933.3783,124.87,2026-08-30 08:43:34.908991
457092021785133,2026-07-05 22:15:00,2026-07-06 00:15:00,DK1,965.5946,129.18,2026-08-30 08:43:34.908991
482664720909760,2026-07-05 20:30:00,2026-07-05 22:30:00,DK1,776.8352,103.93,2026-08-30 08:43:34.908991
710714489296938,2026-07-05 18:15:00,2026-07-05 20:15:00,DK1,570.9847,76.39,2026-08-30 08:43:34.908991
801350546061150,2026-07-05 18:00:00,2026-07-05 20:00:00,DK1,575.5442,77.0,2026-08-30 08:43:34.908991
489052029952050,2026-07-05 16:00:00,2026-07-05 18:00:00,DK1,44.997093,6.02,2026-08-30 08:43:34.908991
307724800596943,2026-07-05 15:45:00,2026-07-05 17:45:00,DK1,49.631344,6.64,2026-08-30 08:43:34.908991
223796060214865,2026-07-05 15:15:00,2026-07-05 17:15:00,DK1,-0.224238,-0.03,2026-08-30 08:43:34.908991
101699934799014,2026-07-05 14:45:00,2026-07-05 16:45:00,DK1,-0.298984,-0.04,2026-08-30 08:43:34.908991
934903308238281,2026-07-05 13:30:00,2026-07-05 15:30:00,DK1,-7.4746,-1.0,2026-08-30 08:43:34.908991
98493783344205,2026-07-05 13:00:00,2026-07-05 15:00:00,DK1,-7.4746,-1.0,2026-08-30 08:43:34.908991
667672705456794,2026-07-05 12:15:00,2026-07-05 14:15:00,DK1,-8.820028,-1.18,2026-08-30 08:43:34.908991
562714448637748,2026-07-05 12:00:00,2026-07-05 14:00:00,DK1,-9.642234,-1.29,2026-08-30 08:43:34.908991
441668156466076,2026-07-05 07:00:00,2026-07-05 09:00:00,DK1,34.38316,4.6,2026-08-30 08:43:34.908991
416280222220292,2026-07-05 06:15:00,2026-07-05 08:15:00,DK1,132.07619,17.67,2026-08-30 08:43:34.908991
877833847472945,2026-07-05 05:15:00,2026-07-05 07:15:00,DK1,182.30548,24.39,2026-08-30 08:43:34.908991
974689731832726,2026-07-05 04:00:00,2026-07-05 06:00:00,DK1,337.70242,45.18,2026-08-30 08:43:34.908991
78709292731756,2026-07-05 03:15:00,2026-07-05 05:15:00,DK1,477.9259,63.94,2026-08-30 08:43:34.908991
961921864674643,2026-07-05 02:45:00,2026-07-05 04:45:00,DK1,400.63855,53.6,2026-08-30 08:43:34.908991
747799762021574,2026-07-05 02:00:00,2026-07-05 04:00:00,DK1,612.99194,82.01,2026-08-30 08:43:34.908991
588783208728240,2026-07-05 01:45:00,2026-07-05 03:45:00,DK1,474.41287,63.47,2026-08-30 08:43:34.908991
666882294926258,2026-07-05 01:00:00,2026-07-05 03:00:00,DK1,623.1574,83.37,2026-08-30 08:43:34.908991
365764723754730,2026-07-05 00:30:00,2026-07-05 02:30:00,DK1,600.6589,80.36,2026-08-30 08:43:34.908991
62686681219877,2026-07-04 23:30:00,2026-07-05 01:30:00,DK1,672.714,90.0,2026-08-30 08:43:34.908991
864179353400564,2026-07-04 22:00:00,2026-07-05 00:00:00,DK1,837.1552,112.0,2026-08-30 08:43:34.908991
470563047231569,2026-07-04 20:15:00,2026-07-04 22:15:00,DK1,910.1073,121.76,2026-08-30 08:43:34.908991
813409351442438,2026-07-04 19:30:00,2026-07-04 21:30:00,DK1,900.4651,120.47,2026-08-30 08:43:34.908991
940394250912154,2026-07-04 17:45:00,2026-07-04 19:45:00,DK1,808.0043,108.1,2026-08-30 08:43:34.908991
445560130958008,2026-07-04 17:15:00,2026-07-04 19:15:00,DK1,714.79596,95.63,2026-08-30 08:43:34.908991
29949134636801,2026-07-04 16:30:00,2026-07-04 18:30:00,DK1,551.2518,73.75,2026-08-30 08:43:34.908991
186100852638525,2026-07-04 14:45:00,2026-07-04 16:45:00,DK1,-0.074746,-0.01,2026-08-30 08:43:34.908991
395688825205493,2026-07-04 14:00:00,2026-07-04 16:00:00,DK1,-6.951378,-0.93,2026-08-30 08:43:34.908991
461016607287075,2026-07-04 12:00:00,2026-07-04 14:00:00,DK1,-43.651665,-5.84,2026-08-30 08:43:34.908991
929186441543312,2026-07-04 11:00:00,2026-07-04 13:00:00,DK1,-29.973146,-4.01,2026-08-30 08:43:34.908991
474629429856496,2026-07-04 08:30:00,2026-07-04 10:30:00,DK1,0.0,0.0,2026-08-30 08:43:34.908991
139726660511265,2026-07-04 06:45:00,2026-07-04 08:45:00,DK1,35.35486,4.73,2026-08-30 08:43:34.908991
637668022443854,2026-07-04 06:30:00,2026-07-04 08:30:00,DK1,108.15746,14.47,2026-08-30 08:43:34.908991
525383886537135,2026-07-04 04:30:00,2026-07-04 06:30:00,DK1,620.2423,82.98,2026-08-30 08:43:34.908991
832826290372789,2026-07-04 04:15:00,2026-07-04 06:15:00,DK1,542.4317,72.57,2026-08-30 08:43:34.908991
894307018515515,2026-07-04 02:30:00,2026-07-04 04:30:00,DK1,622.7837,83.32,2026-08-30 08:43:34.908991
229727037050801,2026-07-04 02:15:00,2026-07-04 04:15:00,DK1,636.6117,85.17,2026-08-30 08:43:34.908991
44350983125589,2026-07-04 00:00:00,2026-07-04 02:00:00,DK1,612.693,81.97,2026-08-30 08:43:34.908991
668149703797065,2026-07-03 23:15:00,2026-07-04 01:15:00,DK1,677.1987,90.6,2026-08-30 08:43:34.908991
873236969907381,2026-07-03 22:45:00,2026-07-04 00:45:00,DK1,818.99194,109.57,2026-08-30 08:43:34.908991
998656102731069,2026-07-03 21:30:00,2026-07-03 23:30:00,DK1,675.40485,90.36,2026-08-30 08:43:34.908991
616631031685028,2026-07-03 21:00:00,2026-07-03 23:00:00,DK1,667.6313,89.32,2026-08-30 08:43:34.908991
180651187560463,2026-07-03 20:00:00,2026-07-03 22:00:00,DK1,400.63855,53.6,2026-08-30 08:43:34.908991
794005360794288,2026-07-03 14:15:00,2026-07-03 16:15:00,DK1,-0.672714,-0.09,2026-08-30 08:43:34.908991
371290433265585,2026-07-03 12:45:00,2026-07-03 14:45:00,DK1,-0.672714,-0.09,2026-08-30 08:43:34.908991
875340403931355,2026-07-03 12:30:00,2026-07-03 14:30:00,DK1,-0.672714,-0.09,2026-08-30 08:43:34.908991
8458426955095,2026-07-03 09:45:00,2026-07-03 11:45:00,DK1,-0.37373,-0.05,2026-08-30 08:43:34.908991
609742907195677,2026-07-03 07:45:00,2026-07-03 09:45:00,DK1,-0.074746,-0.01,2026-08-30 08:43:34.908991
64253136077808,2026-07-03 07:15:00,2026-07-03 09:15:00,DK1,32.589256,4.36,2026-08-30 08:43:34.908991
35502558348546,2026-07-03 06:15:00,2026-07-03 08:15:00,DK1,383.44696,51.3,2026-08-30 08:43:34.908991
563467595263301,2026-07-03 04:30:00,2026-07-03 06:30:00,DK1,514.3272,68.81,2026-08-30 08:43:34.908991
567597513336611,2026-07-03 02:15:00,2026-07-03 04:15:00,DK1,312.2888,41.78,2026-08-30 08:43:34.908991
732308704696749,2026-07-03 01:45:00,2026-07-03 03:45:00,DK1,292.1074,39.08,2026-08-30 08:43:34.908991
764776507904888,2026-07-03 01:15:00,2026-07-03 03:15:00,DK1,319.98764,42.81,2026-08-30 08:43:34.908991
309018372877324,2026-07-03 00:30:00,2026-07-03 02:30:00,DK1,391.74377,52.41,2026-08-30 08:43:34.908991
231208213180759,2026-07-02 23:30:00,2026-07-03 01:30:00,DK1,440.70242,58.96,2026-08-30 08:43:34.908991
319667585784459,2026-07-02 23:15:00,2026-07-03 01:15:00,DK1,485.55002,64.96,2026-08-30 08:43:34.908991
948198012037439,2026-07-02 22:30:00,2026-07-03 00:30:00,DK1,620.01807,82.95,2026-08-30 08:43:34.908991
957630225368094,2026-07-02 21:45:00,2026-07-02 23:45:00,DK1,74.747,10.0,2026-08-30 08:43:34.908991
953535614153431,2026-07-02 21:30:00,2026-07-02 23:30:00,DK1,125.05173,16.73,2026-08-30 08:43:34.908991
580408168941686,2026-07-02 21:15:00,2026-07-02 23:15:00,DK1,302.72534,40.5,2026-08-30 08:43:34.908991
119509238884193,2026-07-02 21:00:00,2026-07-02 23:00:00,DK1,242.40453,32.43,2026-08-30 08:43:34.908991
184718359097546,2026-07-02 19:45:00,2026-07-02 21:45:00,DK1,245.09541,32.79,2026-08-30 08:43:34.908991
743230066803578,2026-07-02 18:45:00,2026-07-02 20:45:00,DK1,150.01723,20.07,2026-08-30 08:43:34.908991
144085000549370,2026-07-02 18:15:00,2026-07-02 20:15:00,DK1,411.18323,55.01,2026-08-30 08:43:34.908991
822435091649138,2026-07-02 18:00:00,2026-07-02 20:00:00,DK1,544.7561,72.88,2026-08-30 08:43:34.908991
144198637036819,2026-07-02 13:15:00,2026-07-02 15:15:00,DK1,-0.74747,-0.1,2026-08-30 08:43:34.908991
208515936600437,2026-07-02 12:30:00,2026-07-02 14:30:00,DK1,4.410073,0.59,2026-08-30 08:43:34.908991
868003390212869,2026-07-02 11:30:00,2026-07-02 13:30:00,DK1,14.127183,1.89,2026-08-30 08:43:34.908991
400863198663840,2026-07-02 11:15:00,2026-07-02 13:15:00,DK1,15.024147,2.01,2026-08-30 08:43:34.908991
735446885832615,2026-07-02 11:00:00,2026-07-02 13:00:00,DK1,15.69687,2.1,2026-08-30 08:43:34.908991
25322345963456,2026-07-02 10:45:00,2026-07-02 12:45:00,DK1,17.864532,2.39,2026-08-30 08:43:34.908991
319509389582404,2026-07-02 10:00:00,2026-07-02 12:00:00,DK1,16.294846,2.18,2026-08-30 08:43:34.908991
812661032855995,2026-07-02 09:45:00,2026-07-02 11:45:00,DK1,18.014027,2.41,2026-08-30 08:43:34.908991
247945172740885,2026-07-02 09:15:00,2026-07-02 11:15:00,DK1,18.313015,2.45,2026-08-30 08:43:34.908991
390440978038778,2026-07-02 07:00:00,2026-07-02 09:00:00,DK1,636.24646,85.12,2026-08-30 08:43:34.908991
262525251344587,2026-07-02 06:45:00,2026-07-02 08:45:00,DK1,335.76352,44.92,2026-08-30 08:43:34.908991
429427244145724,2026-07-02 05:15:00,2026-07-02 07:15:00,DK1,873.045,116.8,2026-08-30 08:43:34.908991
468100239946816,2026-07-02 04:15:00,2026-07-02 06:15:00,DK1,912.81036,122.12,2026-08-30 08:43:34.908991
51320723653205,2026-07-02 03:30:00,2026-07-02 05:30:00,DK1,831.18665,111.2,2026-08-30 08:43:34.908991
905579072273509,2026-07-02 02:00:00,2026-07-02 04:00:00,DK1,856.8996,114.64,2026-08-30 08:43:34.908991
228507594952757,2026-07-02 01:15:00,2026-07-02 03:15:00,DK1,909.8205,121.72,2026-08-30 08:43:34.908991
13383618583802,2026-07-01 23:45:00,2026-07-02 01:45:00,DK1,982.8483,131.49,2026-08-30 08:43:34.908991
693314556967756,2026-07-01 23:30:00,2026-07-02 01:30:00,DK1,1006.9169,134.71,2026-08-30 08:43:34.908991
453657711436202,2026-07-01 21:15:00,2026-07-01 23:15:00,DK1,1249.8112,167.21,2026-08-30 08:43:34.908991
935993502589951,2026-07-01 21:00:00,2026-07-01 23:00:00,DK1,1381.0634,184.77,2026-08-30 08:43:34.908991
675913161811628,2026-07-01 20:45:00,2026-07-01 22:45:00,DK1,1266.1056,169.39,2026-08-30 08:43:34.908991
511163355368863,2026-07-01 19:45:00,2026-07-01 21:45:00,DK1,1654.1816,221.31,2026-08-30 08:43:34.908991
679458303988956,2026-07-01 17:45:00,2026-07-01 19:45:00,DK1,1599.0198,213.93,2026-08-30 08:43:34.908991
879758735995305,2026-07-01 17:00:00,2026-07-01 19:00:00,DK1,934.0135,124.96,2026-08-30 08:43:34.908991
519710442706701,2026-07-01 16:00:00,2026-07-01 18:00:00,DK1,798.50085,106.83,2026-08-30 08:43:34.908991
129041536807155,2026-07-01 14:00:00,2026-07-01 16:00:00,DK1,684.0662,91.52,2026-08-30 08:43:34.908991
597651702626299,2026-07-01 13:45:00,2026-07-01 15:45:00,DK1,745.3571,99.72,2026-08-30 08:43:34.908991
559077293901736,2026-07-01 13:30:00,2026-07-01 15:30:00,DK1,725.69916,97.09,2026-08-30 08:43:34.908991
905575054666941,2026-07-01 13:00:00,2026-07-01 15:00:00,DK1,709.55426,94.93,2026-08-30 08:43:34.908991
207479069983564,2026-07-01 11:30:00,2026-07-01 13:30:00,DK1,790.8021,105.8,2026-08-30 08:43:34.908991
434537169042323,2026-07-01 10:45:00,2026-07-01 12:45:00,DK1,824.28784,110.28,2026-08-30 08:43:34.908991
523998829289718,2026-07-01 09:00:00,2026-07-01 11:00:00,DK1,944.5526,126.37,2026-08-30 08:43:34.908991
828858748369991,2026-07-01 08:45:00,2026-07-01 10:45:00,DK1,851.8688,113.97,2026-08-30 08:43:34.908991
43193187041436,2026-07-01 08:30:00,2026-07-01 10:30:00,DK1,898.80865,120.25,2026-08-30 08:43:34.908991
434349246624135,2026-07-01 08:15:00,2026-07-01 10:15:00,DK1,931.09845,124.57,2026-08-30 08:43:34.908991
130584821056786,2026-07-01 06:30:00,2026-07-01 08:30:00,DK1,1303.777,174.43,2026-08-30 08:43:34.908991
938379463759401,2026-07-01 06:15:00,2026-07-01 08:15:00,DK1,1484.5105,198.61,2026-08-30 08:43:34.908991
308999800819966,2026-07-01 05:15:00,2026-07-01 07:15:00,DK1,1549.389,207.29,2026-08-30 08:43:34.908991
896059019263824,2026-07-01 04:45:00,2026-07-01 06:45:00,DK1,1486.4537,198.87,2026-08-30 08:43:34.908991
145979102892579,2026-07-01 04:30:00,2026-07-01 06:30:00,DK1,1497.5161,200.35,2026-08-30 08:43:34.908991
460561151943746,2026-07-01 00:30:00,2026-07-01 02:30:00,DK1,1110.8601,148.62,2026-08-30 08:43:34.908991
590729112121483,2026-06-30 23:30:00,2026-07-01 01:30:00,DK1,1080.5137,144.56,2026-08-30 08:43:34.908991
190081558474530,2026-06-30 22:45:00,2026-07-01 00:45:00,DK1,1123.7163,150.34,2026-08-30 08:43:34.908991
621543661028401,2026-06-30 22:00:00,2026-07-01 00:00:00,DK1,1369.0294,183.16,2026-08-30 08:43:34.908991
992340524195568,2026-06-30 21:15:00,2026-06-30 23:15:00,DK1,1446.6702,193.55,2026-08-30 08:43:34.908991
767308137508096,2026-06-30 19:45:00,2026-06-30 21:45:00,DK1,2352.0442,314.68,2026-08-30 08:43:34.908991
715083961472055,2026-06-30 19:00:00,2026-06-30 21:00:00,DK1,3652.0664,488.61,2026-08-30 08:43:34.908991
590698638103196,2026-06-30 18:45:00,2026-06-30 20:45:00,DK1,4261.081,570.09,2026-08-30 08:43:34.908991
781255961795482,2026-06-30 17:45:00,2026-06-30 19:45:00,DK1,4132.6704,552.91,2026-08-30 08:43:34.908991
975006135825627,2026-06-30 17:15:00,2026-06-30 19:15:00,DK1,3456.91,462.5,2026-08-30 08:43:34.908991
406427360717397,2026-06-30 15:30:00,2026-06-30 17:30:00,DK1,1164.5863,155.81,2026-08-30 08:43:34.908991
181272411171834,2026-06-30 13:45:00,2026-06-30 15:45:00,DK1,876.22394,117.23,2026-08-30 08:43:34.908991
301035564280367,2026-06-30 13:30:00,2026-06-30 15:30:00,DK1,891.62115,119.29,2026-08-30 08:43:34.908991
989961363527219,2026-06-30 11:30:00,2026-06-30 13:30:00,DK1,750.654,100.43,2026-08-30 08:43:34.908991
604527828091436,2026-06-30 09:00:00,2026-06-30 11:00:00,DK1,823.90314,110.23,2026-08-30 08:43:34.908991
612843027591921,2026-06-30 07:15:00,2026-06-30 09:15:00,DK1,914.56757,122.36,2026-08-30 08:43:34.908991
329424249046834,2026-06-30 07:00:00,2026-06-30 09:00:00,DK1,1156.8876,154.78,2026-08-30 08:43:34.908991
362309087772329,2026-06-30 06:45:00,2026-06-30 08:45:00,DK1,879.88635,117.72,2026-08-30 08:43:34.908991
793170273852282,2026-06-30 06:00:00,2026-06-30 08:00:00,DK1,1490.9186,199.47,2026-08-30 08:43:34.908991
476342176357065,2026-06-30 05:00:00,2026-06-30 07:00:00,DK1,1611.1069,215.55,2026-08-30 08:43:34.908991
1958927337430,2026-06-30 04:00:00,2026-06-30 06:00:00,DK1,1318.9326,176.46,2026-08-30 08:43:34.908991
22930077850657,2026-06-30 02:15:00,2026-06-30 04:15:00,DK1,1048.6583,140.3,2026-08-30 08:43:34.908991
584693605161976,2026-06-30 01:30:00,2026-06-30 03:30:00,DK1,1045.8927,139.93,2026-08-30 08:43:34.908991
278682799315412,2026-06-30 00:00:00,2026-06-30 02:00:00,DK1,1068.615,142.97,2026-08-30 08:43:34.908991
835458372068393,2026-06-29 23:45:00,2026-06-30 01:45:00,DK1,1028.8511,137.65,2026-08-30 08:43:34.908991
869955255594197,2026-06-29 23:00:00,2026-06-30 01:00:00,DK1,1175.2747,157.24,2026-08-30 08:43:34.908991
469628015884743,2026-06-29 22:45:00,2026-06-30 00:45:00,DK1,1159.3542,155.11,2026-08-30 08:43:34.908991
375484618572821,2026-06-29 21:15:00,2026-06-29 23:15:00,DK1,1229.1815,164.45,2026-08-30 08:43:34.908991
872754488424067,2026-06-29 16:15:00,2026-06-29 18:15:00,DK1,903.5923,120.89,2026-08-30 08:43:34.908991
320532759821471,2026-06-29 13:30:00,2026-06-29 15:30:00,DK1,739.07855,98.88,2026-08-30 08:43:34.908991
805942205756224,2026-06-29 12:45:00,2026-06-29 14:45:00,DK1,684.2905,91.55,2026-08-30 08:43:34.908991
39101484499908,2026-06-29 11:45:00,2026-06-29 13:45:00,DK1,577.47986,77.26,2026-08-30 08:43:34.908991
63141666641475,2026-06-29 10:30:00,2026-06-29 12:30:00,DK1,672.705,90.0,2026-08-30 08:43:34.908991
776137619894537,2026-06-29 09:45:00,2026-06-29 11:45:00,DK1,676.14325,90.46,2026-08-30 08:43:34.908991
286599781558150,2026-06-29 08:45:00,2026-06-29 10:45:00,DK1,728.4648,97.46,2026-08-30 08:43:34.908991
294782390630850,2026-06-29 08:00:00,2026-06-29 10:00:00,DK1,874.89026,117.05,2026-08-30 08:43:34.908991
389435506513889,2026-06-29 05:45:00,2026-06-29 07:45:00,DK1,1068.106,142.9,2026-08-30 08:43:34.908991
15282925216101,2026-06-29 05:15:00,2026-06-29 07:15:00,DK1,1152.9417,154.25,2026-08-30 08:43:34.908991
579938189210966,2026-06-29 04:45:00,2026-06-29 06:45:00,DK1,1102.0403,147.44,2026-08-30 08:43:34.908991
234814524283896,2026-06-29 04:15:00,2026-06-29 06:15:00,DK1,1148.2327,153.62,2026-08-30 08:43:34.908991
890543749254341,2026-06-29 03:30:00,2026-06-29 05:30:00,DK1,972.28296,130.08,2026-08-30 08:43:34.908991
294865657837729,2026-06-29 00:00:00,2026-06-29 02:00:00,DK1,863.30475,115.5,2026-08-30 08:43:34.908991
663693659265437,2026-06-28 23:00:00,2026-06-29 01:00:00,DK1,866.9672,115.99,2026-08-30 08:43:34.908991
791467270940096,2026-06-28 21:45:00,2026-06-28 23:45:00,DK1,1022.7495,136.83,2026-08-30 08:43:34.908991
222116614192246,2026-06-28 20:45:00,2026-06-28 22:45:00,DK1,1137.8583,152.23,2026-08-30 08:43:34.908991
778558420279432,2026-06-28 19:45:00,2026-06-28 21:45:00,DK1,1257.153,168.19,2026-08-30 08:43:34.908991
158054270217356,2026-06-28 15:45:00,2026-06-28 17:45:00,DK1,935.07245,125.1,2026-08-30 08:43:34.908991
79366786245120,2026-06-28 15:15:00,2026-06-28 17:15:00,DK1,577.5623,77.27,2026-08-30 08:43:34.908991
909655107600222,2026-06-28 13:00:00,2026-06-28 15:00:00,DK1,0.0,0.0,2026-08-30 08:43:34.908991
236522683462131,2026-06-28 12:15:00,2026-06-28 14:15:00,DK1,10.015964,1.34,2026-08-30 08:43:34.908991
262091208937589,2026-06-28 10:45:00,2026-06-28 12:45:00,DK1,15.69666,2.1,2026-08-30 08:43:34.908991
403168667641802,2026-06-28 10:00:00,2026-06-28 12:00:00,DK1,39.914364,5.34,2026-08-30 08:43:34.908991
212104935564441,2026-06-28 09:30:00,2026-06-28 11:30:00,DK1,44.10014,5.9,2026-08-30 08:43:34.908991
57415016313596,2026-06-28 09:15:00,2026-06-28 11:15:00,DK1,56.0595,7.5,2026-08-30 08:43:34.908991
925126537146934,2026-06-28 08:30:00,2026-06-28 10:30:00,DK1,206.89693,27.68,2026-08-30 08:43:34.908991
436569308133221,2026-06-28 08:00:00,2026-06-28 10:00:00,DK1,243.52248,32.58,2026-08-30 08:43:34.908991
974938086957189,2026-06-28 04:15:00,2026-06-28 06:15:00,DK1,859.579,115.0,2026-08-30 08:43:34.908991
697428243366854,2026-06-28 03:45:00,2026-06-28 05:45:00,DK1,858.5326,114.86,2026-08-30 08:43:34.908991
23729899078957,2026-06-28 01:45:00,2026-06-28 03:45:00,DK1,859.579,115.0,2026-08-30 08:43:34.908991
878453431134911,2026-06-28 00:30:00,2026-06-28 02:30:00,DK1,888.13196,118.82,2026-08-30 08:43:34.908991
218967085966171,2026-06-27 20:45:00,2026-06-27 22:45:00,DK1,1159.2357,155.09,2026-08-30 08:43:34.908991
901103703334761,2026-06-27 19:00:00,2026-06-27 21:00:00,DK1,1722.8953,230.5,2026-08-30 08:43:34.908991
146941616793383,2026-06-27 18:30:00,2026-06-27 20:30:00,DK1,1753.317,234.57,2026-08-30 08:43:34.908991
776010678016474,2026-06-27 17:30:00,2026-06-27 19:30:00,DK1,1382.2777,184.93,2026-08-30 08:43:34.908991
538864656272996,2026-06-27 17:00:00,2026-06-27 19:00:00,DK1,1018.1153,136.21,2026-08-30 08:43:34.908991
815160124340851,2026-06-27 16:45:00,2026-06-27 18:45:00,DK1,1125.6,150.59,2026-08-30 08:43:34.908991
20026167396130,2026-06-27 14:45:00,2026-06-27 16:45:00,DK1,691.77423,92.55,2026-08-30 08:43:34.908991
339728621448635,2026-06-27 13:45:00,2026-06-27 15:45:00,DK1,239.71042,32.07,2026-08-30 08:43:34.908991
677014822310260,2026-06-27 12:15:00,2026-06-27 14:15:00,DK1,14.9492,2.0,2026-08-30 08:43:34.908991
6884656521164,2026-06-27 11:15:00,2026-06-27 13:15:00,DK1,32.215527,4.31,2026-08-30 08:43:34.908991
215953346089133,2026-06-27 10:45:00,2026-06-27 12:45:00,DK1,30.64586,4.1,2026-08-30 08:43:34.908991
784035286339789,2026-06-27 10:00:00,2026-06-27 12:00:00,DK1,25.41364,3.4,2026-08-30 08:43:34.908991
949162648775457,2026-06-27 09:00:00,2026-06-27 11:00:00,DK1,159.95644,21.4,2026-08-30 08:43:34.908991
611982645508759,2026-06-27 07:00:00,2026-06-27 09:00:00,DK1,821.2343,109.87,2026-08-30 08:43:34.908991
6962674110530,2026-06-27 06:30:00,2026-06-27 08:30:00,DK1,759.94257,101.67,2026-08-30 08:43:34.908991
718081461801962,2026-06-27 06:15:00,2026-06-27 08:15:00,DK1,841.7147,112.61,2026-08-30 08:43:34.908991
603806767996558,2026-06-27 06:00:00,2026-06-27 08:00:00,DK1,888.3562,118.85,2026-08-30 08:43:34.908991
816337693724725,2026-06-27 05:45:00,2026-06-27 07:45:00,DK1,710.16174,95.01,2026-08-30 08:43:34.908991
139012230874995,2026-06-27 05:00:00,2026-06-27 07:00:00,DK1,862.04565,115.33,2026-08-30 08:43:34.908991
740044369364071,2026-06-27 04:00:00,2026-06-27 06:00:00,DK1,859.65375,115.01,2026-08-30 08:43:34.908991
109638679807484,2026-06-27 03:00:00,2026-06-27 05:00:00,DK1,862.56885,115.4,2026-08-30 08:43:34.908991
384434899819956,2026-06-27 02:45:00,2026-06-27 04:45:00,DK1,854.4963,114.32,2026-08-30 08:43:34.908991
30820943483002,2026-06-27 02:15:00,2026-06-27 04:15:00,DK1,867.8758,116.11,2026-08-30 08:43:34.908991
766294046021172,2026-06-26 22:45:00,2026-06-27 00:45:00,DK1,905.62256,121.16,2026-08-30 08:43:34.908991
547637946046519,2026-06-26 22:15:00,2026-06-27 00:15:00,DK1,994.2713,133.02,2026-08-30 08:43:34.908991
998654565237,2026-06-26 22:00:00,2026-06-27 00:00:00,DK1,1087.031,145.43,2026-08-30 08:43:34.908991
525492838913034,2026-06-26 20:45:00,2026-06-26 22:45:00,DK1,1205.8025,161.32,2026-08-30 08:43:34.908991
55656767036443,2026-06-26 20:30:00,2026-06-26 22:30:00,DK1,1383.3989,185.08,2026-08-30 08:43:34.908991
411767099223968,2026-06-26 19:30:00,2026-06-26 21:30:00,DK1,1870.1449,250.2,2026-08-30 08:43:34.908991
70635935388005,2026-06-26 18:00:00,2026-06-26 20:00:00,DK1,1954.6079,261.5,2026-08-30 08:43:34.908991
357755922704149,2026-06-26 17:45:00,2026-06-26 19:45:00,DK1,2846.7761,380.86,2026-08-30 08:43:34.908991
852247767104158,2026-06-26 16:30:00,2026-06-26 18:30:00,DK1,1197.6552,160.23,2026-08-30 08:43:34.908991
531958621929548,2026-06-26 15:00:00,2026-06-26 17:00:00,DK1,635.4158,85.01,2026-08-30 08:43:34.908991
755004584556537,2026-06-26 14:15:00,2026-06-26 16:15:00,DK1,622.18567,83.24,2026-08-30 08:43:34.908991
194948791644827,2026-06-26 13:45:00,2026-06-26 15:45:00,DK1,676.60077,90.52,2026-08-30 08:43:34.908991
490521769094334,2026-06-26 13:15:00,2026-06-26 15:15:00,DK1,428.89255,57.38,2026-08-30 08:43:34.908991
672290472701776,2026-06-26 11:30:00,2026-06-26 13:30:00,DK1,240.23364,32.14,2026-08-30 08:43:34.908991
372835059924636,2026-06-26 11:00:00,2026-06-26 13:00:00,DK1,279.6248,37.41,2026-08-30 08:43:34.908991
281270863442189,2026-06-26 10:45:00,2026-06-26 12:45:00,DK1,277.83087,37.17,2026-08-30 08:43:34.908991
275626024376951,2026-06-26 10:30:00,2026-06-26 12:30:00,DK1,328.5834,43.96,2026-08-30 08:43:34.908991
782076732707820,2026-06-26 09:45:00,2026-06-26 11:45:00,DK1,343.90634,46.01,2026-08-30 08:43:34.908991
87636394069003,2026-06-26 08:15:00,2026-06-26 10:15:00,DK1,774.96655,103.68,2026-08-30 08:43:34.908991
358060013452392,2026-06-26 07:00:00,2026-06-26 09:00:00,DK1,883.27344,118.17,2026-08-30 08:43:34.908991
750797184531149,2026-06-26 05:15:00,2026-06-26 07:15:00,DK1,1102.055,147.44,2026-08-30 08:43:34.908991
372372251803579,2026-06-26 03:00:00,2026-06-26 05:00:00,DK1,953.5347,127.57,2026-08-30 08:43:34.908991
320652776208302,2026-06-26 02:15:00,2026-06-26 04:15:00,DK1,921.4687,123.28,2026-08-30 08:43:34.908991
105977292191805,2026-06-26 00:45:00,2026-06-26 02:45:00,DK1,901.362,120.59,2026-08-30 08:43:34.908991
211195587368862,2026-06-25 23:45:00,2026-06-26 01:45:00,DK1,916.98395,122.68,2026-08-30 08:43:34.908991
103261504703615,2026-06-25 23:30:00,2026-06-26 01:30:00,DK1,969.5304,129.71,2026-08-30 08:43:34.908991
137661910806410,2026-06-25 23:00:00,2026-06-26 01:00:00,DK1,1028.9535,137.66,2026-08-30 08:43:34.908991
68127634387270,2026-06-25 22:30:00,2026-06-26 00:30:00,DK1,1063.4114,142.27,2026-08-30 08:43:34.908991
961397915994464,2026-06-25 21:15:00,2026-06-25 23:15:00,DK1,1215.1295,162.57,2026-08-30 08:43:34.908991
348665813336513,2026-06-25 20:00:00,2026-06-25 22:00:00,DK1,1657.4703,221.75,2026-08-30 08:43:34.908991
100131434778566,2026-06-25 17:30:00,2026-06-25 19:30:00,DK1,1594.3856,213.31,2026-08-30 08:43:34.908991
252637588254210,2026-06-25 16:45:00,2026-06-25 18:45:00,DK1,1457.1538,194.95,2026-08-30 08:43:34.908991
283511988488104,2026-06-25 15:45:00,2026-06-25 17:45:00,DK1,927.21173,124.05,2026-08-30 08:43:34.908991
231640151631299,2026-06-25 15:15:00,2026-06-25 17:15:00,DK1,799.47253,106.96,2026-08-30 08:43:34.908991
305308149066316,2026-06-25 14:00:00,2026-06-25 16:00:00,DK1,485.99197,65.02,2026-08-30 08:43:34.908991
490474324230555,2026-06-25 12:30:00,2026-06-25 14:30:00,DK1,303.9879,40.67,2026-08-30 08:43:34.908991
613342374200628,2026-06-25 11:45:00,2026-06-25 13:45:00,DK1,171.764,22.98,2026-08-30 08:43:34.908991
838077297685995,2026-06-25 11:30:00,2026-06-25 13:30:00,DK1,193.5148,25.89,2026-08-30 08:43:34.908991
530664365170579,2026-06-25 11:00:00,2026-06-25 13:00:00,DK1,314.67642,42.1,2026-08-30 08:43:34.908991
250973011285468,2026-06-25 10:45:00,2026-06-25 12:45:00,DK1,223.33806,29.88,2026-08-30 08:43:34.908991
606892419315885,2026-06-25 10:00:00,2026-06-25 12:00:00,DK1,378.80765,50.68,2026-08-30 08:43:34.908991
13509603477034,2026-06-25 09:45:00,2026-06-25 11:45:00,DK1,332.24155,44.45,2026-08-30 08:43:34.908991
431808632811545,2026-06-25 09:30:00,2026-06-25 11:30:00,DK1,403.24927,53.95,2026-08-30 08:43:34.908991
924008219719989,2026-06-25 08:45:00,2026-06-25 10:45:00,DK1,426.0465,57.0,2026-08-30 08:43:34.908991
765459174815483,2026-06-25 05:30:00,2026-06-25 07:30:00,DK1,1049.7188,140.44,2026-08-30 08:43:34.908991
711194830084778,2026-06-25 05:00:00,2026-06-25 07:00:00,DK1,1313.6434,175.75,2026-08-30 08:43:34.908991
353155390557584,2026-06-25 02:15:00,2026-06-25 04:15:00,DK1,1056.5206,141.35,2026-08-30 08:43:34.908991
768295923214368,2026-06-25 02:00:00,2026-06-25 04:00:00,DK1,1028.8649,137.65,2026-08-30 08:43:34.908991
113370837508305,2026-06-25 01:00:00,2026-06-25 03:00:00,DK1,1089.1842,145.72,2026-08-30 08:43:34.908991
647157653216225,2026-06-25 00:15:00,2026-06-25 02:15:00,DK1,1073.4877,143.62,2026-08-30 08:43:34.908991
781333020915977,2026-06-25 00:00:00,2026-06-25 02:00:00,DK1,1144.4954,153.12,2026-08-30 08:43:34.908991
691534395922652,2026-06-24 22:00:00,2026-06-25 00:00:00,DK1,1495.6475,200.1,2026-08-30 08:43:34.908991
144231813940252,2026-06-24 20:30:00,2026-06-24 22:30:00,DK1,3168.1167,423.8,2026-08-30 08:43:34.908991
680751627249618,2026-06-24 19:15:00,2026-06-24 21:15:00,DK1,5341.17,714.49,2026-08-30 08:43:34.908991
676923310410464,2026-06-24 19:00:00,2026-06-24 21:00:00,DK1,5431.8477,726.62,2026-08-30 08:43:34.908991
233057350805213,2026-06-24 18:45:00,2026-06-24 20:45:00,DK1,5881.9478,786.83,2026-08-30 08:43:34.908991
278308627814925,2026-06-24 18:00:00,2026-06-24 20:00:00,DK1,4375.9336,585.37,2026-08-30 08:43:34.908991
298736140224232,2026-06-24 17:00:00,2026-06-24 19:00:00,DK1,1794.12,240.0,2026-08-30 08:43:34.908991
557792707411620,2026-06-24 14:15:00,2026-06-24 16:15:00,DK1,795.0942,106.36,2026-08-30 08:43:34.908991
883681973575045,2026-06-24 13:15:00,2026-06-24 15:15:00,DK1,621.4383,83.13,2026-08-30 08:43:34.908991
494391061601531,2026-06-24 13:00:00,2026-06-24 15:00:00,DK1,456.30453,61.04,2026-08-30 08:43:34.908991
101100661057722,2026-06-24 12:30:00,2026-06-24 14:30:00,DK1,536.0681,71.71,2026-08-30 08:43:34.908991
51742900552310,2026-06-24 12:15:00,2026-06-24 14:15:00,DK1,507.3622,67.87,2026-08-30 08:43:34.908991
831142157094784,2026-06-24 11:30:00,2026-06-24 13:30:00,DK1,501.60605,67.1,2026-08-30 08:43:34.908991
974882026193535,2026-06-24 11:15:00,2026-06-24 13:15:00,DK1,511.69797,68.45,2026-08-30 08:43:34.908991
668271967602151,2026-06-24 11:00:00,2026-06-24 13:00:00,DK1,539.9554,72.23,2026-08-30 08:43:34.908991
759514858747822,2026-06-24 10:30:00,2026-06-24 12:30:00,DK1,510.87564,68.34,2026-08-30 08:43:34.908991
498508470000447,2026-06-24 09:45:00,2026-06-24 11:45:00,DK1,509.90384,68.21,2026-08-30 08:43:34.908991
236628318558758,2026-06-24 08:30:00,2026-06-24 10:30:00,DK1,739.99976,98.99,2026-08-30 08:43:34.908991
809380505794143,2026-06-24 07:30:00,2026-06-24 09:30:00,DK1,825.22046,110.39,2026-08-30 08:43:34.908991
315272010761807,2026-06-24 06:15:00,2026-06-24 08:15:00,DK1,1130.2208,151.19,2026-08-30 08:43:34.908991
405174551813786,2026-06-24 06:00:00,2026-06-24 08:00:00,DK1,1445.2384,193.33,2026-08-30 08:43:34.908991
410079219828269,2026-06-24 05:30:00,2026-06-24 07:30:00,DK1,1197.7246,160.22,2026-08-30 08:43:34.908991
437286368937249,2026-06-24 05:00:00,2026-06-24 07:00:00,DK1,1611.344,215.55,2026-08-30 08:43:34.908991
126908123827839,2026-06-24 04:45:00,2026-06-24 06:45:00,DK1,1460.2642,195.34,2026-08-30 08:43:34.908991
873940776680770,2026-06-24 04:00:00,2026-06-24 06:00:00,DK1,1283.9171,171.75,2026-08-30 08:43:34.908991
125101026426335,2026-06-24 03:45:00,2026-06-24 05:45:00,DK1,1197.1266,160.14,2026-08-30 08:43:34.908991
29068862793371,2026-06-24 03:15:00,2026-06-24 05:15:00,DK1,1122.9696,150.22,2026-08-30 08:43:34.908991
808855648600428,2026-06-24 02:45:00,2026-06-24 04:45:00,DK1,1097.3286,146.79,2026-08-30 08:43:34.908991
677594153693222,2026-06-24 02:30:00,2026-06-24 04:30:00,DK1,1090.6754,145.9,2026-08-30 08:43:34.908991
22851664405891,2026-06-24 02:15:00,2026-06-24 04:15:00,DK1,1094.1141,146.36,2026-08-30 08:43:34.908991
253471965821914,2026-06-24 00:45:00,2026-06-24 02:45:00,DK1,1089.4794,145.74,2026-08-30 08:43:34.908991
819448978413194,2026-06-23 23:45:00,2026-06-24 01:45:00,DK1,1127.1559,150.78,2026-08-30 08:43:34.908991
332644057563,2026-06-23 23:30:00,2026-06-24 01:30:00,DK1,1180.3813,157.9,2026-08-30 08:43:34.908991
699525129618973,2026-06-23 22:45:00,2026-06-24 00:45:00,DK1,1176.9427,157.44,2026-08-30 08:43:34.908991
100248635823005,2026-06-23 21:30:00,2026-06-23 23:30:00,DK1,1415.3723,189.35,2026-08-30 08:43:34.908991
738672894476433,2026-06-23 20:30:00,2026-06-23 22:30:00,DK1,2004.5441,268.17,2026-08-30 08:43:34.908991
680126829033344,2026-06-23 19:30:00,2026-06-23 21:30:00,DK1,4242.0806,567.51,2026-08-30 08:43:34.908991
134790175115915,2026-06-23 19:00:00,2026-06-23 21:00:00,DK1,4362.5757,583.63,2026-08-30 08:43:34.908991
594364327605056,2026-06-23 17:30:00,2026-06-23 19:30:00,DK1,3161.7334,422.98,2026-08-30 08:43:34.908991
319181132155123,2026-06-23 14:45:00,2026-06-23 16:45:00,DK1,890.1858,119.09,2026-08-30 08:43:34.908991
997398947935648,2026-06-23 14:00:00,2026-06-23 16:00:00,DK1,599.2627,80.17,2026-08-30 08:43:34.908991
852526554447210,2026-06-23 13:30:00,2026-06-23 15:30:00,DK1,644.41113,86.21,2026-08-30 08:43:34.908991
738503824723954,2026-06-23 08:15:00,2026-06-23 10:15:00,DK1,746.5183,99.87,2026-08-30 08:43:34.908991
967010972660026,2026-06-23 08:00:00,2026-06-23 10:00:00,DK1,852.4376,114.04,2026-08-30 08:43:34.908991
851416671805527,2026-06-23 07:45:00,2026-06-23 09:45:00,DK1,753.3952,100.79,2026-08-30 08:43:34.908991
296016631970344,2026-06-23 07:15:00,2026-06-23 09:15:00,DK1,869.4056,116.31,2026-08-30 08:43:34.908991
167691926060738,2026-06-23 07:00:00,2026-06-23 09:00:00,DK1,932.419,124.74,2026-08-30 08:43:34.908991
578607963886833,2026-06-23 06:45:00,2026-06-23 08:45:00,DK1,841.44946,112.57,2026-08-30 08:43:34.908991
564657151959094,2026-06-23 06:30:00,2026-06-23 08:30:00,DK1,919.4127,123.0,2026-08-30 08:43:34.908991
845349277212900,2026-06-23 05:30:00,2026-06-23 07:30:00,DK1,1132.2231,151.47,2026-08-30 08:43:34.908991
118977288591922,2026-06-23 05:15:00,2026-06-23 07:15:00,DK1,1256.5308,168.1,2026-08-30 08:43:34.908991
264698734693040,2026-06-23 04:00:00,2026-06-23 06:00:00,DK1,1150.8357,153.96,2026-08-30 08:43:34.908991
242291429447079,2026-06-23 03:00:00,2026-06-23 05:00:00,DK1,1011.50354,135.32,2026-08-30 08:43:34.908991
856522176274556,2026-06-23 02:30:00,2026-06-23 04:30:00,DK1,1025.4067,137.18,2026-08-30 08:43:34.908991
416277377067242,2026-06-23 02:00:00,2026-06-23 04:00:00,DK1,1018.3056,136.23,2026-08-30 08:43:34.908991
485279882328147,2026-06-23 00:30:00,2026-06-23 02:30:00,DK1,998.9456,133.64,2026-08-30 08:43:34.908991
665172662444541,2026-06-23 00:15:00,2026-06-23 02:15:00,DK1,1007.84076,134.83,2026-08-30 08:43:34.908991
80573689212730,2026-06-22 23:45:00,2026-06-23 01:45:00,DK1,1013.44696,135.58,2026-08-30 08:43:34.908991
448398957154957,2026-06-22 23:15:00,2026-06-23 01:15:00,DK1,1037.9646,138.86,2026-08-30 08:43:34.908991
810260090267532,2026-06-22 22:15:00,2026-06-23 00:15:00,DK1,1110.5459,148.57,2026-08-30 08:43:34.908991
613219096783363,2026-06-22 22:00:00,2026-06-23 00:00:00,DK1,1152.1063,154.13,2026-08-30 08:43:34.908991
480806163887026,2026-06-22 20:45:00,2026-06-22 22:45:00,DK1,1147.0675,153.46,2026-08-30 08:43:34.908991
554015246233567,2026-06-22 20:15:00,2026-06-22 22:15:00,DK1,1545.8427,206.81,2026-08-30 08:43:34.908991
655056938516209,2026-06-22 18:45:00,2026-06-22 20:45:00,DK1,2285.9128,305.82,2026-08-30 08:43:34.908991
489316815782226,2026-06-22 17:30:00,2026-06-22 19:30:00,DK1,1556.9052,208.29,2026-08-30 08:43:34.908991
284590566882580,2026-06-22 15:15:00,2026-06-22 17:15:00,DK1,833.20483,111.47,2026-08-30 08:43:34.908991
643167706890831,2026-06-22 15:00:00,2026-06-22 17:00:00,DK1,691.5592,92.52,2026-08-30 08:43:34.908991
355875525373093,2026-06-22 14:30:00,2026-06-22 16:30:00,DK1,701.2016,93.81,2026-08-30 08:43:34.908991
821603526984354,2026-06-22 14:15:00,2026-06-22 16:15:00,DK1,630.3415,84.33,2026-08-30 08:43:34.908991
504410281841132,2026-06-22 13:45:00,2026-06-22 15:45:00,DK1,606.34766,81.12,2026-08-30 08:43:34.908991
320021113077977,2026-06-22 13:30:00,2026-06-22 15:30:00,DK1,489.6676,65.51,2026-08-30 08:43:34.908991
311956028170028,2026-06-22 13:00:00,2026-06-22 15:00:00,DK1,360.729,48.26,2026-08-30 08:43:34.908991
797596999412918,2026-06-22 12:15:00,2026-06-22 14:15:00,DK1,290.3921,38.85,2026-08-30 08:43:34.908991
60848354732052,2026-06-22 10:30:00,2026-06-22 12:30:00,DK1,283.29114,37.9,2026-08-30 08:43:34.908991
48112523255662,2026-06-22 10:00:00,2026-06-22 12:00:00,DK1,371.1936,49.66,2026-08-30 08:43:34.908991
550637564711426,2026-06-22 07:45:00,2026-06-22 09:45:00,DK1,683.8603,91.49,2026-08-30 08:43:34.908991
493584486223205,2026-06-22 07:15:00,2026-06-22 09:15:00,DK1,857.7218,114.75,2026-08-30 08:43:34.908991
46246035768708,2026-06-22 06:45:00,2026-06-22 08:45:00,DK1,810.108,108.38,2026-08-30 08:43:34.908991
357318591103580,2026-06-22 06:30:00,2026-06-22 08:30:00,DK1,935.98193,125.22,2026-08-30 08:43:34.908991
42170635770179,2026-06-22 06:15:00,2026-06-22 08:15:00,DK1,1002.432,134.11,2026-08-30 08:43:34.908991
586130884881254,2026-06-22 05:45:00,2026-06-22 07:45:00,DK1,1007.2158,134.75,2026-08-30 08:43:34.908991
716580033059141,2026-06-22 05:30:00,2026-06-22 07:30:00,DK1,1095.1183,146.51,2026-08-30 08:43:34.908991
967339471905235,2026-06-22 04:30:00,2026-06-22 06:30:00,DK1,1056.8478,141.39,2026-08-30 08:43:34.908991
119227320291641,2026-06-22 04:15:00,2026-06-22 06:15:00,DK1,1048.0277,140.21,2026-08-30 08:43:34.908991
651108206739021,2026-06-22 01:45:00,2026-06-22 03:45:00,DK1,862.9541,115.45,2026-08-30 08:43:34.908991
913347572999731,2026-06-21 23:45:00,2026-06-22 01:45:00,DK1,877.455,117.39,2026-08-30 08:43:34.908991
928107707694549,2026-06-21 23:00:00,2026-06-22 01:00:00,DK1,916.92145,122.67,2026-08-30 08:43:34.908991
608329957219821,2026-06-21 21:15:00,2026-06-21 23:15:00,DK1,1017.3678,136.11,2026-08-30 08:43:34.908991
330261896176443,2026-06-21 20:30:00,2026-06-21 22:30:00,DK1,1088.8997,145.68,2026-08-30 08:43:34.908991
642029454746658,2026-06-21 20:15:00,2026-06-21 22:15:00,DK1,1117.0043,149.44,2026-08-30 08:43:34.908991
129470973964125,2026-06-21 18:45:00,2026-06-21 20:45:00,DK1,1152.4337,154.18,2026-08-30 08:43:34.908991
567718489439776,2026-06-21 18:30:00,2026-06-21 20:30:00,DK1,1140.026,152.52,2026-08-30 08:43:34.908991
416117511942185,2026-06-21 17:45:00,2026-06-21 19:45:00,DK1,1068.3445,142.93,2026-08-30 08:43:34.908991
809492482110346,2026-06-21 17:30:00,2026-06-21 19:30:00,DK1,1046.0702,139.95,2026-08-30 08:43:34.908991
679831174639274,2026-06-21 17:00:00,2026-06-21 19:00:00,DK1,879.2372,117.63,2026-08-30 08:43:34.908991
843463984450206,2026-06-21 16:45:00,2026-06-21 18:45:00,DK1,992.85114,132.83,2026-08-30 08:43:34.908991
50837082180716,2026-06-21 15:30:00,2026-06-21 17:30:00,DK1,708.2183,94.75,2026-08-30 08:43:34.908991
732216091276041,2026-06-21 15:15:00,2026-06-21 17:15:00,DK1,527.7815,70.61,2026-08-30 08:43:34.908991
218091336859455,2026-06-21 14:30:00,2026-06-21 16:30:00,DK1,51.20101,6.85,2026-08-30 08:43:34.908991
60132219507472,2026-06-21 14:15:00,2026-06-21 16:15:00,DK1,15.32293,2.05,2026-08-30 08:43:34.908991
340954000112207,2026-06-21 14:00:00,2026-06-21 16:00:00,DK1,0.822206,0.11,2026-08-30 08:43:34.908991
169146298953183,2026-06-21 13:30:00,2026-06-21 15:30:00,DK1,0.0,0.0,2026-08-30 08:43:34.908991
715864787489352,2026-06-21 11:15:00,2026-06-21 13:15:00,DK1,0.0,0.0,2026-08-30 08:43:34.908991
384560627180837,2026-06-21 10:30:00,2026-06-21 12:30:00,DK1,0.149492,0.02,2026-08-30 08:43:34.908991
505146800659274,2026-06-21 09:45:00,2026-06-21 11:45:00,DK1,0.224238,0.03,2026-08-30 08:43:34.908991
369915206428433,2026-06-21 08:45:00,2026-06-21 10:45:00,DK1,0.0,0.0,2026-08-30 08:43:34.908991
89252178593307,2026-06-21 08:30:00,2026-06-21 10:30:00,DK1,0.448476,0.06,2026-08-30 08:43:34.908991
931227734115511,2026-06-21 07:30:00,2026-06-21 09:30:00,DK1,113.46443,15.18,2026-08-30 08:43:34.908991
88525631419907,2026-06-21 07:15:00,2026-06-21 09:15:00,DK1,316.5493,42.35,2026-08-30 08:43:34.908991
289501714218699,2026-06-21 06:30:00,2026-06-21 08:30:00,DK1,498.1821,66.65,2026-08-30 08:43:34.908991
914718635988493,2026-06-21 05:45:00,2026-06-21 07:45:00,DK1,641.9934,85.89,2026-08-30 08:43:34.908991
760045323250489,2026-06-21 03:15:00,2026-06-21 05:15:00,DK1,893.2147,119.5,2026-08-30 08:43:34.908991
161888173095137,2026-06-21 02:45:00,2026-06-21 04:45:00,DK1,908.0144,121.48,2026-08-30 08:43:34.908991
489912990850859,2026-06-21 01:00:00,2026-06-21 03:00:00,DK1,932.5311,124.76,2026-08-30 08:43:34.908991
190354870191099,2026-06-21 00:00:00,2026-06-21 02:00:00,DK1,963.5507,128.91,2026-08-30 08:43:34.908991
231738262770779,2026-06-20 23:30:00,2026-06-21 01:30:00,DK1,952.7125,127.46,2026-08-30 08:43:34.908991
945842256631233,2026-06-20 23:15:00,2026-06-21 01:15:00,DK1,965.1951,129.13,2026-08-30 08:43:34.908991
453138662869084,2026-06-20 22:30:00,2026-06-21 00:30:00,DK1,1003.764,134.29,2026-08-30 08:43:34.908991
981042196879133,2026-06-20 21:00:00,2026-06-20 23:00:00,DK1,1169.1022,156.41,2026-08-30 08:43:34.908991
179679914209711,2026-06-20 20:45:00,2026-06-20 22:45:00,DK1,1131.804,151.42,2026-08-30 08:43:34.908991
469222587166196,2026-06-20 19:15:00,2026-06-20 21:15:00,DK1,1374.6537,183.91,2026-08-30 08:43:34.908991
654678138020962,2026-06-20 19:00:00,2026-06-20 21:00:00,DK1,1401.4128,187.49,2026-08-30 08:43:34.908991
485277206083591,2026-06-20 18:30:00,2026-06-20 20:30:00,DK1,1371.2902,183.46,2026-08-30 08:43:34.908991
693281485972929,2026-06-20 16:00:00,2026-06-20 18:00:00,DK1,754.56085,100.95,2026-08-30 08:43:34.908991
886246496579397,2026-06-20 15:15:00,2026-06-20 17:15:00,DK1,608.5072,81.41,2026-08-30 08:43:34.908991
736472082823239,2026-06-20 15:00:00,2026-06-20 17:00:00,DK1,103.97169,13.91,2026-08-30 08:43:34.908991
791857571067777,2026-06-20 14:30:00,2026-06-20 16:30:00,DK1,120.939026,16.18,2026-08-30 08:43:34.908991
924169034477272,2026-06-20 13:15:00,2026-06-20 15:15:00,DK1,0.0,0.0,2026-08-30 08:43:34.908991
832484732631684,2026-06-20 12:15:00,2026-06-20 14:15:00,DK1,-0.074746,-0.01,2026-08-30 08:43:34.908991
913663709688286,2026-06-20 11:15:00,2026-06-20 13:15:00,DK1,-0.149492,-0.02,2026-08-30 08:43:34.908991
490877900812855,2026-06-20 10:45:00,2026-06-20 12:45:00,DK1,-0.149492,-0.02,2026-08-30 08:43:34.908991
643375147410891,2026-06-20 10:15:00,2026-06-20 12:15:00,DK1,-0.074746,-0.01,2026-08-30 08:43:34.908991
763315904970198,2026-06-20 09:45:00,2026-06-20 11:45:00,DK1,-0.074746,-0.01,2026-08-30 08:43:34.908991
24552509710023,2026-06-20 09:30:00,2026-06-20 11:30:00,DK1,0.0,0.0,2026-08-30 08:43:34.908991
454816638132566,2026-06-20 09:15:00,2026-06-20 11:15:00,DK1,0.0,0.0,2026-08-30 08:43:34.908991
217552144605060,2026-06-20 08:00:00,2026-06-20 10:00:00,DK1,88.125534,11.79,2026-08-30 08:43:34.908991
679168576591820,2026-06-20 07:15:00,2026-06-20 09:15:00,DK1,425.60373,56.94,2026-08-30 08:43:34.908991
640133863995374,2026-06-20 04:45:00,2026-06-20 06:45:00,DK1,748.1327,100.09,2026-08-30 08:43:34.908991
223680905856294,2026-06-20 02:30:00,2026-06-20 04:30:00,DK1,854.0478,114.26,2026-08-30 08:43:34.908991
360804387608139,2026-06-20 02:00:00,2026-06-20 04:00:00,DK1,851.2074,113.88,2026-08-30 08:43:34.908991
531389472962250,2026-06-19 23:45:00,2026-06-20 01:45:00,DK1,901.2873,120.58,2026-08-30 08:43:34.908991
908417553158767,2026-06-19 22:45:00,2026-06-20 00:45:00,DK1,907.4912,121.41,2026-08-30 08:43:34.908991
526210215564152,2026-06-19 20:45:00,2026-06-19 22:45:00,DK1,1090.1704,145.85,2026-08-30 08:43:34.908991
75930038111956,2026-06-19 20:30:00,2026-06-19 22:30:00,DK1,1121.788,150.08,2026-08-30 08:43:34.908991
209396106333455,2026-06-19 19:00:00,2026-06-19 21:00:00,DK1,1545.3735,206.75,2026-08-30 08:43:34.908991
101509953930207,2026-06-19 17:30:00,2026-06-19 19:30:00,DK1,1324.3496,177.18,2026-08-30 08:43:34.908991
135772701294518,2026-06-19 15:00:00,2026-06-19 17:00:00,DK1,691.4753,92.51,2026-08-30 08:43:34.908991
566371514279275,2026-06-19 14:00:00,2026-06-19 16:00:00,DK1,413.79385,55.36,2026-08-30 08:43:34.908991
58943014883988,2026-06-19 13:00:00,2026-06-19 15:00:00,DK1,140.074,18.74,2026-08-30 08:43:34.908991
663842248016707,2026-06-19 12:30:00,2026-06-19 14:30:00,DK1,122.50869,16.39,2026-08-30 08:43:34.908991
370502214408280,2026-06-19 11:45:00,2026-06-19 13:45:00,DK1,80.05296,10.71,2026-08-30 08:43:34.908991
464220750113111,2026-06-19 11:30:00,2026-06-19 13:30:00,DK1,98.51523,13.18,2026-08-30 08:43:34.908991
23431485450679,2026-06-19 11:00:00,2026-06-19 13:00:00,DK1,96.945564,12.97,2026-08-30 08:43:34.908991
849760093249759,2026-06-19 09:45:00,2026-06-19 11:45:00,DK1,82.2206,11.0,2026-08-30 08:43:34.908991
235352318357756,2026-06-19 09:30:00,2026-06-19 11:30:00,DK1,190.22858,25.45,2026-08-30 08:43:34.908991
372411628617753,2026-06-19 08:45:00,2026-06-19 10:45:00,DK1,354.52026,47.43,2026-08-30 08:43:34.908991
412056651757371,2026-06-19 07:15:00,2026-06-19 09:15:00,DK1,796.0449,106.5,2026-08-30 08:43:34.908991
540673843413024,2026-06-19 05:30:00,2026-06-19 07:30:00,DK1,921.095,123.23,2026-08-30 08:43:34.908991
271790113709343,2026-06-19 05:15:00,2026-06-19 07:15:00,DK1,1021.1051,136.61,2026-08-30 08:43:34.908991
476900880163576,2026-06-19 04:30:00,2026-06-19 06:30:00,DK1,1054.8156,141.12,2026-08-30 08:43:34.908991
773230628695868,2026-06-19 02:15:00,2026-06-19 04:15:00,DK1,880.5826,117.81,2026-08-30 08:43:34.908991
699857172912892,2026-06-19 02:00:00,2026-06-19 04:00:00,DK1,876.84534,117.31,2026-08-30 08:43:34.908991
351264383816715,2026-06-19 01:45:00,2026-06-19 03:45:00,DK1,886.7118,118.63,2026-08-30 08:43:34.908991
292629925462186,2026-06-19 01:30:00,2026-06-19 03:30:00,DK1,895.0086,119.74,2026-08-30 08:43:34.908991
583609884839639,2026-06-19 01:00:00,2026-06-19 03:00:00,DK1,908.68713,121.57,2026-08-30 08:43:34.908991
458623435777464,2026-06-19 00:00:00,2026-06-19 02:00:00,DK1,973.11816,130.19,2026-08-30 08:43:34.908991
918009725252658,2026-06-18 23:00:00,2026-06-19 01:00:00,DK1,1068.1202,142.9,2026-08-30 08:43:34.908991
704488831322013,2026-06-18 22:45:00,2026-06-19 00:45:00,DK1,1058.8518,141.66,2026-08-30 08:43:34.908991
121147225632661,2026-06-18 22:15:00,2026-06-19 00:15:00,DK1,1116.8547,149.42,2026-08-30 08:43:34.908991
255919152700694,2026-06-18 22:00:00,2026-06-19 00:00:00,DK1,1164.0194,155.73,2026-08-30 08:43:34.908991
162243164899635,2026-06-18 21:15:00,2026-06-18 23:15:00,DK1,1228.9901,164.42,2026-08-30 08:43:34.908991
999940747113434,2026-06-18 18:30:00,2026-06-18 20:30:00,DK1,3805.295,509.09,2026-08-30 08:43:34.908991
921030083396578,2026-06-18 18:15:00,2026-06-18 20:15:00,DK1,2933.222,392.42,2026-08-30 08:43:34.908991
354211604902206,2026-06-18 16:15:00,2026-06-18 18:15:00,DK1,947.8667,126.81,2026-08-30 08:43:34.908991
797386877551762,2026-06-18 15:00:00,2026-06-18 17:00:00,DK1,607.61835,81.29,2026-08-30 08:43:34.908991
713915379480454,2026-06-18 14:15:00,2026-06-18 16:15:00,DK1,577.2711,77.23,2026-08-30 08:43:34.908991
156434601739004,2026-06-18 10:30:00,2026-06-18 12:30:00,DK1,186.79276,24.99,2026-08-30 08:43:34.908991
87425346361747,2026-06-18 09:30:00,2026-06-18 11:30:00,DK1,273.42453,36.58,2026-08-30 08:43:34.908991
831080201981082,2026-06-18 09:15:00,2026-06-18 11:15:00,DK1,438.0174,58.6,2026-08-30 08:43:34.908991
771947936612713,2026-06-18 08:00:00,2026-06-18 10:00:00,DK1,764.7366,102.31,2026-08-30 08:43:34.908991
691538941083208,2026-06-18 07:45:00,2026-06-18 09:45:00,DK1,650.07465,86.97,2026-08-30 08:43:34.908991
609809458320860,2026-06-18 07:30:00,2026-06-18 09:30:00,DK1,750.53467,100.41,2026-08-30 08:43:34.908991
659602925902476,2026-06-18 07:15:00,2026-06-18 09:15:00,DK1,787.5344,105.36,2026-08-30 08:43:34.908991
710411790853531,2026-06-18 06:30:00,2026-06-18 08:30:00,DK1,878.05304,117.47,2026-08-30 08:43:34.908991
995448478152864,2026-06-18 05:45:00,2026-06-18 07:45:00,DK1,922.15375,123.37,2026-08-30 08:43:34.908991
461702520743505,2026-06-18 05:15:00,2026-06-18 07:15:00,DK1,1028.2946,137.57,2026-08-30 08:43:34.908991
634304155298961,2026-06-18 03:45:00,2026-06-18 05:45:00,DK1,981.1291,131.26,2026-08-30 08:43:34.908991
335360477502133,2026-06-18 02:45:00,2026-06-18 04:45:00,DK1,902.1963,120.7,2026-08-30 08:43:34.908991
400397876654286,2026-06-18 01:45:00,2026-06-18 03:45:00,DK1,890.461,119.13,2026-08-30 08:43:34.908991
947722879153585,2026-06-18 01:30:00,2026-06-18 03:30:00,DK1,888.8166,118.91,2026-08-30 08:43:34.908991
898169673918620,2026-06-18 01:00:00,2026-06-18 03:00:00,DK1,901.2993,120.58,2026-08-30 08:43:34.908991
141860737665253,2026-06-17 20:30:00,2026-06-17 22:30:00,DK1,1155.171,154.54,2026-08-30 08:43:34.908991
834292416865373,2026-06-17 19:15:00,2026-06-17 21:15:00,DK1,1252.1953,167.52,2026-08-30 08:43:34.908991
980954409976298,2026-06-17 19:00:00,2026-06-17 21:00:00,DK1,1281.9453,171.5,2026-08-30 08:43:34.908991
894010528729568,2026-06-17 18:15:00,2026-06-17 20:15:00,DK1,1149.6396,153.8,2026-08-30 08:43:34.908991
803130910472034,2026-06-17 17:45:00,2026-06-17 19:45:00,DK1,1165.9348,155.98,2026-08-30 08:43:34.908991
969700879510180,2026-06-17 16:15:00,2026-06-17 18:15:00,DK1,860.2862,115.09,2026-08-30 08:43:34.908991
67661876999674,2026-06-17 13:45:00,2026-06-17 15:45:00,DK1,624.5279,83.55,2026-08-30 08:43:34.908991
659502135543993,2026-06-17 12:15:00,2026-06-17 14:15:00,DK1,510.68518,68.32,2026-08-30 08:43:34.908991
808412029047998,2026-06-17 12:00:00,2026-06-17 14:00:00,DK1,490.95145,65.68,2026-08-30 08:43:34.908991
483379195451439,2026-06-17 10:45:00,2026-06-17 12:45:00,DK1,537.66956,71.93,2026-08-30 08:43:34.908991
713882685077458,2026-06-17 10:00:00,2026-06-17 12:00:00,DK1,612.7176,81.97,2026-08-30 08:43:34.908991
453372775449748,2026-06-17 09:30:00,2026-06-17 11:30:00,DK1,566.6722,75.81,2026-08-30 08:43:34.908991
251457173216790,2026-06-17 09:15:00,2026-06-17 11:15:00,DK1,623.6309,83.43,2026-08-30 08:43:34.908991
286164814167511,2026-06-17 09:00:00,2026-06-17 11:00:00,DK1,705.78,94.42,2026-08-30 08:43:34.908991
597983719606651,2026-06-17 07:00:00,2026-06-17 09:00:00,DK1,896.39,119.92,2026-08-30 08:43:34.908991
398190786105224,2026-06-17 06:30:00,2026-06-17 08:30:00,DK1,881.06647,117.87,2026-08-30 08:43:34.908991
365865541129205,2026-06-17 05:30:00,2026-06-17 07:30:00,DK1,1008.81256,134.96,2026-08-30 08:43:34.908991
57747415583318,2026-06-17 05:15:00,2026-06-17 07:15:00,DK1,1028.7705,137.63,2026-08-30 08:43:34.908991
64243394502270,2026-06-17 04:15:00,2026-06-17 06:15:00,DK1,1061.7347,142.04,2026-08-30 08:43:34.908991
294254234493874,2026-06-17 02:45:00,2026-06-17 04:45:00,DK1,962.6176,128.78,2026-08-30 08:43:34.908991
811433173890013,2026-06-17 00:00:00,2026-06-17 02:00:00,DK1,983.7716,131.61,2026-08-30 08:43:34.908991
229836664709156,2026-06-16 22:00:00,2026-06-17 00:00:00,DK1,1112.4147,148.82,2026-08-30 08:43:34.908991
779558807049518,2026-06-16 21:45:00,2026-06-16 23:45:00,DK1,1002.58154,134.13,2026-08-30 08:43:34.908991
540740689595600,2026-06-16 21:15:00,2026-06-16 23:15:00,DK1,1091.9789,146.09,2026-08-30 08:43:34.908991
340560440963515,2026-06-16 19:15:00,2026-06-16 21:15:00,DK1,1454.3524,194.57,2026-08-30 08:43:34.908991
603147207713720,2026-06-16 19:00:00,2026-06-16 21:00:00,DK1,1409.8032,188.61,2026-08-30 08:43:34.908991
684815392920501,2026-06-16 18:30:00,2026-06-16 20:30:00,DK1,1357.4802,181.61,2026-08-30 08:43:34.908991
478768609637313,2026-06-16 18:00:00,2026-06-16 20:00:00,DK1,1130.1746,151.2,2026-08-30 08:43:34.908991
943537229650543,2026-06-16 16:30:00,2026-06-16 18:30:00,DK1,960.9474,128.56,2026-08-30 08:43:34.908991
633392017504247,2026-06-16 11:45:00,2026-06-16 13:45:00,DK1,316.40405,42.33,2026-08-30 08:43:34.908991
735532093351610,2026-06-16 11:30:00,2026-06-16 13:30:00,DK1,400.19543,53.54,2026-08-30 08:43:34.908991
342790454829224,2026-06-16 10:45:00,2026-06-16 12:45:00,DK1,451.6961,60.43,2026-08-30 08:43:34.908991
771985739341643,2026-06-16 09:15:00,2026-06-16 11:15:00,DK1,676.23615,90.47,2026-08-30 08:43:34.908991
420280248080206,2026-06-16 08:30:00,2026-06-16 10:30:00,DK1,776.0234,103.82,2026-08-30 08:43:34.908991
233718881391754,2026-06-16 07:45:00,2026-06-16 09:45:00,DK1,773.33246,103.46,2026-08-30 08:43:34.908991
53450654002997,2026-06-16 07:00:00,2026-06-16 09:00:00,DK1,888.51764,118.87,2026-08-30 08:43:34.908991
797624674660688,2026-06-16 05:30:00,2026-06-16 07:30:00,DK1,982.7735,131.48,2026-08-30 08:43:34.908991
353362889300187,2026-06-16 04:00:00,2026-06-16 06:00:00,DK1,934.3375,125.0,2026-08-30 08:43:34.908991
801064923558709,2026-06-16 01:45:00,2026-06-16 03:45:00,DK1,814.51807,108.97,2026-08-30 08:43:34.908991
543280565861000,2026-06-16 00:45:00,2026-06-16 02:45:00,DK1,824.0109,110.24,2026-08-30 08:43:34.908991
571012988798581,2026-06-16 00:00:00,2026-06-16 02:00:00,DK1,869.53186,116.33,2026-08-30 08:43:34.908991
925574311232829,2026-06-15 23:45:00,2026-06-16 01:45:00,DK1,859.74,115.02,2026-08-30 08:43:34.908991
227544595718263,2026-06-15 23:15:00,2026-06-16 01:15:00,DK1,876.48334,117.26,2026-08-30 08:43:34.908991
28837880206772,2026-06-15 22:30:00,2026-06-16 00:30:00,DK1,886.72363,118.63,2026-08-30 08:43:34.908991
415477373538502,2026-06-15 20:15:00,2026-06-15 22:15:00,DK1,1165.1218,155.89,2026-08-30 08:43:34.908991
896497413038078,2026-06-15 20:00:00,2026-06-15 22:00:00,DK1,1216.0198,162.7,2026-08-30 08:43:34.908991
474313833853008,2026-06-15 19:45:00,2026-06-15 21:45:00,DK1,1140.6072,152.61,2026-08-30 08:43:34.908991
727291878074056,2026-06-15 19:30:00,2026-06-15 21:30:00,DK1,1194.9431,159.88,2026-08-30 08:43:34.908991
283683945019429,2026-06-15 18:30:00,2026-06-15 20:30:00,DK1,1150.8464,153.98,2026-08-30 08:43:34.908991
307359121232981,2026-06-15 16:45:00,2026-06-15 18:45:00,DK1,994.56525,133.07,2026-08-30 08:43:34.908991
217476502131977,2026-06-15 16:30:00,2026-06-15 18:30:00,DK1,806.8183,107.95,2026-08-30 08:43:34.908991
199935308830822,2026-06-15 16:00:00,2026-06-15 18:00:00,DK1,354.6413,47.45,2026-08-30 08:43:34.908991
604817436166546,2026-06-15 15:45:00,2026-06-15 17:45:00,DK1,633.19727,84.72,2026-08-30 08:43:34.908991
616705164977776,2026-06-15 14:45:00,2026-06-15 16:45:00,DK1,93.35026,12.49,2026-08-30 08:43:34.908991
481242074056460,2026-06-15 13:30:00,2026-06-15 15:30:00,DK1,14.948,2.0,2026-08-30 08:43:34.908991
527577644152614,2026-06-15 12:45:00,2026-06-15 14:45:00,DK1,10.4636,1.4,2026-08-30 08:43:34.908991
210872327820756,2026-06-15 10:00:00,2026-06-15 12:00:00,DK1,15.6954,2.1,2026-08-30 08:43:34.908991
973038910923317,2026-06-15 09:00:00,2026-06-15 11:00:00,DK1,59.86674,8.01,2026-08-30 08:43:34.908991
92926162808218,2026-06-15 08:00:00,2026-06-15 10:00:00,DK1,382.8183,51.22,2026-08-30 08:43:34.908991
238605014043187,2026-06-15 05:45:00,2026-06-15 07:45:00,DK1,692.7651,92.69,2026-08-30 08:43:34.908991
661183590991046,2026-06-15 05:30:00,2026-06-15 07:30:00,DK1,758.46155,101.48,2026-08-30 08:43:34.908991
257878191360584,2026-06-15 05:00:00,2026-06-15 07:00:00,DK1,806.51935,107.91,2026-08-30 08:43:34.908991
842757755020795,2026-06-15 03:45:00,2026-06-15 05:45:00,DK1,538.0532,71.99,2026-08-30 08:43:34.908991
694057627122857,2026-06-15 01:45:00,2026-06-15 03:45:00,DK1,379.75394,50.81,2026-08-30 08:43:34.908991
191203847479633,2026-06-15 00:15:00,2026-06-15 02:15:00,DK1,362.56372,48.51,2026-08-30 08:43:34.908991
494220425829349,2026-06-15 00:00:00,2026-06-15 02:00:00,DK1,364.58173,48.78,2026-08-30 08:43:34.908991
734709739868676,2026-06-14 23:15:00,2026-06-15 01:15:00,DK1,442.46082,59.2,2026-08-30 08:43:34.908991
482104451882045,2026-06-14 23:00:00,2026-06-15 01:00:00,DK1,446.27252,59.71,2026-08-30 08:43:34.908991
522177495782937,2026-06-14 22:45:00,2026-06-15 00:45:00,DK1,463.46274,62.01,2026-08-30 08:43:34.908991
178766020781188,2026-06-14 22:30:00,2026-06-15 00:30:00,DK1,482.073,64.5,2026-08-30 08:43:34.908991
990580292160861,2026-06-14 21:45:00,2026-06-14 23:45:00,DK1,456.01312,61.01,2026-08-30 08:43:34.908991
877230023980911,2026-06-14 21:30:00,2026-06-14 23:30:00,DK1,528.51483,70.71,2026-08-30 08:43:34.908991
719426788757693,2026-06-14 19:00:00,2026-06-14 21:00:00,DK1,677.85333,90.69,2026-08-30 08:43:34.908991
4105278017559,2026-06-14 18:30:00,2026-06-14 20:30:00,DK1,637.8653,85.34,2026-08-30 08:43:34.908991
996163837304401,2026-06-14 17:45:00,2026-06-14 19:45:00,DK1,750.5792,100.42,2026-08-30 08:43:34.908991
691250501221872,2026-06-14 17:30:00,2026-06-14 19:30:00,DK1,622.16907,83.24,2026-08-30 08:43:34.908991
590934889792993,2026-06-14 16:30:00,2026-06-14 18:30:00,DK1,31.691456,4.24,2026-08-30 08:43:34.908991
427099131546206,2026-06-14 15:15:00,2026-06-14 17:15:00,DK1,4.11092,0.55,2026-08-30 08:43:34.908991
755513045872844,2026-06-14 14:00:00,2026-06-14 16:00:00,DK1,-0.224232,-0.03,2026-08-30 08:43:34.908991
955725940710883,2026-06-14 12:00:00,2026-06-14 14:00:00,DK1,-7.997608,-1.07,2026-08-30 08:43:34.908991
838393487558728,2026-06-14 11:45:00,2026-06-14 13:45:00,DK1,-0.074744,-0.01,2026-08-30 08:43:34.908991
969106210493297,2026-06-14 10:45:00,2026-06-14 12:45:00,DK1,-0.149488,-0.02,2026-08-30 08:43:34.908991
452072132094364,2026-06-14 09:45:00,2026-06-14 11:45:00,DK1,0.0,0.0,2026-08-30 08:43:34.908991
355632410654537,2026-06-14 09:30:00,2026-06-14 11:30:00,DK1,0.0,0.0,2026-08-30 08:43:34.908991
348427548988551,2026-06-14 09:15:00,2026-06-14 11:15:00,DK1,0.074744,0.01,2026-08-30 08:43:34.908991
624472417769786,2026-06-14 07:30:00,2026-06-14 09:30:00,DK1,0.0,0.0,2026-08-30 08:43:34.908991
71456053478030,2026-06-14 05:15:00,2026-06-14 07:15:00,DK1,0.0,0.0,2026-08-30 08:43:34.908991
575583183293635,2026-06-14 05:00:00,2026-06-14 07:00:00,DK1,14.051872,1.88,2026-08-30 08:43:34.908991
901504723319785,2026-06-14 02:30:00,2026-06-14 04:30:00,DK1,197.77261,26.46,2026-08-30 08:43:34.908991
231869566803823,2026-06-14 01:15:00,2026-06-14 03:15:00,DK1,191.41939,25.61,2026-08-30 08:43:34.908991
991258017637795,2026-06-14 00:00:00,2026-06-14 02:00:00,DK1,331.4149,44.34,2026-08-30 08:43:34.908991
131521651623040,2026-06-13 23:15:00,2026-06-14 01:15:00,DK1,387.84662,51.89,2026-08-30 08:43:34.908991
21661985389129,2026-06-13 21:30:00,2026-06-13 23:30:00,DK1,558.1882,74.68,2026-08-30 08:43:34.908991
609717577509341,2026-06-13 20:30:00,2026-06-13 22:30:00,DK1,612.1534,81.9,2026-08-30 08:43:34.908991
912952659595538,2026-06-13 19:15:00,2026-06-13 21:15:00,DK1,585.4698,78.33,2026-08-30 08:43:34.908991
191982913912664,2026-06-13 18:45:00,2026-06-13 20:45:00,DK1,560.87897,75.04,2026-08-30 08:43:34.908991
835957364347727,2026-06-13 18:15:00,2026-06-13 20:15:00,DK1,508.5582,68.04,2026-08-30 08:43:34.908991
50467257784071,2026-06-13 18:00:00,2026-06-13 20:00:00,DK1,311.60773,41.69,2026-08-30 08:43:34.908991
897956175529598,2026-06-13 17:15:00,2026-06-13 19:15:00,DK1,106.13648,14.2,2026-08-30 08:43:34.908991
184513232301577,2026-06-13 16:15:00,2026-06-13 18:15:00,DK1,-0.448464,-0.06,2026-08-30 08:43:34.908991
96666318253329,2026-06-13 15:30:00,2026-06-13 17:30:00,DK1,-14.425592,-1.93,2026-08-30 08:43:34.908991
48122556117511,2026-06-13 15:00:00,2026-06-13 17:00:00,DK1,-43.35152,-5.8,2026-08-30 08:43:34.908991
503195005132534,2026-06-13 14:30:00,2026-06-13 16:30:00,DK1,-100.00747,-13.38,2026-08-30 08:43:34.908991
292052848224504,2026-06-13 14:15:00,2026-06-13 16:15:00,DK1,-111.144325,-14.87,2026-08-30 08:43:34.908991
94373827234306,2026-06-13 14:00:00,2026-06-13 16:00:00,DK1,-124.37401,-16.64,2026-08-30 08:43:34.908991
531534313150573,2026-06-13 13:30:00,2026-06-13 15:30:00,DK1,-214.29105,-28.67,2026-08-30 08:43:34.908991
835125486478992,2026-06-13 11:30:00,2026-06-13 13:30:00,DK1,-174.07878,-23.29,2026-08-30 08:43:34.908991
636435091767281,2026-06-13 10:15:00,2026-06-13 12:15:00,DK1,-96.34502,-12.89,2026-08-30 08:43:34.908991
404385625264467,2026-06-13 09:45:00,2026-06-13 11:45:00,DK1,-73.09963,-9.78,2026-08-30 08:43:34.908991
835240842119479,2026-06-13 07:00:00,2026-06-13 09:00:00,DK1,1.195904,0.16,2026-08-30 08:43:34.908991
481504170289495,2026-06-13 05:30:00,2026-06-13 07:30:00,DK1,52.3208,7.0,2026-08-30 08:43:34.908991
57803951125777,2026-06-13 05:00:00,2026-06-13 07:00:00,DK1,229.31459,30.68,2026-08-30 08:43:34.908991
631816156530050,2026-06-13 04:15:00,2026-06-13 06:15:00,DK1,252.85896,33.83,2026-08-30 08:43:34.908991
394075094799924,2026-06-13 02:15:00,2026-06-13 04:15:00,DK1,298.677,39.96,2026-08-30 08:43:34.908991
91125621823890,2026-06-13 01:30:00,2026-06-13 03:30:00,DK1,423.05103,56.6,2026-08-30 08:43:34.908991
831396989208448,2026-06-13 00:45:00,2026-06-13 02:45:00,DK1,449.43567,60.13,2026-08-30 08:43:34.908991
754034013323771,2026-06-12 23:45:00,2026-06-13 01:45:00,DK1,460.42303,61.6,2026-08-30 08:43:34.908991
14342021516694,2026-06-12 21:30:00,2026-06-12 23:30:00,DK1,748.18744,100.1,2026-08-30 08:43:34.908991
424486782228992,2026-06-12 20:30:00,2026-06-12 22:30:00,DK1,839.22565,112.28,2026-08-30 08:43:34.908991
645607567634679,2026-06-12 19:45:00,2026-06-12 21:45:00,DK1,808.8048,108.21,2026-08-30 08:43:34.908991
749023382843973,2026-06-12 19:15:00,2026-06-12 21:15:00,DK1,823.3052,110.15,2026-08-30 08:43:34.908991
970239520342967,2026-06-12 18:00:00,2026-06-12 20:00:00,DK1,810.6734,108.46,2026-08-30 08:43:34.908991
492844125397812,2026-06-12 16:15:00,2026-06-12 18:15:00,DK1,673.21924,90.07,2026-08-30 08:43:34.908991
970430207249731,2026-06-12 16:00:00,2026-06-12 18:00:00,DK1,597.50354,79.94,2026-08-30 08:43:34.908991
345436680010411,2026-06-12 15:45:00,2026-06-12 17:45:00,DK1,568.3534,76.04,2026-08-30 08:43:34.908991
668556829586471,2026-06-12 15:30:00,2026-06-12 17:30:00,DK1,544.0616,72.79,2026-08-30 08:43:34.908991
204108454942818,2026-06-12 12:30:00,2026-06-12 14:30:00,DK1,397.6381,53.2,2026-08-30 08:43:34.908991
311496779927402,2026-06-12 11:30:00,2026-06-12 13:30:00,DK1,511.24896,68.4,2026-08-30 08:43:34.908991
478891458834456,2026-06-12 10:30:00,2026-06-12 12:30:00,DK1,606.3981,81.13,2026-08-30 08:43:34.908991
291432612332692,2026-06-12 10:15:00,2026-06-12 12:15:00,DK1,580.83563,77.71,2026-08-30 08:43:34.908991
459777349588176,2026-06-12 07:45:00,2026-06-12 09:45:00,DK1,806.1888,107.86,2026-08-30 08:43:34.908991
357809811958532,2026-06-12 06:00:00,2026-06-12 08:00:00,DK1,989.16205,132.34,2026-08-30 08:43:34.908991
174659477736933,2026-06-12 05:45:00,2026-06-12 07:45:00,DK1,869.6464,116.35,2026-08-30 08:43:34.908991
32806844035731,2026-06-12 05:30:00,2026-06-12 07:30:00,DK1,879.7369,117.7,2026-08-30 08:43:34.908991
224671366401659,2026-06-12 05:00:00,2026-06-12 07:00:00,DK1,919.94916,123.08,2026-08-30 08:43:34.908991
996573419763007,2026-06-12 04:45:00,2026-06-12 06:45:00,DK1,880.2601,117.77,2026-08-30 08:43:34.908991
319272700123890,2026-06-12 02:45:00,2026-06-12 04:45:00,DK1,710.367,95.04,2026-08-30 08:43:34.908991
440379795737272,2026-06-12 02:30:00,2026-06-12 04:30:00,DK1,686.0752,91.79,2026-08-30 08:43:34.908991
684731970247443,2026-06-12 02:00:00,2026-06-12 04:00:00,DK1,662.5308,88.64,2026-08-30 08:43:34.908991
415993054372156,2026-06-11 23:45:00,2026-06-12 01:45:00,DK1,660.8864,88.42,2026-08-30 08:43:34.908991
390423772482037,2026-06-11 21:30:00,2026-06-11 23:30:00,DK1,854.9104,114.38,2026-08-30 08:43:34.908991
214597822140911,2026-06-11 20:45:00,2026-06-11 22:45:00,DK1,928.15857,124.18,2026-08-30 08:43:34.908991
547367474719345,2026-06-11 19:30:00,2026-06-11 21:30:00,DK1,1235.2776,165.27,2026-08-30 08:43:34.908991
548030444679017,2026-06-11 19:15:00,2026-06-11 21:15:00,DK1,1318.2423,176.37,2026-08-30 08:43:34.908991
854554670538994,2026-06-11 19:00:00,2026-06-11 21:00:00,DK1,1392.0137,186.24,2026-08-30 08:43:34.908991
657638968772297,2026-06-11 17:45:00,2026-06-11 19:45:00,DK1,1267.0433,169.52,2026-08-30 08:43:34.908991
913804212515465,2026-06-11 17:30:00,2026-06-11 19:30:00,DK1,1136.4673,152.05,2026-08-30 08:43:34.908991
258210940679507,2026-06-11 16:30:00,2026-06-11 18:30:00,DK1,996.3989,133.31,2026-08-30 08:43:34.908991
801002532105582,2026-06-11 15:45:00,2026-06-11 17:45:00,DK1,889.29224,118.98,2026-08-30 08:43:34.908991
706873005529566,2026-06-11 15:30:00,2026-06-11 17:30:00,DK1,803.6367,107.52,2026-08-30 08:43:34.908991
437563766446360,2026-06-11 14:15:00,2026-06-11 16:15:00,DK1,535.8326,71.69,2026-08-30 08:43:34.908991
850416287131161,2026-06-11 13:00:00,2026-06-11 15:00:00,DK1,354.4313,47.42,2026-08-30 08:43:34.908991
118784217445551,2026-06-11 11:00:00,2026-06-11 13:00:00,DK1,451.44772,60.4,2026-08-30 08:43:34.908991
625139837848602,2026-06-11 10:30:00,2026-06-11 12:30:00,DK1,449.42966,60.13,2026-08-30 08:43:34.908991
34988984068671,2026-06-11 09:00:00,2026-06-11 11:00:00,DK1,665.2875,89.01,2026-08-30 08:43:34.908991
318114835580581,2026-06-11 08:45:00,2026-06-11 10:45:00,DK1,612.44415,81.94,2026-08-30 08:43:34.908991
850620596192798,2026-06-11 08:15:00,2026-06-11 10:15:00,DK1,688.682,92.14,2026-08-30 08:43:34.908991
100439344481403,2026-06-11 08:00:00,2026-06-11 10:00:00,DK1,771.7215,103.25,2026-08-30 08:43:34.908991
241021277943279,2026-06-11 07:15:00,2026-06-11 09:15:00,DK1,833.235,111.48,2026-08-30 08:43:34.908991
407549944663892,2026-06-11 05:45:00,2026-06-11 07:45:00,DK1,970.8368,129.89,2026-08-30 08:43:34.908991
989399205945090,2026-06-11 05:30:00,2026-06-11 07:30:00,DK1,1033.6208,138.29,2026-08-30 08:43:34.908991
924206705813199,2026-06-11 04:45:00,2026-06-11 06:45:00,DK1,1057.9124,141.54,2026-08-30 08:43:34.908991
308707918546586,2026-06-11 04:30:00,2026-06-11 06:30:00,DK1,1063.8171,142.33,2026-08-30 08:43:34.908991
704733347151286,2026-06-11 03:45:00,2026-06-11 05:45:00,DK1,982.422,131.44,2026-08-30 08:43:34.908991
552160837315888,2026-06-11 02:15:00,2026-06-11 04:15:00,DK1,941.0892,125.91,2026-08-30 08:43:34.908991
478856682757847,2026-06-11 01:30:00,2026-06-11 03:30:00,DK1,941.83655,126.01,2026-08-30 08:43:34.908991
69597670980268,2026-06-11 00:00:00,2026-06-11 02:00:00,DK1,977.9374,130.84,2026-08-30 08:43:34.908991
512703449944110,2026-06-10 22:30:00,2026-06-11 00:30:00,DK1,1080.0364,144.5,2026-08-30 08:43:34.908991
5820893263166,2026-06-10 21:15:00,2026-06-10 23:15:00,DK1,1121.1003,149.99,2026-08-30 08:43:34.908991
427369870211813,2026-06-10 20:45:00,2026-06-10 22:45:00,DK1,1099.4242,147.09,2026-08-30 08:43:34.908991
495398114997505,2026-06-10 20:00:00,2026-06-10 22:00:00,DK1,1414.1754,189.2,2026-08-30 08:43:34.908991
554425303028341,2026-06-10 19:45:00,2026-06-10 21:45:00,DK1,1403.5616,187.78,2026-08-30 08:43:34.908991
228402300919559,2026-06-10 18:00:00,2026-06-10 20:00:00,DK1,1394.5923,186.58,2026-08-30 08:43:34.908991
3592798498365,2026-06-10 17:30:00,2026-06-10 19:30:00,DK1,1325.7521,177.37,2026-08-30 08:43:34.908991
11971802147607,2026-06-10 15:00:00,2026-06-10 17:00:00,DK1,714.63696,95.61,2026-08-30 08:43:34.908991
126974663906500,2026-06-10 13:15:00,2026-06-10 15:15:00,DK1,650.6553,87.05,2026-08-30 08:43:34.908991
573136316723940,2026-06-10 12:30:00,2026-06-10 14:30:00,DK1,590.63495,79.02,2026-08-30 08:43:34.908991
145604907397753,2026-06-10 12:15:00,2026-06-10 14:15:00,DK1,538.463,72.04,2026-08-30 08:43:34.908991
628573746790871,2026-06-10 12:00:00,2026-06-10 14:00:00,DK1,523.514,70.04,2026-08-30 08:43:34.908991
207503397471823,2026-06-10 09:00:00,2026-06-10 11:00:00,DK1,614.77765,82.25,2026-08-30 08:43:34.908991
857386415311530,2026-06-10 08:15:00,2026-06-10 10:15:00,DK1,622.4016,83.27,2026-08-30 08:43:34.908991
888316142095467,2026-06-10 05:15:00,2026-06-10 07:15:00,DK1,950.15845,127.12,2026-08-30 08:43:34.908991
255848071247619,2026-06-10 03:00:00,2026-06-10 05:00:00,DK1,782.50543,104.69,2026-08-30 08:43:34.908991
641712799985359,2026-06-10 02:00:00,2026-06-10 04:00:00,DK1,813.37506,108.82,2026-08-30 08:43:34.908991
449169000003421,2026-06-10 01:45:00,2026-06-10 03:45:00,DK1,796.2585,106.53,2026-08-30 08:43:34.908991
972973858175816,2026-06-09 23:30:00,2026-06-10 01:30:00,DK1,822.94244,110.1,2026-08-30 08:43:34.908991
293952051240866,2026-06-09 21:30:00,2026-06-09 23:30:00,DK1,967.012,129.38,2026-08-30 08:43:34.908991
329197880958748,2026-06-09 20:15:00,2026-06-09 22:15:00,DK1,1121.0553,149.99,2026-08-30 08:43:34.908991
122890921558101,2026-06-09 18:15:00,2026-06-09 20:15:00,DK1,1089.1404,145.72,2026-08-30 08:43:34.908991
924394508900984,2026-06-09 17:45:00,2026-06-09 19:45:00,DK1,1063.9524,142.35,2026-08-30 08:43:34.908991
919967445826694,2026-06-09 17:15:00,2026-06-09 19:15:00,DK1,994.517,133.06,2026-08-30 08:43:34.908991
364063108644445,2026-06-09 15:45:00,2026-06-09 17:45:00,DK1,803.8502,107.55,2026-08-30 08:43:34.908991
41862127580425,2026-06-09 14:45:00,2026-06-09 16:45:00,DK1,487.91577,65.28,2026-08-30 08:43:34.908991
413996061113150,2026-06-09 14:15:00,2026-06-09 16:15:00,DK1,97.23934,13.01,2026-08-30 08:43:34.908991
839860014177191,2026-06-09 13:15:00,2026-06-09 15:15:00,DK1,9.940686,1.33,2026-08-30 08:43:34.908991
826325832245228,2026-06-09 12:45:00,2026-06-09 14:45:00,DK1,7.698426,1.03,2026-08-30 08:43:34.908991
839692476235371,2026-06-09 10:15:00,2026-06-09 12:15:00,DK1,212.56625,28.44,2026-08-30 08:43:34.908991
936672543262043,2026-06-09 08:45:00,2026-06-09 10:45:00,DK1,482.31012,64.53,2026-08-30 08:43:34.908991
562432921719438,2026-06-09 08:15:00,2026-06-09 10:15:00,DK1,642.0338,85.9,2026-08-30 08:43:34.908991
588265510634331,2026-06-09 08:00:00,2026-06-09 10:00:00,DK1,747.49475,100.01,2026-08-30 08:43:34.908991
511175178096273,2026-06-09 04:45:00,2026-06-09 06:45:00,DK1,981.58673,131.33,2026-08-30 08:43:34.908991
978573676278850,2026-06-09 03:45:00,2026-06-09 05:45:00,DK1,899.7442,120.38,2026-08-30 08:43:34.908991
827829530410064,2026-06-09 02:15:00,2026-06-09 04:15:00,DK1,825.22644,110.41,2026-08-30 08:43:34.908991
918877293211206,2026-06-09 01:45:00,2026-06-09 03:45:00,DK1,813.193,108.8,2026-08-30 08:43:34.908991
421530843140299,2026-06-08 23:00:00,2026-06-09 01:00:00,DK1,937.1152,125.38,2026-08-30 08:43:34.908991
358939242099419,2026-06-08 22:15:00,2026-06-09 00:15:00,DK1,971.5713,129.99,2026-08-30 08:43:34.908991
273119554190835,2026-06-08 21:00:00,2026-06-08 23:00:00,DK1,1020.2757,136.51,2026-08-30 08:43:34.908991
398436485333317,2026-06-08 20:45:00,2026-06-08 22:45:00,DK1,1000.2454,133.83,2026-08-30 08:43:34.908991
363703998769104,2026-06-08 18:15:00,2026-06-08 20:15:00,DK1,1550.0328,207.39,2026-08-30 08:43:34.908991
405178607420559,2026-06-08 17:30:00,2026-06-08 19:30:00,DK1,1558.7775,208.56,2026-08-30 08:43:34.908991
123453057165667,2026-06-08 15:15:00,2026-06-08 17:15:00,DK1,894.7873,119.72,2026-08-30 08:43:34.908991
977552372961453,2026-06-08 15:00:00,2026-06-08 17:00:00,DK1,819.6736,109.67,2026-08-30 08:43:34.908991
359448064036302,2026-06-08 12:15:00,2026-06-08 14:15:00,DK1,514.0617,68.78,2026-08-30 08:43:34.908991
56577477491543,2026-06-08 09:45:00,2026-06-08 11:45:00,DK1,470.78726,62.99,2026-08-30 08:43:34.908991
241830438683338,2026-06-08 09:30:00,2026-06-08 11:30:00,DK1,530.80347,71.02,2026-08-30 08:43:34.908991
997008742918610,2026-06-08 08:45:00,2026-06-08 10:45:00,DK1,575.57275,77.01,2026-08-30 08:43:34.908991
999214491581759,2026-06-08 07:15:00,2026-06-08 09:15:00,DK1,796.42944,106.56,2026-08-30 08:43:34.908991
896888373836370,2026-06-08 06:00:00,2026-06-08 08:00:00,DK1,1083.1321,144.92,2026-08-30 08:43:34.908991
304620858603432,2026-06-08 05:00:00,2026-06-08 07:00:00,DK1,1238.7408,165.74,2026-08-30 08:43:34.908991
719249088825510,2026-06-08 03:45:00,2026-06-08 05:45:00,DK1,1104.433,147.77,2026-08-30 08:43:34.908991
255707289561890,2026-06-08 02:00:00,2026-06-08 04:00:00,DK1,965.865,129.23,2026-08-30 08:43:34.908991
271039630277193,2026-06-08 01:00:00,2026-06-08 03:00:00,DK1,963.1743,128.87,2026-08-30 08:43:34.908991
424328086460955,2026-06-08 00:15:00,2026-06-08 02:15:00,DK1,986.3438,131.97,2026-08-30 08:43:34.908991
452767850679065,2026-06-07 23:45:00,2026-06-08 01:45:00,DK1,971.1716,129.94,2026-08-30 08:43:34.908991
707169253084921,2026-06-07 22:45:00,2026-06-08 00:45:00,DK1,1002.11395,134.08,2026-08-30 08:43:34.908991
198947116236734,2026-06-07 22:15:00,2026-06-08 00:15:00,DK1,1040.3807,139.2,2026-08-30 08:43:34.908991
448886879987412,2026-06-07 22:00:00,2026-06-08 00:00:00,DK1,1136.9448,152.12,2026-08-30 08:43:34.908991
382538292156698,2026-06-07 21:45:00,2026-06-07 23:45:00,DK1,1040.7823,139.25,2026-08-30 08:43:34.908991
649347288777781,2026-06-07 21:00:00,2026-06-07 23:00:00,DK1,1111.6377,148.73,2026-08-30 08:43:34.908991
937844586253001,2026-06-07 20:45:00,2026-06-07 22:45:00,DK1,1020.97577,136.6,2026-08-30 08:43:34.908991
267911509966255,2026-06-07 20:30:00,2026-06-07 22:30:00,DK1,1037.2694,138.78,2026-08-30 08:43:34.908991
442238956389872,2026-06-07 19:45:00,2026-06-07 21:45:00,DK1,1053.4138,140.94,2026-08-30 08:43:34.908991
281297653550265,2026-06-07 19:00:00,2026-06-07 21:00:00,DK1,996.68463,133.35,2026-08-30 08:43:34.908991
489162076084159,2026-06-07 18:45:00,2026-06-07 20:45:00,DK1,1009.46545,135.06,2026-08-30 08:43:34.908991
284741034883020,2026-06-07 17:15:00,2026-06-07 19:15:00,DK1,802.9533,107.43,2026-08-30 08:43:34.908991
168687603157444,2026-06-07 16:30:00,2026-06-07 18:30:00,DK1,576.93353,77.19,2026-08-30 08:43:34.908991
824661284078506,2026-06-07 16:00:00,2026-06-07 18:00:00,DK1,1.644324,0.22,2026-08-30 08:43:34.908991
259857953646408,2026-06-07 15:45:00,2026-06-07 17:45:00,DK1,9.940686,1.33,2026-08-30 08:43:34.908991
956981836140183,2026-06-07 15:15:00,2026-06-07 17:15:00,DK1,0.0,0.0,2026-08-30 08:43:34.908991
92325424040588,2026-06-07 15:00:00,2026-06-07 17:00:00,DK1,0.0,0.0,2026-08-30 08:43:34.908991
800462683118584,2026-06-07 14:45:00,2026-06-07 16:45:00,DK1,-30.195768,-4.04,2026-08-30 08:43:34.908991
102660342029214,2026-06-07 14:00:00,2026-06-07 16:00:00,DK1,-186.855,-25.0,2026-08-30 08:43:34.908991
634245180372558,2026-06-07 10:45:00,2026-06-07 12:45:00,DK1,-25.487022,-3.41,2026-08-30 08:43:34.908991
137611589108434,2026-06-07 10:15:00,2026-06-07 12:15:00,DK1,-29.8968,-4.0,2026-08-30 08:43:34.908991
16117505821819,2026-06-07 10:00:00,2026-06-07 12:00:00,DK1,-25.337538,-3.39,2026-08-30 08:43:34.908991
324424101066014,2026-06-07 08:45:00,2026-06-07 10:45:00,DK1,-55.832275,-7.47,2026-08-30 08:43:34.908991
336159325619620,2026-06-07 08:15:00,2026-06-07 10:15:00,DK1,-37.968937,-5.08,2026-08-30 08:43:34.908991
259357419966687,2026-06-07 07:15:00,2026-06-07 09:15:00,DK1,-23.17002,-3.1,2026-08-30 08:43:34.908991
661231217732030,2026-06-07 06:30:00,2026-06-07 08:30:00,DK1,-0.822162,-0.11,2026-08-30 08:43:34.908991
173079646167322,2026-06-07 05:30:00,2026-06-07 07:30:00,DK1,0.224226,0.03,2026-08-30 08:43:34.908991
503229493076142,2026-06-07 05:15:00,2026-06-07 07:15:00,DK1,0.074742,0.01,2026-08-30 08:43:34.908991
882067772687553,2026-06-07 03:45:00,2026-06-07 05:45:00,DK1,84.308975,11.28,2026-08-30 08:43:34.908991
341035466212969,2026-06-07 03:15:00,2026-06-07 05:15:00,DK1,358.16364,47.92,2026-08-30 08:43:34.908991
617369508934990,2026-06-07 02:30:00,2026-06-07 04:30:00,DK1,487.39258,65.21,2026-08-30 08:43:34.908991
876629994649031,2026-06-07 02:00:00,2026-06-07 04:00:00,DK1,560.78925,75.03,2026-08-30 08:43:34.908991
209788251030082,2026-06-07 00:15:00,2026-06-07 02:15:00,DK1,696.8944,93.24,2026-08-30 08:43:34.908991
336298294714033,2026-06-06 20:00:00,2026-06-06 22:00:00,DK1,1098.9316,147.03,2026-08-30 08:43:34.908991
646290107760702,2026-06-06 19:45:00,2026-06-06 21:45:00,DK1,1060.888,141.94,2026-08-30 08:43:34.908991
525794984453553,2026-06-06 18:30:00,2026-06-06 20:30:00,DK1,1173.2252,156.97,2026-08-30 08:43:34.908991
687994832350652,2026-06-06 18:15:00,2026-06-06 20:15:00,DK1,1113.5062,148.98,2026-08-30 08:43:34.908991
23009584397398,2026-06-06 17:45:00,2026-06-06 19:45:00,DK1,1102.6687,147.53,2026-08-30 08:43:34.908991
229571877506624,2026-06-06 17:00:00,2026-06-06 19:00:00,DK1,918.9529,122.95,2026-08-30 08:43:34.908991
25688187079611,2026-06-06 16:45:00,2026-06-06 18:45:00,DK1,949.44763,127.03,2026-08-30 08:43:34.908991
992912850089364,2026-06-06 16:30:00,2026-06-06 18:30:00,DK1,967.3857,129.43,2026-08-30 08:43:34.908991
238727669810100,2026-06-06 15:00:00,2026-06-06 17:00:00,DK1,476.25604,63.72,2026-08-30 08:43:34.908991
312210241903897,2026-06-06 13:15:00,2026-06-06 15:15:00,DK1,189.91942,25.41,2026-08-30 08:43:34.908991
957301331920447,2026-06-06 12:45:00,2026-06-06 14:45:00,DK1,182.81892,24.46,2026-08-30 08:43:34.908991
923400556375487,2026-06-06 12:30:00,2026-06-06 14:30:00,DK1,150.00719,20.07,2026-08-30 08:43:34.908991
277286819579280,2026-06-06 09:00:00,2026-06-06 11:00:00,DK1,262.04547,35.06,2026-08-30 08:43:34.908991
63484781866095,2026-06-06 07:30:00,2026-06-06 09:30:00,DK1,389.70477,52.14,2026-08-30 08:43:34.908991
39936072524908,2026-06-06 07:15:00,2026-06-06 09:15:00,DK1,394.7125,52.81,2026-08-30 08:43:34.908991
722750496410130,2026-06-06 05:30:00,2026-06-06 07:30:00,DK1,727.7629,97.37,2026-08-30 08:43:34.908991
109299623391946,2026-06-06 05:00:00,2026-06-06 07:00:00,DK1,917.757,122.79,2026-08-30 08:43:34.908991
581903057937513,2026-06-06 04:30:00,2026-06-06 06:30:00,DK1,870.89374,116.52,2026-08-30 08:43:34.908991
55471455393689,2026-06-06 04:15:00,2026-06-06 06:15:00,DK1,906.32153,121.26,2026-08-30 08:43:34.908991
122439489441700,2026-06-06 02:15:00,2026-06-06 04:15:00,DK1,977.32635,130.76,2026-08-30 08:43:34.908991
365587867283048,2026-06-06 01:45:00,2026-06-06 03:45:00,DK1,853.3294,114.17,2026-08-30 08:43:34.908991
5199539602099,2026-06-06 00:45:00,2026-06-06 02:45:00,DK1,980.5403,131.19,2026-08-30 08:43:34.908991
595479815244366,2026-06-06 00:15:00,2026-06-06 02:15:00,DK1,1024.0402,137.01,2026-08-30 08:43:34.908991
599115207306528,2026-06-05 23:45:00,2026-06-06 01:45:00,DK1,1027.7772,137.51,2026-08-30 08:43:34.908991
201072028660233,2026-06-05 23:00:00,2026-06-06 01:00:00,DK1,1045.6405,139.9,2026-08-30 08:43:34.908991
884545408975261,2026-06-05 22:30:00,2026-06-06 00:30:00,DK1,1076.3595,144.01,2026-08-30 08:43:34.908991
947385765602359,2026-06-05 22:15:00,2026-06-06 00:15:00,DK1,1129.9495,151.18,2026-08-30 08:43:34.908991
230612159993241,2026-06-05 21:30:00,2026-06-05 23:30:00,DK1,1110.5166,148.58,2026-08-30 08:43:34.908991
769165515996249,2026-06-05 19:00:00,2026-06-05 21:00:00,DK1,1455.3762,194.72,2026-08-30 08:43:34.908991
892998182317356,2026-06-05 17:45:00,2026-06-05 19:45:00,DK1,1289.5984,172.54,2026-08-30 08:43:34.908991
676526456949240,2026-06-05 16:15:00,2026-06-05 18:15:00,DK1,901.837,120.66,2026-08-30 08:43:34.908991
110405076897933,2026-06-05 16:00:00,2026-06-05 18:00:00,DK1,751.45605,100.54,2026-08-30 08:43:34.908991
608126293376485,2026-06-05 14:45:00,2026-06-05 16:45:00,DK1,774.02814,103.56,2026-08-30 08:43:34.908991
54580243348583,2026-06-05 13:15:00,2026-06-05 15:15:00,DK1,206.28792,27.6,2026-08-30 08:43:34.908991
480859259403861,2026-06-05 10:45:00,2026-06-05 12:45:00,DK1,268.92172,35.98,2026-08-30 08:43:34.908991
419692174822918,2026-06-05 09:45:00,2026-06-05 11:45:00,DK1,442.02417,59.14,2026-08-30 08:43:34.908991
693100536510463,2026-06-05 09:15:00,2026-06-05 11:15:00,DK1,579.0263,77.47,2026-08-30 08:43:34.908991
834436940084545,2026-06-05 09:00:00,2026-06-05 11:00:00,DK1,612.21173,81.91,2026-08-30 08:43:34.908991
913594348029496,2026-06-05 08:15:00,2026-06-05 10:15:00,DK1,692.40985,92.64,2026-08-30 08:43:34.908991
959972904969343,2026-06-05 07:15:00,2026-06-05 09:15:00,DK1,825.9739,110.51,2026-08-30 08:43:34.908991
42458425927355,2026-06-05 05:45:00,2026-06-05 07:45:00,DK1,801.2342,107.2,2026-08-30 08:43:34.908991
410542826530248,2026-06-05 05:15:00,2026-06-05 07:15:00,DK1,839.1284,112.27,2026-08-30 08:43:34.908991
876945954520920,2026-06-05 05:00:00,2026-06-05 07:00:00,DK1,875.07935,117.08,2026-08-30 08:43:34.908991
344505180627161,2026-06-05 04:00:00,2026-06-05 06:00:00,DK1,775.44824,103.75,2026-08-30 08:43:34.908991
567630139502575,2026-06-05 02:30:00,2026-06-05 04:30:00,DK1,602.49524,80.61,2026-08-30 08:43:34.908991
495833629386904,2026-06-05 02:15:00,2026-06-05 04:15:00,DK1,570.2067,76.29,2026-08-30 08:43:34.908991
532625059200429,2026-06-05 02:00:00,2026-06-05 04:00:00,DK1,532.83575,71.29,2026-08-30 08:43:34.908991
435041166146533,2026-06-05 00:15:00,2026-06-05 02:15:00,DK1,588.29425,78.71,2026-08-30 08:43:34.908991
882276935086946,2026-06-05 00:00:00,2026-06-05 02:00:00,DK1,520.80225,69.68,2026-08-30 08:43:34.908991
287714061356912,2026-06-04 23:45:00,2026-06-05 01:45:00,DK1,566.0212,75.73,2026-08-30 08:43:34.908991
847471194777505,2026-06-04 23:30:00,2026-06-05 01:30:00,DK1,603.4669,80.74,2026-08-30 08:43:34.908991
110757051401498,2026-06-04 22:15:00,2026-06-05 00:15:00,DK1,603.3922,80.73,2026-08-30 08:43:34.908991
495873963689180,2026-06-04 21:00:00,2026-06-04 23:00:00,DK1,801.5332,107.24,2026-08-30 08:43:34.908991
608650207320155,2026-06-04 19:00:00,2026-06-04 21:00:00,DK1,866.40924,115.92,2026-08-30 08:43:34.908991
892789304395451,2026-08-29 21:30:00,2026-08-29 23:30:00,DK1,1080.7812,144.59,2026-08-30 08:43:34.908991
572633574748611,2026-08-29 19:00:00,2026-08-29 21:00:00,DK1,1526.8774,204.27,2026-08-30 08:43:34.908991
594904511427174,2026-08-29 16:15:00,2026-08-29 18:15:00,DK1,1108.438,148.29,2026-08-30 08:43:34.908991
299950762297290,2026-08-29 15:45:00,2026-08-29 17:45:00,DK1,1234.3137,165.13,2026-08-30 08:43:34.908991
614861926642822,2026-08-29 14:15:00,2026-08-29 16:15:00,DK1,34.01034,4.55,2026-08-30 08:43:34.908991
275094654343692,2026-08-29 13:30:00,2026-08-29 15:30:00,DK1,11.511192,1.54,2026-08-30 08:43:34.908991
827048457924853,2026-08-29 11:45:00,2026-08-29 13:45:00,DK1,0.74748,0.1,2026-08-30 08:43:34.908991
617399380091041,2026-08-29 11:00:00,2026-08-29 13:00:00,DK1,9.941484,1.33,2026-08-30 08:43:34.908991
498320370999728,2026-08-29 06:00:00,2026-08-29 08:00:00,DK1,799.4298,106.95,2026-08-30 08:43:34.908991
804546227922564,2026-08-29 05:15:00,2026-08-29 07:15:00,DK1,777.753,104.05,2026-08-30 08:43:34.908991
156489998263466,2026-08-29 05:00:00,2026-08-29 07:00:00,DK1,803.16724,107.45,2026-08-30 08:43:34.908991
453913137525069,2026-08-29 04:30:00,2026-08-29 06:30:00,DK1,729.8395,97.64,2026-08-30 08:43:34.908991
479643121205767,2026-08-29 04:00:00,2026-08-29 06:00:00,DK1,730.5122,97.73,2026-08-30 08:43:34.908991
367554408342566,2026-08-29 00:15:00,2026-08-29 02:15:00,DK1,757.7952,101.38,2026-08-30 08:43:34.908991
203280625369511,2026-08-28 23:15:00,2026-08-29 01:15:00,DK1,851.2302,113.88,2026-08-30 08:43:34.908991
482601041355589,2026-08-28 22:15:00,2026-08-29 00:15:00,DK1,1008.72424,134.95,2026-08-30 08:43:34.908991
305136882357177,2026-08-28 21:45:00,2026-08-28 23:45:00,DK1,976.5826,130.65,2026-08-30 08:43:34.908991
969190540961967,2026-08-28 20:15:00,2026-08-28 22:15:00,DK1,1210.6934,161.97,2026-08-30 08:43:34.908991
634732763622352,2026-08-28 20:00:00,2026-08-28 22:00:00,DK1,1279.6111,171.19,2026-08-30 08:43:34.908991
744186299052322,2026-08-28 17:45:00,2026-08-28 19:45:00,DK1,1449.8123,193.96,2026-08-30 08:43:34.908991
464385127130733,2026-08-28 17:15:00,2026-08-28 19:15:00,DK1,1241.7886,166.13,2026-08-30 08:43:34.908991
338140281791862,2026-08-28 15:15:00,2026-08-28 17:15:00,DK1,995.6433,133.2,2026-08-30 08:43:34.908991
586852138772640,2026-08-28 14:00:00,2026-08-28 16:00:00,DK1,815.12695,109.05,2026-08-30 08:43:34.908991
104304751859855,2026-08-28 13:30:00,2026-08-28 15:30:00,DK1,866.03033,115.86,2026-08-30 08:43:34.908991
536225798440788,2026-08-28 13:00:00,2026-08-28 15:00:00,DK1,842.85846,112.76,2026-08-30 08:43:34.908991
914970465194221,2026-08-28 12:45:00,2026-08-28 14:45:00,DK1,812.2118,108.66,2026-08-30 08:43:34.908991
919816243970013,2026-08-28 12:00:00,2026-08-28 14:00:00,DK1,786.27423,105.19,2026-08-30 08:43:34.908991
381727700504868,2026-08-28 11:45:00,2026-08-28 13:45:00,DK1,717.5808,96.0,2026-08-30 08:43:34.908991
371132381964145,2026-08-28 10:30:00,2026-08-28 12:30:00,DK1,872.53345,116.73,2026-08-30 08:43:34.908991
738777897142555,2026-08-28 08:30:00,2026-08-28 10:30:00,DK1,993.4009,132.9,2026-08-30 08:43:34.908991
49274882244638,2026-08-28 08:00:00,2026-08-28 10:00:00,DK1,1160.8364,155.3,2026-08-30 08:43:34.908991
686166463618561,2026-08-28 07:15:00,2026-08-28 09:15:00,DK1,1145.6626,153.27,2026-08-30 08:43:34.908991
105190033065292,2026-08-28 06:45:00,2026-08-28 08:45:00,DK1,1133.8524,151.69,2026-08-30 08:43:34.908991
871843811378686,2026-08-28 06:30:00,2026-08-28 08:30:00,DK1,1147.4565,153.51,2026-08-30 08:43:34.908991
794705023059150,2026-08-28 05:45:00,2026-08-28 07:45:00,DK1,1141.4768,152.71,2026-08-30 08:43:34.908991
465469136675221,2026-08-28 05:15:00,2026-08-28 07:15:00,DK1,1148.802,153.69,2026-08-30 08:43:34.908991
178393675352839,2026-08-28 05:00:00,2026-08-28 07:00:00,DK1,1142.2241,152.81,2026-08-30 08:43:34.908991
501632118821234,2026-08-28 02:45:00,2026-08-28 04:45:00,DK1,836.7291,111.94,2026-08-30 08:43:34.908991
119428315227782,2026-08-28 01:45:00,2026-08-28 03:45:00,DK1,852.1272,114.0,2026-08-30 08:43:34.908991
936178639276963,2026-08-28 00:15:00,2026-08-28 02:15:00,DK1,844.7272,113.01,2026-08-30 08:43:34.908991
93774786475104,2026-08-27 23:45:00,2026-08-28 01:45:00,DK1,828.35736,110.82,2026-08-30 08:43:34.908991
889127976179497,2026-08-27 21:00:00,2026-08-27 23:00:00,DK1,995.1069,133.13,2026-08-30 08:43:34.908991
238672760992798,2026-08-27 20:15:00,2026-08-27 22:15:00,DK1,990.4725,132.51,2026-08-30 08:43:34.908991
232849049451866,2026-08-27 18:45:00,2026-08-27 20:45:00,DK1,1127.6333,150.86,2026-08-30 08:43:34.908991
850911568804732,2026-08-27 18:15:00,2026-08-27 20:15:00,DK1,1113.9546,149.03,2026-08-30 08:43:34.908991
495463034251478,2026-08-27 18:00:00,2026-08-27 20:00:00,DK1,1041.1509,139.29,2026-08-30 08:43:34.908991
61218637508933,2026-08-27 17:45:00,2026-08-27 19:45:00,DK1,1199.764,160.51,2026-08-30 08:43:34.908991
295124273120550,2026-08-27 17:30:00,2026-08-27 19:30:00,DK1,1144.6755,153.14,2026-08-30 08:43:34.908991
242099411297097,2026-08-27 16:30:00,2026-08-27 18:30:00,DK1,1147.2917,153.49,2026-08-30 08:43:34.908991
554683157813643,2026-08-27 15:30:00,2026-08-27 17:30:00,DK1,1091.7546,146.06,2026-08-30 08:43:34.908991
280726703012781,2026-08-27 15:15:00,2026-08-27 17:15:00,DK1,954.3697,127.68,2026-08-30 08:43:34.908991
448303038047331,2026-08-27 14:00:00,2026-08-27 16:00:00,DK1,258.9236,34.64,2026-08-30 08:43:34.908991
601074480747925,2026-08-27 13:15:00,2026-08-27 15:15:00,DK1,52.77138,7.06,2026-08-30 08:43:34.908991
848633077724423,2026-08-27 13:00:00,2026-08-27 15:00:00,DK1,18.612003,2.49,2026-08-30 08:43:34.908991
700297955797610,2026-08-27 11:00:00,2026-08-27 13:00:00,DK1,12.856484,1.72,2026-08-30 08:43:34.908991
486350777043526,2026-08-27 08:45:00,2026-08-27 10:45:00,DK1,491.68576,65.78,2026-08-30 08:43:34.908991
339853696018649,2026-08-27 08:30:00,2026-08-27 10:30:00,DK1,622.6425,83.3,2026-08-30 08:43:34.908991
199245346807669,2026-08-27 06:30:00,2026-08-27 08:30:00,DK1,1154.4674,154.45,2026-08-30 08:43:34.908991
600339142707441,2026-08-27 06:15:00,2026-08-27 08:15:00,DK1,1263.0748,168.98,2026-08-30 08:43:34.908991
884569386513100,2026-08-27 05:30:00,2026-08-27 07:30:00,DK1,1304.7089,174.55,2026-08-30 08:43:34.908991
637255301185543,2026-08-27 05:00:00,2026-08-27 07:00:00,DK1,1240.8002,166.0,2026-08-30 08:43:34.908991
721205402041280,2026-08-27 04:15:00,2026-08-27 06:15:00,DK1,1172.7804,156.9,2026-08-30 08:43:34.908991
983689315834841,2026-08-27 03:15:00,2026-08-27 05:15:00,DK1,1038.1611,138.89,2026-08-30 08:43:34.908991
373093513637250,2026-08-27 02:15:00,2026-08-27 04:15:00,DK1,997.3492,133.43,2026-08-30 08:43:34.908991
488314607541191,2026-08-27 01:30:00,2026-08-27 03:30:00,DK1,997.424,133.44,2026-08-30 08:43:34.908991
484084283318593,2026-08-27 01:15:00,2026-08-27 03:15:00,DK1,995.40576,133.17,2026-08-30 08:43:34.908991
603834196505070,2026-08-27 00:00:00,2026-08-27 02:00:00,DK1,1029.6399,137.75,2026-08-30 08:43:34.908991
916014698778990,2026-08-26 23:00:00,2026-08-27 01:00:00,DK1,1110.8152,148.61,2026-08-30 08:43:34.908991
147489135171140,2026-08-26 21:45:00,2026-08-26 23:45:00,DK1,1035.9825,138.58,2026-08-30 08:43:34.908991
399408950282140,2026-08-26 21:30:00,2026-08-26 23:30:00,DK1,1112.6084,148.83,2026-08-30 08:43:34.908991
719393437993478,2026-08-26 21:15:00,2026-08-26 23:15:00,DK1,1136.9791,152.09,2026-08-30 08:43:34.908991
876205497890934,2026-08-26 21:00:00,2026-08-26 23:00:00,DK1,1203.5876,161.0,2026-08-30 08:43:34.908991
440840643483266,2026-08-26 19:30:00,2026-08-26 21:30:00,DK1,1319.9844,176.57,2026-08-30 08:43:34.908991
475473303932788,2026-08-26 19:15:00,2026-08-26 21:15:00,DK1,1345.7755,180.02,2026-08-30 08:43:34.908991
75965489478449,2026-08-26 18:30:00,2026-08-26 20:30:00,DK1,1452.1548,194.25,2026-08-30 08:43:34.908991
474364673316376,2026-08-26 16:45:00,2026-08-26 18:45:00,DK1,1614.3026,215.94,2026-08-30 08:43:34.908991
134010217098480,2026-08-26 15:30:00,2026-08-26 17:30:00,DK1,1296.735,173.46,2026-08-30 08:43:34.908991
501508768018083,2026-08-26 14:15:00,2026-08-26 16:15:00,DK1,871.7414,116.61,2026-08-30 08:43:34.908991
883845239874354,2026-08-26 14:00:00,2026-08-26 16:00:00,DK1,804.60956,107.63,2026-08-30 08:43:34.908991
536079872749196,2026-08-26 11:45:00,2026-08-26 13:45:00,DK1,577.7221,77.28,2026-08-30 08:43:34.908991
692140102710730,2026-08-26 10:30:00,2026-08-26 12:30:00,DK1,668.70135,89.45,2026-08-30 08:43:34.908991
757543294470934,2026-08-26 08:00:00,2026-08-26 10:00:00,DK1,1216.2217,162.69,2026-08-30 08:43:34.908991
363374738471172,2026-08-26 06:00:00,2026-08-26 08:00:00,DK1,1585.7455,212.12,2026-08-30 08:43:34.908991
823492663122606,2026-08-26 05:30:00,2026-08-26 07:30:00,DK1,1454.4722,194.56,2026-08-30 08:43:34.908991
82206149278066,2026-08-26 04:45:00,2026-08-26 06:45:00,DK1,1428.3073,191.06,2026-08-30 08:43:34.908991
398999314817070,2026-08-26 03:45:00,2026-08-26 05:45:00,DK1,1273.1117,170.3,2026-08-30 08:43:34.908991
540017255090347,2026-08-26 03:30:00,2026-08-26 05:30:00,DK1,1215.6982,162.62,2026-08-30 08:43:34.908991
914576883839371,2026-08-26 03:00:00,2026-08-26 05:00:00,DK1,1121.5792,150.03,2026-08-30 08:43:34.908991
538692207505748,2026-08-26 02:00:00,2026-08-26 04:00:00,DK1,1117.1686,149.44,2026-08-30 08:43:34.908991
461111438632621,2026-08-26 01:00:00,2026-08-26 03:00:00,DK1,1115.5986,149.23,2026-08-30 08:43:34.908991
695670229931346,2026-08-25 23:45:00,2026-08-26 01:45:00,DK1,1151.0336,153.97,2026-08-30 08:43:34.908991
14909268228123,2026-08-25 23:30:00,2026-08-26 01:30:00,DK1,1169.8723,156.49,2026-08-30 08:43:34.908991
310950520301306,2026-08-25 21:45:00,2026-08-25 23:45:00,DK1,1096.8507,146.73,2026-08-30 08:43:34.908991
401920109572820,2026-08-25 20:45:00,2026-08-25 22:45:00,DK1,1210.55,161.94,2026-08-30 08:43:34.908991
21786089389713,2026-08-25 20:15:00,2026-08-25 22:15:00,DK1,1286.1254,172.05,2026-08-30 08:43:34.908991
398358302839466,2026-08-25 19:15:00,2026-08-25 21:15:00,DK1,1393.4707,186.41,2026-08-30 08:43:34.908991
288614605559289,2026-08-25 17:15:00,2026-08-25 19:15:00,DK1,1538.1177,205.76,2026-08-30 08:43:34.908991
356210892233074,2026-08-25 15:30:00,2026-08-25 17:30:00,DK1,1206.8872,161.45,2026-08-30 08:43:34.908991
571394058541370,2026-08-25 14:45:00,2026-08-25 16:45:00,DK1,1020.528,136.52,2026-08-30 08:43:34.908991
525055254898893,2026-08-25 14:30:00,2026-08-25 16:30:00,DK1,882.16016,118.01,2026-08-30 08:43:34.908991
715114902422098,2026-08-25 14:00:00,2026-08-25 16:00:00,DK1,680.7756,91.07,2026-08-30 08:43:34.908991
793500975935529,2026-08-25 12:00:00,2026-08-25 14:00:00,DK1,470.86917,62.99,2026-08-30 08:43:34.908991
210319078019088,2026-08-25 10:30:00,2026-08-25 12:30:00,DK1,434.16544,58.08,2026-08-30 08:43:34.908991
100555425407984,2026-08-25 10:00:00,2026-08-25 12:00:00,DK1,510.86197,68.34,2026-08-30 08:43:34.908991
382590884517791,2026-08-25 09:45:00,2026-08-25 11:45:00,DK1,391.48145,52.37,2026-08-30 08:43:34.908991
205134607331359,2026-08-25 08:45:00,2026-08-25 10:45:00,DK1,668.51605,89.43,2026-08-30 08:43:34.908991
476308484385565,2026-08-25 08:00:00,2026-08-25 10:00:00,DK1,995.5604,133.18,2026-08-30 08:43:34.908991
574946675026655,2026-08-25 06:15:00,2026-08-25 08:15:00,DK1,1294.1987,173.13,2026-08-30 08:43:34.908991
103697136812154,2026-08-25 05:00:00,2026-08-25 07:00:00,DK1,1365.9615,182.73,2026-08-30 08:43:34.908991
362138189224570,2026-08-25 04:00:00,2026-08-25 06:00:00,DK1,1233.4246,165.0,2026-08-30 08:43:34.908991
907479171258360,2026-08-25 03:15:00,2026-08-25 05:15:00,DK1,1086.2358,145.31,2026-08-30 08:43:34.908991
692049105929347,2026-08-25 02:30:00,2026-08-25 04:30:00,DK1,1054.9891,141.13,2026-08-30 08:43:34.908991
133136386125333,2026-08-25 02:00:00,2026-08-25 04:00:00,DK1,1042.9539,139.52,2026-08-30 08:43:34.908991
83881597894642,2026-08-25 01:00:00,2026-08-25 03:00:00,DK1,1042.0568,139.4,2026-08-30 08:43:34.908991
758779904827762,2026-08-25 00:00:00,2026-08-25 02:00:00,DK1,1075.6957,143.9,2026-08-30 08:43:34.908991
571059872896860,2026-08-24 23:45:00,2026-08-25 01:45:00,DK1,1076.518,144.01,2026-08-30 08:43:34.908991
663778441700213,2026-08-24 23:15:00,2026-08-25 01:15:00,DK1,1083.3204,144.92,2026-08-30 08:43:34.908991
184384071480269,2026-08-24 22:15:00,2026-08-25 00:15:00,DK1,1151.57,154.05,2026-08-30 08:43:34.908991
839327694760950,2026-08-24 21:15:00,2026-08-24 23:15:00,DK1,1171.3674,156.69,2026-08-30 08:43:34.908991
564939229354066,2026-08-24 20:30:00,2026-08-24 22:30:00,DK1,1268.2524,169.65,2026-08-30 08:43:34.908991
134326715195485,2026-08-24 18:15:00,2026-08-24 20:15:00,DK1,1707.8984,228.46,2026-08-30 08:43:34.908991
766310725441692,2026-08-24 17:45:00,2026-08-24 19:45:00,DK1,1878.195,251.24,2026-08-30 08:43:34.908991
105725911976931,2026-08-24 13:45:00,2026-08-24 15:45:00,DK1,794.5174,106.28,2026-08-30 08:43:34.908991
376476029454215,2026-08-24 13:00:00,2026-08-24 15:00:00,DK1,471.86618,63.12,2026-08-30 08:43:34.908991
341471977462427,2026-08-24 12:45:00,2026-08-24 14:45:00,DK1,660.70233,88.38,2026-08-30 08:43:34.908991
317258960188315,2026-08-24 12:15:00,2026-08-24 14:15:00,DK1,423.27414,56.62,2026-08-30 08:43:34.908991
354227680298090,2026-08-24 11:30:00,2026-08-24 13:30:00,DK1,506.92722,67.81,2026-08-30 08:43:34.908991
387446438321138,2026-08-24 11:15:00,2026-08-24 13:15:00,DK1,442.11288,59.14,2026-08-30 08:43:34.908991
347452006868527,2026-08-24 10:30:00,2026-08-24 12:30:00,DK1,436.43137,58.38,2026-08-30 08:43:34.908991
464682795043759,2026-08-24 10:00:00,2026-08-24 12:00:00,DK1,467.1565,62.49,2026-08-30 08:43:34.908991
964695447962270,2026-08-24 09:30:00,2026-08-24 11:30:00,DK1,543.4834,72.7,2026-08-30 08:43:34.908991
780206395769846,2026-08-24 09:15:00,2026-08-24 11:15:00,DK1,602.31714,80.57,2026-08-30 08:43:34.908991
338909738394259,2026-08-24 08:15:00,2026-08-24 10:15:00,DK1,879.8151,117.69,2026-08-30 08:43:34.908991
212548330700031,2026-08-24 07:30:00,2026-08-24 09:30:00,DK1,979.242,130.99,2026-08-30 08:43:34.908991
500292580002222,2026-08-24 06:45:00,2026-08-24 08:45:00,DK1,1152.0054,154.1,2026-08-30 08:43:34.908991
762528492147815,2026-08-24 06:30:00,2026-08-24 08:30:00,DK1,1282.606,171.57,2026-08-30 08:43:34.908991
450481518932361,2026-08-24 06:15:00,2026-08-24 08:15:00,DK1,1355.195,181.28,2026-08-30 08:43:34.908991
50109293891299,2026-08-24 05:15:00,2026-08-24 07:15:00,DK1,1666.0345,222.86,2026-08-30 08:43:34.908991
23528147971390,2026-08-24 05:00:00,2026-08-24 07:00:00,DK1,1761.8729,235.68,2026-08-30 08:43:34.908991
975838970070253,2026-08-24 03:30:00,2026-08-24 05:30:00,DK1,1328.4319,177.7,2026-08-30 08:43:34.908991
538423726150068,2026-08-23 21:00:00,2026-08-23 23:00:00,DK1,1268.2694,169.65,2026-08-30 08:43:34.908991
699437325284414,2026-08-23 20:30:00,2026-08-23 22:30:00,DK1,1299.8173,173.87,2026-08-30 08:43:34.908991
41114468470148,2026-08-23 19:45:00,2026-08-23 21:45:00,DK1,1331.2905,178.08,2026-08-30 08:43:34.908991
970671037888051,2026-08-23 18:15:00,2026-08-23 20:15:00,DK1,1391.7697,186.17,2026-08-30 08:43:34.908991
150364080814595,2026-08-23 17:45:00,2026-08-23 19:45:00,DK1,1403.3572,187.72,2026-08-30 08:43:34.908991
290992720846400,2026-08-23 16:45:00,2026-08-23 18:45:00,DK1,1358.8762,181.77,2026-08-30 08:43:34.908991
736927306891913,2026-08-23 15:00:00,2026-08-23 17:00:00,DK1,7.625316,1.02,2026-08-30 08:43:34.908991
239303790528548,2026-08-23 14:30:00,2026-08-23 16:30:00,DK1,2.61653,0.35,2026-08-30 08:43:34.908991
197649299964292,2026-08-23 14:00:00,2026-08-23 16:00:00,DK1,-0.224274,-0.03,2026-08-30 08:43:34.908991
181765218510196,2026-08-23 13:30:00,2026-08-23 15:30:00,DK1,0.0,0.0,2026-08-30 08:43:34.908991
150605727300784,2026-08-23 12:45:00,2026-08-23 14:45:00,DK1,9.868056,1.32,2026-08-30 08:43:34.908991
845064564848758,2026-08-23 12:00:00,2026-08-23 14:00:00,DK1,3.7379,0.5,2026-08-30 08:43:34.908991
473605127266248,2026-08-23 11:45:00,2026-08-23 13:45:00,DK1,10.914668,1.46,2026-08-30 08:43:34.908991
232380634849004,2026-08-23 11:00:00,2026-08-23 13:00:00,DK1,11.737006,1.57,2026-08-30 08:43:34.908991
549906910120069,2026-08-23 10:45:00,2026-08-23 12:45:00,DK1,11.512732,1.54,2026-08-30 08:43:34.908991
427535529402097,2026-08-23 10:00:00,2026-08-23 12:00:00,DK1,13.08265,1.75,2026-08-30 08:43:34.908991
72226371794110,2026-08-23 09:00:00,2026-08-23 11:00:00,DK1,0.74758,0.1,2026-08-30 08:43:34.908991
259624493556639,2026-08-23 07:15:00,2026-08-23 09:15:00,DK1,3.7379,0.5,2026-08-30 08:43:34.908991
189546644792906,2026-08-23 07:00:00,2026-08-23 09:00:00,DK1,32.744003,4.38,2026-08-30 08:43:34.908991
131005054970812,2026-08-23 06:15:00,2026-08-23 08:15:00,DK1,531.97797,71.16,2026-08-30 08:43:34.908991
256491316343504,2026-08-23 04:30:00,2026-08-23 06:30:00,DK1,868.53845,116.18,2026-08-30 08:43:34.908991
986848019198462,2026-08-23 04:15:00,2026-08-23 06:15:00,DK1,872.27637,116.68,2026-08-30 08:43:34.908991
117932170054478,2026-08-23 03:45:00,2026-08-23 05:45:00,DK1,873.17346,116.8,2026-08-30 08:43:34.908991
593485553061589,2026-08-23 02:45:00,2026-08-23 04:45:00,DK1,847.3071,113.34,2026-08-30 08:43:34.908991
416946288819738,2026-08-23 01:45:00,2026-08-23 03:45:00,DK1,852.68976,114.06,2026-08-30 08:43:34.908991
958731571548821,2026-08-23 01:30:00,2026-08-23 03:30:00,DK1,858.9694,114.9,2026-08-30 08:43:34.908991
67870591348340,2026-08-23 01:00:00,2026-08-23 03:00:00,DK1,872.87445,116.76,2026-08-30 08:43:34.908991
482380197499851,2026-08-22 23:15:00,2026-08-23 01:15:00,DK1,935.2226,125.1,2026-08-30 08:43:34.908991
569085419159505,2026-08-22 23:00:00,2026-08-23 01:00:00,DK1,953.3888,127.53,2026-08-30 08:43:34.908991
443036638302931,2026-08-22 22:30:00,2026-08-23 00:30:00,DK1,952.4917,127.41,2026-08-30 08:43:34.908991
405274117359848,2026-08-22 21:15:00,2026-08-22 23:15:00,DK1,926.77496,123.97,2026-08-30 08:43:34.908991
872103725497314,2026-08-22 21:00:00,2026-08-22 23:00:00,DK1,956.9024,128.0,2026-08-30 08:43:34.908991
288397772091144,2026-08-22 20:15:00,2026-08-22 22:15:00,DK1,922.5885,123.41,2026-08-30 08:43:34.908991
328180766736665,2026-08-22 19:45:00,2026-08-22 21:45:00,DK1,937.39056,125.39,2026-08-30 08:43:34.908991
796177998442271,2026-08-22 18:30:00,2026-08-22 20:30:00,DK1,1028.8944,137.63,2026-08-30 08:43:34.908991
985353812451283,2026-08-22 18:00:00,2026-08-22 20:00:00,DK1,1024.1846,137.0,2026-08-30 08:43:34.908991
527565984010627,2026-08-22 17:15:00,2026-08-22 19:15:00,DK1,1042.276,139.42,2026-08-30 08:43:34.908991
35182652350548,2026-08-22 14:45:00,2026-08-22 16:45:00,DK1,25.492477,3.41,2026-08-30 08:43:34.908991
917538355170297,2026-08-22 14:15:00,2026-08-22 16:15:00,DK1,5.756366,0.77,2026-08-30 08:43:34.908991
770807392328080,2026-08-22 13:30:00,2026-08-22 15:30:00,DK1,9.942814,1.33,2026-08-30 08:43:34.908991
786825370427573,2026-08-22 13:00:00,2026-08-22 15:00:00,DK1,6.877736,0.92,2026-08-30 08:43:34.908991
976868789379925,2026-08-22 12:00:00,2026-08-22 14:00:00,DK1,9.942814,1.33,2026-08-30 08:43:34.908991
403415314430966,2026-08-22 11:30:00,2026-08-22 13:30:00,DK1,10.017572,1.34,2026-08-30 08:43:34.908991
876935700576153,2026-08-22 10:45:00,2026-08-22 12:45:00,DK1,7.4758,1.0,2026-08-30 08:43:34.908991
159289271650710,2026-08-22 10:15:00,2026-08-22 12:15:00,DK1,7.176768,0.96,2026-08-30 08:43:34.908991
447688648723670,2026-08-22 09:45:00,2026-08-22 11:45:00,DK1,46.275204,6.19,2026-08-30 08:43:34.908991
363074585916936,2026-08-22 09:30:00,2026-08-22 11:30:00,DK1,73.03857,9.77,2026-08-30 08:43:34.908991
404742557117753,2026-08-22 09:15:00,2026-08-22 11:15:00,DK1,147.12375,19.68,2026-08-30 08:43:34.908991
408882640523693,2026-08-22 07:45:00,2026-08-22 09:45:00,DK1,496.31836,66.39,2026-08-30 08:43:34.908991
107213870029307,2026-08-22 06:30:00,2026-08-22 08:30:00,DK1,930.8119,124.51,2026-08-30 08:43:34.908991
662431775582923,2026-08-22 05:30:00,2026-08-22 07:30:00,DK1,1041.3789,139.3,2026-08-30 08:43:34.908991
327908248529788,2026-08-22 05:00:00,2026-08-22 07:00:00,DK1,1149.3296,153.74,2026-08-30 08:43:34.908991
758620152698420,2026-08-22 03:15:00,2026-08-22 05:15:00,DK1,1067.0957,142.74,2026-08-30 08:43:34.908991
978751288147104,2026-08-22 02:15:00,2026-08-22 04:15:00,DK1,1116.9594,149.41,2026-08-30 08:43:34.908991
337270279963806,2026-08-22 00:45:00,2026-08-22 02:45:00,DK1,1181.6997,158.07,2026-08-30 08:43:34.908991
621079813085077,2026-08-21 22:30:00,2026-08-22 00:30:00,DK1,1240.4595,165.93,2026-08-30 08:43:34.908991
976402684872047,2026-08-21 20:30:00,2026-08-21 22:30:00,DK1,1415.0941,189.29,2026-08-30 08:43:34.908991
325216165240293,2026-08-21 20:00:00,2026-08-21 22:00:00,DK1,1440.8857,192.74,2026-08-30 08:43:34.908991
913486900073132,2026-08-21 19:45:00,2026-08-21 21:45:00,DK1,1417.1875,189.57,2026-08-30 08:43:34.908991
841931202919755,2026-08-21 19:30:00,2026-08-21 21:30:00,DK1,1464.9578,195.96,2026-08-30 08:43:34.908991
830493572197638,2026-08-21 18:30:00,2026-08-21 20:30:00,DK1,1502.4115,200.97,2026-08-30 08:43:34.908991
597220374295595,2026-08-21 17:00:00,2026-08-21 19:00:00,DK1,1525.2128,204.02,2026-08-30 08:43:34.908991
14262198565367,2026-08-21 16:30:00,2026-08-21 18:30:00,DK1,1449.2585,193.86,2026-08-30 08:43:34.908991
745104308047894,2026-08-21 14:30:00,2026-08-21 16:30:00,DK1,1185.8862,158.63,2026-08-30 08:43:34.908991
810549739497941,2026-08-21 13:15:00,2026-08-21 15:15:00,DK1,1058.7976,141.63,2026-08-30 08:43:34.908991
57938279936683,2026-08-21 12:45:00,2026-08-21 14:45:00,DK1,1061.9374,142.05,2026-08-30 08:43:34.908991
341849062900713,2026-08-21 10:00:00,2026-08-21 12:00:00,DK1,998.6921,133.59,2026-08-30 08:43:34.908991
207597156643958,2026-08-21 09:00:00,2026-08-21 11:00:00,DK1,1042.7994,139.49,2026-08-30 08:43:34.908991
180604691347300,2026-08-21 08:30:00,2026-08-21 10:30:00,DK1,1065.9742,142.59,2026-08-30 08:43:34.908991
142009684059260,2026-08-21 08:15:00,2026-08-21 10:15:00,DK1,1156.4315,154.69,2026-08-30 08:43:34.908991
318414154500469,2026-08-21 07:30:00,2026-08-21 09:30:00,DK1,1182.9706,158.24,2026-08-30 08:43:34.908991
565624707583967,2026-08-21 05:00:00,2026-08-21 07:00:00,DK1,1447.1654,193.58,2026-08-30 08:43:34.908991
338616142105600,2026-08-21 04:00:00,2026-08-21 06:00:00,DK1,1355.213,181.28,2026-08-30 08:43:34.908991
763625966656494,2026-08-21 03:45:00,2026-08-21 05:45:00,DK1,1379.7336,184.56,2026-08-30 08:43:34.908991
588231720970426,2026-08-21 01:15:00,2026-08-21 03:15:00,DK1,1129.6681,151.11,2026-08-30 08:43:34.908991
718447051207972,2026-08-21 01:00:00,2026-08-21 03:00:00,DK1,1140.9565,152.62,2026-08-30 08:43:34.908991
270653287135295,2026-08-21 00:45:00,2026-08-21 02:45:00,DK1,1129.1448,151.04,2026-08-30 08:43:34.908991
210531959036794,2026-08-21 00:00:00,2026-08-21 02:00:00,DK1,1158.3004,154.94,2026-08-30 08:43:34.908991
889368020553620,2026-08-20 23:45:00,2026-08-21 01:45:00,DK1,1154.1887,154.39,2026-08-30 08:43:34.908991
852262626759501,2026-08-20 20:30:00,2026-08-20 22:30:00,DK1,1405.3757,187.99,2026-08-30 08:43:34.908991
210416793941100,2026-08-20 19:30:00,2026-08-20 21:30:00,DK1,1457.8557,195.01,2026-08-30 08:43:34.908991
210852733613016,2026-08-20 19:15:00,2026-08-20 21:15:00,DK1,1477.7413,197.67,2026-08-30 08:43:34.908991
271337430349538,2026-08-20 16:45:00,2026-08-20 18:45:00,DK1,1358.0538,181.66,2026-08-30 08:43:34.908991
164687876327304,2026-08-20 16:15:00,2026-08-20 18:15:00,DK1,1173.1025,156.92,2026-08-30 08:43:34.908991
502358467950449,2026-08-20 15:30:00,2026-08-20 17:30:00,DK1,1126.2292,150.65,2026-08-30 08:43:34.908991
890779250253119,2026-08-20 15:00:00,2026-08-20 17:00:00,DK1,957.35095,128.06,2026-08-30 08:43:34.908991
909092608752148,2026-08-20 14:45:00,2026-08-20 16:45:00,DK1,1188.8018,159.02,2026-08-30 08:43:34.908991
863279801595851,2026-08-20 14:15:00,2026-08-20 16:15:00,DK1,852.68976,114.06,2026-08-30 08:43:34.908991
209727273842327,2026-08-20 13:15:00,2026-08-20 15:15:00,DK1,658.3189,88.06,2026-08-30 08:43:34.908991
548524560779405,2026-08-20 12:45:00,2026-08-20 14:45:00,DK1,756.9995,101.26,2026-08-30 08:43:34.908991
505436366477788,2026-08-20 12:15:00,2026-08-20 14:15:00,DK1,570.3288,76.29,2026-08-30 08:43:34.908991
181782405928399,2026-08-20 10:30:00,2026-08-20 12:30:00,DK1,673.1958,90.05,2026-08-30 08:43:34.908991
618662051990446,2026-08-20 09:30:00,2026-08-20 11:30:00,DK1,774.8667,103.65,2026-08-30 08:43:34.908991
531933791934763,2026-08-20 09:15:00,2026-08-20 11:15:00,DK1,844.0926,112.91,2026-08-30 08:43:34.908991
705633164363826,2026-08-20 09:00:00,2026-08-20 11:00:00,DK1,994.13184,132.98,2026-08-30 08:43:34.908991
662129882986984,2026-08-20 08:00:00,2026-08-20 10:00:00,DK1,1157.9266,154.89,2026-08-30 08:43:34.908991
909801652666415,2026-08-20 07:15:00,2026-08-20 09:15:00,DK1,1234.3293,165.11,2026-08-30 08:43:34.908991
772310292966437,2026-08-20 06:00:00,2026-08-20 08:00:00,DK1,1412.6272,188.96,2026-08-30 08:43:34.908991
488411418134294,2026-08-20 05:15:00,2026-08-20 07:15:00,DK1,1410.2349,188.64,2026-08-30 08:43:34.908991
373601038464018,2026-08-20 04:00:00,2026-08-20 06:00:00,DK1,1277.8385,170.93,2026-08-30 08:43:34.908991
36438009967537,2026-08-20 00:45:00,2026-08-20 02:45:00,DK1,1117.8563,149.53,2026-08-30 08:43:34.908991
334813182380154,2026-08-19 23:15:00,2026-08-20 01:15:00,DK1,1217.8826,162.91,2026-08-30 08:43:34.908991
347751426512279,2026-08-19 22:30:00,2026-08-20 00:30:00,DK1,1260.5693,168.62,2026-08-30 08:43:34.908991
625322272745801,2026-08-19 22:15:00,2026-08-20 00:15:00,DK1,1332.4117,178.23,2026-08-30 08:43:34.908991
624454948917458,2026-08-19 22:00:00,2026-08-20 00:00:00,DK1,1383.023,185.0,2026-08-30 08:43:34.908991
231218823587886,2026-08-19 21:15:00,2026-08-19 23:15:00,DK1,1421.1686,190.1,2026-08-30 08:43:34.908991
550282244382907,2026-08-19 20:15:00,2026-08-19 22:15:00,DK1,1504.0015,201.18,2026-08-30 08:43:34.908991
597995889165198,2026-08-19 19:00:00,2026-08-19 21:00:00,DK1,1591.3201,212.86,2026-08-30 08:43:34.908991
405037282016569,2026-08-19 16:15:00,2026-08-19 18:15:00,DK1,1344.9893,179.91,2026-08-30 08:43:34.908991
223516978722406,2026-08-19 16:00:00,2026-08-19 18:00:00,DK1,1231.2808,164.7,2026-08-30 08:43:34.908991
436500827141630,2026-08-19 15:45:00,2026-08-19 17:45:00,DK1,1299.1619,173.78,2026-08-30 08:43:34.908991
238288024969102,2026-08-19 15:30:00,2026-08-19 17:30:00,DK1,1174.763,157.14,2026-08-30 08:43:34.908991
185344546790458,2026-08-19 13:30:00,2026-08-19 15:30:00,DK1,994.4443,133.02,2026-08-30 08:43:34.908991
845307299968647,2026-08-19 13:00:00,2026-08-19 15:00:00,DK1,939.7954,125.71,2026-08-30 08:43:34.908991
135828179987290,2026-08-19 12:00:00,2026-08-19 14:00:00,DK1,958.7095,128.24,2026-08-30 08:43:34.908991
485218160276607,2026-08-19 11:00:00,2026-08-19 13:00:00,DK1,995.78986,133.2,2026-08-30 08:43:34.908991
466538563257269,2026-08-19 09:45:00,2026-08-19 11:45:00,DK1,1031.6742,138.0,2026-08-30 08:43:34.908991
457720561803883,2026-08-19 09:15:00,2026-08-19 11:15:00,DK1,1091.631,146.02,2026-08-30 08:43:34.908991
740148106377941,2026-08-19 08:30:00,2026-08-19 10:30:00,DK1,1094.696,146.43,2026-08-30 08:43:34.908991
712178118159516,2026-08-19 06:15:00,2026-08-19 08:15:00,DK1,1451.2965,194.13,2026-08-30 08:43:34.908991
43274179490013,2026-08-19 05:15:00,2026-08-19 07:15:00,DK1,1441.7274,192.85,2026-08-30 08:43:34.908991
225085494809670,2026-08-19 04:00:00,2026-08-19 06:00:00,DK1,1293.1812,172.98,2026-08-30 08:43:34.908991
828017304923546,2026-08-19 03:30:00,2026-08-19 05:30:00,DK1,1205.8627,161.3,2026-08-30 08:43:34.908991
427824951603654,2026-08-19 03:00:00,2026-08-19 05:00:00,DK1,1158.9888,155.03,2026-08-30 08:43:34.908991
575982309207133,2026-08-19 02:45:00,2026-08-19 04:45:00,DK1,1114.5819,149.09,2026-08-30 08:43:34.908991
352016181283081,2026-08-19 00:00:00,2026-08-19 02:00:00,DK1,1172.8192,156.88,2026-08-30 08:43:34.908991
499955864984885,2026-08-18 22:30:00,2026-08-19 00:30:00,DK1,1303.4979,174.36,2026-08-30 08:43:34.908991
841464594651331,2026-08-18 22:00:00,2026-08-19 00:00:00,DK1,1435.3728,192.0,2026-08-30 08:43:34.908991
162038407433028,2026-08-18 21:30:00,2026-08-18 23:30:00,DK1,1302.6755,174.25,2026-08-30 08:43:34.908991
112176172529800,2026-08-18 21:00:00,2026-08-18 23:00:00,DK1,1431.7844,191.52,2026-08-30 08:43:34.908991
871829000948554,2026-08-18 20:15:00,2026-08-18 22:15:00,DK1,1457.8005,195.0,2026-08-30 08:43:34.908991
262176413951277,2026-08-18 20:00:00,2026-08-18 22:00:00,DK1,1496.8994,200.23,2026-08-30 08:43:34.908991
852112819857135,2026-08-18 19:30:00,2026-08-18 21:30:00,DK1,1465.5006,196.03,2026-08-30 08:43:34.908991
990002318905949,2026-08-18 18:00:00,2026-08-18 20:00:00,DK1,1487.3303,198.95,2026-08-30 08:43:34.908991
848568154282052,2026-08-18 14:30:00,2026-08-18 16:30:00,DK1,1044.5327,139.72,2026-08-30 08:43:34.908991
2061379814676,2026-08-18 12:30:00,2026-08-18 14:30:00,DK1,984.7255,131.72,2026-08-30 08:43:34.908991
619459494583442,2026-08-18 12:15:00,2026-08-18 14:15:00,DK1,971.867,130.0,2026-08-30 08:43:34.908991
451031737653768,2026-08-18 08:45:00,2026-08-18 10:45:00,DK1,1088.1173,145.55,2026-08-30 08:43:34.908991
687869238895516,2026-08-18 08:15:00,2026-08-18 10:15:00,DK1,1159.213,155.06,2026-08-30 08:43:34.908991
622729473607518,2026-08-18 07:15:00,2026-08-18 09:15:00,DK1,1255.7269,167.97,2026-08-30 08:43:34.908991
812248291220675,2026-08-18 04:15:00,2026-08-18 06:15:00,DK1,1403.2264,187.7,2026-08-30 08:43:34.908991
35648308453754,2026-08-18 04:00:00,2026-08-18 06:00:00,DK1,1288.7704,172.39,2026-08-30 08:43:34.908991
191253642465497,2026-08-18 02:30:00,2026-08-18 04:30:00,DK1,1116.1519,149.3,2026-08-30 08:43:34.908991
593485566442446,2026-08-18 01:30:00,2026-08-18 03:30:00,DK1,1107.7788,148.18,2026-08-30 08:43:34.908991
535050972108991,2026-08-18 00:00:00,2026-08-18 02:00:00,DK1,1140.4486,152.55,2026-08-30 08:43:34.908991
663301502011952,2026-08-17 22:45:00,2026-08-18 00:45:00,DK1,1185.3787,158.56,2026-08-30 08:43:34.908991
229108642320223,2026-08-17 22:00:00,2026-08-18 00:00:00,DK1,1404.9458,187.93,2026-08-30 08:43:34.908991
108991412504762,2026-08-17 19:15:00,2026-08-17 21:15:00,DK1,1598.7745,213.86,2026-08-30 08:43:34.908991
859334112928704,2026-08-17 16:45:00,2026-08-17 18:45:00,DK1,1466.6772,196.19,2026-08-30 08:43:34.908991
322015473748199,2026-08-17 16:15:00,2026-08-17 18:15:00,DK1,1287.258,172.19,2026-08-30 08:43:34.908991
447869285065955,2026-08-17 14:15:00,2026-08-17 16:15:00,DK1,1038.0149,138.85,2026-08-30 08:43:34.908991
938637044907397,2026-08-17 14:00:00,2026-08-17 16:00:00,DK1,1005.71936,134.53,2026-08-30 08:43:34.908991
904462996326650,2026-08-17 13:45:00,2026-08-17 15:45:00,DK1,1034.4264,138.37,2026-08-30 08:43:34.908991
699425471605261,2026-08-17 13:15:00,2026-08-17 15:15:00,DK1,1021.8671,136.69,2026-08-30 08:43:34.908991
688711064314,2026-08-17 11:00:00,2026-08-17 13:00:00,DK1,1183.793,158.35,2026-08-30 08:43:34.908991
169547886053772,2026-08-17 10:45:00,2026-08-17 12:45:00,DK1,1094.6814,146.43,2026-08-30 08:43:34.908991
540978613767894,2026-08-17 10:15:00,2026-08-17 12:15:00,DK1,1166.7482,156.07,2026-08-30 08:43:34.908991
889287819888958,2026-08-17 10:00:00,2026-08-17 12:00:00,DK1,1187.0823,158.79,2026-08-30 08:43:34.908991
854525063831207,2026-08-17 08:00:00,2026-08-17 10:00:00,DK1,1421.4486,190.14,2026-08-30 08:43:34.908991
372609885275803,2026-08-17 07:00:00,2026-08-17 09:00:00,DK1,1588.458,212.48,2026-08-30 08:43:34.908991
400942951743950,2026-08-17 06:15:00,2026-08-17 08:15:00,DK1,1558.4053,208.46,2026-08-30 08:43:34.908991
922737370080694,2026-08-17 04:30:00,2026-08-17 06:30:00,DK1,1483.9463,198.5,2026-08-30 08:43:34.908991
145151212499490,2026-08-17 04:15:00,2026-08-17 06:15:00,DK1,1476.4705,197.5,2026-08-30 08:43:34.908991
100293201498367,2026-08-17 03:30:00,2026-08-17 05:30:00,DK1,1328.4496,177.7,2026-08-30 08:43:34.908991
605468511355952,2026-08-17 01:15:00,2026-08-17 03:15:00,DK1,1201.5106,160.72,2026-08-30 08:43:34.908991
786026657568697,2026-08-17 00:45:00,2026-08-17 02:45:00,DK1,1186.0356,158.65,2026-08-30 08:43:34.908991
841624275713673,2026-08-17 00:15:00,2026-08-17 02:15:00,DK1,1229.0963,164.41,2026-08-30 08:43:34.908991
22743706709839,2026-08-16 23:15:00,2026-08-17 01:15:00,DK1,1357.1567,181.54,2026-08-30 08:43:34.908991
276759605517486,2026-08-16 22:30:00,2026-08-17 00:30:00,DK1,1410.6835,188.7,2026-08-30 08:43:34.908991
978611983468974,2026-08-16 21:30:00,2026-08-16 23:30:00,DK1,1407.4501,188.27,2026-08-30 08:43:34.908991
549397836995271,2026-08-16 21:15:00,2026-08-16 23:15:00,DK1,1450.2858,194.0,2026-08-30 08:43:34.908991
470657091264988,2026-08-16 21:00:00,2026-08-16 23:00:00,DK1,1521.6787,203.55,2026-08-30 08:43:34.908991
410480880719389,2026-08-16 20:00:00,2026-08-16 22:00:00,DK1,1607.5745,215.04,2026-08-30 08:43:34.908991
12874464620904,2026-08-16 19:30:00,2026-08-16 21:30:00,DK1,1517.4924,202.99,2026-08-30 08:43:34.908991
543087519100207,2026-08-16 17:15:00,2026-08-16 19:15:00,DK1,1357.5872,181.6,2026-08-30 08:43:34.908991
586520366253252,2026-08-16 12:15:00,2026-08-16 14:15:00,DK1,224.19624,29.99,2026-08-30 08:43:34.908991
353816489402865,2026-08-16 10:15:00,2026-08-16 12:15:00,DK1,412.80817,55.22,2026-08-30 08:43:34.908991
271832949209232,2026-08-16 08:00:00,2026-08-16 10:00:00,DK1,860.9017,115.16,2026-08-30 08:43:34.908991
81849697356269,2026-08-16 07:30:00,2026-08-16 09:30:00,DK1,862.1725,115.33,2026-08-30 08:43:34.908991
467281646280527,2026-08-16 06:30:00,2026-08-16 08:30:00,DK1,1049.6631,140.41,2026-08-30 08:43:34.908991
305631552977119,2026-08-16 06:15:00,2026-08-16 08:15:00,DK1,1154.9956,154.5,2026-08-30 08:43:34.908991
346301009544042,2026-08-16 06:00:00,2026-08-16 08:00:00,DK1,1274.233,170.45,2026-08-30 08:43:34.908991
396568081801180,2026-08-16 05:45:00,2026-08-16 07:45:00,DK1,1043.234,139.55,2026-08-30 08:43:34.908991
126612747614420,2026-08-16 05:30:00,2026-08-16 07:30:00,DK1,1101.3949,147.33,2026-08-30 08:43:34.908991
800237739991689,2026-08-16 00:45:00,2026-08-16 02:45:00,DK1,1180.5625,157.92,2026-08-30 08:43:34.908991
376545477409760,2026-08-16 00:15:00,2026-08-16 02:15:00,DK1,1289.0349,172.43,2026-08-30 08:43:34.908991
234255717740545,2026-08-15 23:45:00,2026-08-16 01:45:00,DK1,1174.7314,157.14,2026-08-30 08:43:34.908991
117685038474107,2026-08-15 22:15:00,2026-08-16 00:15:00,DK1,1310.1912,175.26,2026-08-30 08:43:34.908991
794290554960596,2026-08-15 21:30:00,2026-08-15 23:30:00,DK1,1297.1835,173.52,2026-08-30 08:43:34.908991
150182480969623,2026-08-15 21:15:00,2026-08-15 23:15:00,DK1,1273.9341,170.41,2026-08-30 08:43:34.908991
59332245295622,2026-08-15 20:30:00,2026-08-15 22:30:00,DK1,1330.7493,178.01,2026-08-30 08:43:34.908991
796318826569886,2026-08-15 19:45:00,2026-08-15 21:45:00,DK1,1321.2552,176.74,2026-08-30 08:43:34.908991
264981581564842,2026-08-15 19:00:00,2026-08-15 21:00:00,DK1,1426.2887,190.79,2026-08-30 08:43:34.908991
102110981223917,2026-08-15 18:45:00,2026-08-15 20:45:00,DK1,1451.5566,194.17,2026-08-30 08:43:34.908991
457922938447839,2026-08-15 18:00:00,2026-08-15 20:00:00,DK1,1296.137,173.38,2026-08-30 08:43:34.908991
307250245979689,2026-08-15 17:15:00,2026-08-15 19:15:00,DK1,1281.2603,171.39,2026-08-30 08:43:34.908991
506333314175369,2026-08-15 16:00:00,2026-08-15 18:00:00,DK1,1117.2433,149.45,2026-08-30 08:43:34.908991
367112470310133,2026-08-15 15:15:00,2026-08-15 17:15:00,DK1,848.0434,113.44,2026-08-30 08:43:34.908991
481775153487299,2026-08-15 14:30:00,2026-08-15 16:30:00,DK1,689.9324,92.29,2026-08-30 08:43:34.908991
736926076974232,2026-08-15 13:45:00,2026-08-15 15:45:00,DK1,199.45168,26.68,2026-08-30 08:43:34.908991
823054484107674,2026-08-15 10:45:00,2026-08-15 12:45:00,DK1,42.461975,5.68,2026-08-30 08:43:34.908991
1325021750263,2026-08-15 09:15:00,2026-08-15 11:15:00,DK1,267.032,35.72,2026-08-30 08:43:34.908991
447838185163193,2026-08-15 08:45:00,2026-08-15 10:45:00,DK1,318.9881,42.67,2026-08-30 08:43:34.908991
54872320542646,2026-08-15 07:45:00,2026-08-15 09:45:00,DK1,850.5104,113.77,2026-08-30 08:43:34.908991
259668286926368,2026-08-15 07:00:00,2026-08-15 09:00:00,DK1,1082.2571,144.77,2026-08-30 08:43:34.908991
694795271710695,2026-08-15 06:15:00,2026-08-15 08:15:00,DK1,1175.6285,157.26,2026-08-30 08:43:34.908991
973379830243539,2026-08-15 04:15:00,2026-08-15 06:15:00,DK1,1217.4178,162.85,2026-08-30 08:43:34.908991
184217904343533,2026-08-15 04:00:00,2026-08-15 06:00:00,DK1,1229.8274,164.51,2026-08-30 08:43:34.908991
20284449950394,2026-08-15 02:15:00,2026-08-15 04:15:00,DK1,1152.6034,154.18,2026-08-30 08:43:34.908991
495935205998495,2026-08-15 00:30:00,2026-08-15 02:30:00,DK1,1171.6664,156.73,2026-08-30 08:43:34.908991
624936169560678,2026-08-14 21:45:00,2026-08-14 23:45:00,DK1,1248.3672,166.99,2026-08-30 08:43:34.908991
392004174739649,2026-08-14 21:00:00,2026-08-14 23:00:00,DK1,1390.9287,186.06,2026-08-30 08:43:34.908991
42318910495253,2026-08-14 20:30:00,2026-08-14 22:30:00,DK1,1450.2858,194.0,2026-08-30 08:43:34.908991
121072615329574,2026-08-14 20:00:00,2026-08-14 22:00:00,DK1,1587.3154,212.33,2026-08-30 08:43:34.908991
895049297553378,2026-08-14 19:30:00,2026-08-14 21:30:00,DK1,1711.9353,229.0,2026-08-30 08:43:34.908991
542692621187148,2026-08-14 19:15:00,2026-08-14 21:15:00,DK1,1755.5187,234.83,2026-08-30 08:43:34.908991
560148085877653,2026-08-14 18:30:00,2026-08-14 20:30:00,DK1,1937.1782,259.13,2026-08-30 08:43:34.908991
773173524447477,2026-08-14 17:45:00,2026-08-14 19:45:00,DK1,2273.5098,304.12,2026-08-30 08:43:34.908991
825511987631044,2026-08-14 17:15:00,2026-08-14 19:15:00,DK1,1683.4529,225.19,2026-08-30 08:43:34.908991
975752281990236,2026-08-14 11:45:00,2026-08-14 13:45:00,DK1,68.02887,9.1,2026-08-30 08:43:34.908991
792948477211622,2026-08-14 11:30:00,2026-08-14 13:30:00,DK1,99.42681,13.3,2026-08-30 08:43:34.908991
60170475006823,2026-08-14 10:45:00,2026-08-14 12:45:00,DK1,101.14622,13.53,2026-08-30 08:43:34.908991
569190436071999,2026-08-14 09:15:00,2026-08-14 11:15:00,DK1,506.03015,67.69,2026-08-30 08:43:34.908991
714834723636685,2026-08-14 08:45:00,2026-08-14 10:45:00,DK1,604.03656,80.8,2026-08-30 08:43:34.908991
505601140454751,2026-08-14 08:30:00,2026-08-14 10:30:00,DK1,752.50397,100.66,2026-08-30 08:43:34.908991
677106200308150,2026-08-14 07:45:00,2026-08-14 09:45:00,DK1,954.1236,127.63,2026-08-30 08:43:34.908991
521144115095253,2026-08-14 07:15:00,2026-08-14 09:15:00,DK1,1037.1787,138.74,2026-08-30 08:43:34.908991
827532059676981,2026-08-14 06:45:00,2026-08-14 08:45:00,DK1,950.38574,127.13,2026-08-30 08:43:34.908991
542564398672546,2026-08-14 05:45:00,2026-08-14 07:45:00,DK1,1188.6364,159.0,2026-08-30 08:43:34.908991
410020301211330,2026-08-14 04:45:00,2026-08-14 06:45:00,DK1,1295.6884,173.32,2026-08-30 08:43:34.908991
140296579475927,2026-08-14 04:00:00,2026-08-14 06:00:00,DK1,1262.6456,168.9,2026-08-30 08:43:34.908991
773865968061869,2026-08-14 03:00:00,2026-08-14 05:00:00,DK1,1090.4056,145.86,2026-08-30 08:43:34.908991
103818314313066,2026-08-14 01:00:00,2026-08-14 03:00:00,DK1,1069.6979,143.09,2026-08-30 08:43:34.908991
280449292359030,2026-08-13 23:15:00,2026-08-14 01:15:00,DK1,1142.3617,152.81,2026-08-30 08:43:34.908991
365266696695994,2026-08-13 23:00:00,2026-08-14 01:00:00,DK1,1178.3198,157.62,2026-08-30 08:43:34.908991
771525951427107,2026-08-13 21:00:00,2026-08-13 23:00:00,DK1,1423.5228,190.42,2026-08-30 08:43:34.908991
31451627199720,2026-08-13 20:45:00,2026-08-13 22:45:00,DK1,1443.0344,193.03,2026-08-30 08:43:34.908991
63084324879153,2026-08-13 17:30:00,2026-08-13 19:30:00,DK1,2445.825,327.17,2026-08-30 08:43:34.908991
707335587617242,2026-08-13 16:45:00,2026-08-13 18:45:00,DK1,1898.3044,253.93,2026-08-30 08:43:34.908991
31387230451813,2026-08-13 15:15:00,2026-08-13 17:15:00,DK1,1015.9476,135.9,2026-08-30 08:43:34.908991
994000905237918,2026-08-13 15:00:00,2026-08-13 17:00:00,DK1,934.9858,125.07,2026-08-30 08:43:34.908991
989024512483078,2026-08-13 14:30:00,2026-08-13 16:30:00,DK1,923.39844,123.52,2026-08-30 08:43:34.908991
118116780137389,2026-08-13 13:30:00,2026-08-13 15:30:00,DK1,441.0663,59.0,2026-08-30 08:43:34.908991
64943722074585,2026-08-13 13:15:00,2026-08-13 15:15:00,DK1,298.42993,39.92,2026-08-30 08:43:34.908991
738343418063397,2026-08-13 13:00:00,2026-08-13 15:00:00,DK1,149.58876,20.01,2026-08-30 08:43:34.908991
664259899726665,2026-08-13 12:30:00,2026-08-13 14:30:00,DK1,179.4168,24.0,2026-08-30 08:43:34.908991
293113438667588,2026-08-13 11:30:00,2026-08-13 13:30:00,DK1,328.78128,43.98,2026-08-30 08:43:34.908991
215091358851104,2026-08-13 10:30:00,2026-08-13 12:30:00,DK1,148.9907,19.93,2026-08-30 08:43:34.908991
185054139002317,2026-08-13 07:45:00,2026-08-13 09:45:00,DK1,870.62,116.46,2026-08-30 08:43:34.908991
784339654628808,2026-08-13 07:00:00,2026-08-13 09:00:00,DK1,1186.6926,158.74,2026-08-30 08:43:34.908991
476687470449518,2026-08-13 06:30:00,2026-08-13 08:30:00,DK1,1146.0996,153.31,2026-08-30 08:43:34.908991
917570892920909,2026-08-13 06:00:00,2026-08-13 08:00:00,DK1,1293.2214,172.99,2026-08-30 08:43:34.908991
768880902522415,2026-08-13 05:45:00,2026-08-13 07:45:00,DK1,1173.8345,157.02,2026-08-30 08:43:34.908991
140051275142923,2026-08-13 05:15:00,2026-08-13 07:15:00,DK1,1307.5747,174.91,2026-08-30 08:43:34.908991
817150090731323,2026-08-13 05:00:00,2026-08-13 07:00:00,DK1,1364.091,182.47,2026-08-30 08:43:34.908991
465610729459522,2026-08-13 04:15:00,2026-08-13 06:15:00,DK1,1301.4446,174.09,2026-08-30 08:43:34.908991
413111878215563,2026-08-13 03:30:00,2026-08-13 05:30:00,DK1,1193.7197,159.68,2026-08-30 08:43:34.908991
586093917431281,2026-08-13 03:00:00,2026-08-13 05:00:00,DK1,1115.0006,149.15,2026-08-30 08:43:34.908991
977072890759550,2026-08-13 01:30:00,2026-08-13 03:30:00,DK1,1074.7065,143.76,2026-08-30 08:43:34.908991
529502095191913,2026-08-13 01:00:00,2026-08-13 03:00:00,DK1,1053.1018,140.87,2026-08-30 08:43:34.908991
63145950869641,2026-08-13 00:15:00,2026-08-13 02:15:00,DK1,1070.2959,143.17,2026-08-30 08:43:34.908991
5582912460168,2026-08-12 23:45:00,2026-08-13 01:45:00,DK1,1062.0728,142.07,2026-08-30 08:43:34.908991
118108961533187,2026-08-12 22:45:00,2026-08-13 00:45:00,DK1,1069.9221,143.12,2026-08-30 08:43:34.908991
500999439429871,2026-08-12 22:00:00,2026-08-13 00:00:00,DK1,1229.5284,164.47,2026-08-30 08:43:34.908991
198617780134548,2026-08-12 21:45:00,2026-08-12 23:45:00,DK1,1196.8756,160.1,2026-08-30 08:43:34.908991
957626273627565,2026-08-12 21:30:00,2026-08-12 23:30:00,DK1,1300.1165,173.91,2026-08-30 08:43:34.908991
150936850890753,2026-08-12 21:15:00,2026-08-12 23:15:00,DK1,1301.5369,174.1,2026-08-30 08:43:34.908991
116230530130245,2026-08-12 21:00:00,2026-08-12 23:00:00,DK1,1347.8119,180.29,2026-08-30 08:43:34.908991
32313003103922,2026-08-12 20:30:00,2026-08-12 22:30:00,DK1,1409.1135,188.49,2026-08-30 08:43:34.908991
357088402568491,2026-08-12 17:30:00,2026-08-12 19:30:00,DK1,2147.7974,287.3,2026-08-30 08:43:34.908991
328656944087278,2026-08-12 17:15:00,2026-08-12 19:15:00,DK1,1805.63,241.53,2026-08-30 08:43:34.908991
321386453190372,2026-08-12 15:30:00,2026-08-12 17:30:00,DK1,1099.9893,147.14,2026-08-30 08:43:34.908991
185376485577634,2026-08-12 14:00:00,2026-08-12 16:00:00,DK1,492.80472,65.92,2026-08-30 08:43:34.908991
505851877944910,2026-08-12 10:00:00,2026-08-12 12:00:00,DK1,176.80267,23.65,2026-08-30 08:43:34.908991
500377436100442,2026-08-12 09:45:00,2026-08-12 11:45:00,DK1,133.36827,17.84,2026-08-30 08:43:34.908991
840589252323796,2026-08-12 07:45:00,2026-08-12 09:45:00,DK1,761.33545,101.84,2026-08-30 08:43:34.908991
234270662733909,2026-08-12 07:15:00,2026-08-12 09:15:00,DK1,1018.1292,136.19,2026-08-30 08:43:34.908991
662948695696848,2026-08-12 06:45:00,2026-08-12 08:45:00,DK1,1039.51,139.05,2026-08-30 08:43:34.908991
647769815286809,2026-08-12 06:15:00,2026-08-12 08:15:00,DK1,1197.0999,160.13,2026-08-30 08:43:34.908991
821797645039109,2026-08-12 06:00:00,2026-08-12 08:00:00,DK1,1311.9282,175.49,2026-08-30 08:43:34.908991
213534175834465,2026-08-12 05:00:00,2026-08-12 07:00:00,DK1,1356.8577,181.5,2026-08-30 08:43:34.908991
986622607785254,2026-08-12 04:00:00,2026-08-12 06:00:00,DK1,1280.5298,171.29,2026-08-30 08:43:34.908991
470872484397537,2026-08-12 03:45:00,2026-08-12 05:45:00,DK1,1211.1543,162.01,2026-08-30 08:43:34.908991
984372255242697,2026-08-12 02:15:00,2026-08-12 04:15:00,DK1,1039.9585,139.11,2026-08-30 08:43:34.908991
855855156378213,2026-08-12 01:00:00,2026-08-12 03:00:00,DK1,1040.1829,139.14,2026-08-30 08:43:34.908991
973326666918313,2026-08-11 22:30:00,2026-08-12 00:30:00,DK1,1151.1985,153.99,2026-08-30 08:43:34.908991
418342669265999,2026-08-11 22:15:00,2026-08-12 00:15:00,DK1,1188.0541,158.92,2026-08-30 08:43:34.908991
920264148393116,2026-08-11 21:15:00,2026-08-11 23:15:00,DK1,1141.7637,152.73,2026-08-30 08:43:34.908991
653653064267804,2026-08-11 21:00:00,2026-08-11 23:00:00,DK1,1212.4838,162.19,2026-08-30 08:43:34.908991
626450244738359,2026-08-11 20:45:00,2026-08-11 22:45:00,DK1,1239.6206,165.82,2026-08-30 08:43:34.908991
742456215371598,2026-08-11 19:30:00,2026-08-11 21:30:00,DK1,1411.3374,188.79,2026-08-30 08:43:34.908991
382416799600261,2026-08-11 19:00:00,2026-08-11 21:00:00,DK1,1531.4719,204.86,2026-08-30 08:43:34.908991
79261456354576,2026-08-11 18:45:00,2026-08-11 20:45:00,DK1,1508.671,201.81,2026-08-30 08:43:34.908991
39944707402987,2026-08-11 18:30:00,2026-08-11 20:30:00,DK1,1516.1467,202.81,2026-08-30 08:43:34.908991
827400494701532,2026-08-11 18:00:00,2026-08-11 20:00:00,DK1,1465.013,195.97,2026-08-30 08:43:34.908991
143810355422578,2026-08-11 17:00:00,2026-08-11 19:00:00,DK1,1149.0898,153.71,2026-08-30 08:43:34.908991
489350130975840,2026-08-11 16:15:00,2026-08-11 18:15:00,DK1,1071.791,143.37,2026-08-30 08:43:34.908991
57045902459325,2026-08-11 15:30:00,2026-08-11 17:30:00,DK1,883.1792,118.14,2026-08-30 08:43:34.908991
772390046681926,2026-08-11 15:15:00,2026-08-11 17:15:00,DK1,768.27765,102.77,2026-08-30 08:43:34.908991
562725508626318,2026-08-11 12:30:00,2026-08-11 14:30:00,DK1,12.484419,1.67,2026-08-30 08:43:34.908991
529528904540082,2026-08-11 12:15:00,2026-08-11 14:15:00,DK1,10.765008,1.44,2026-08-30 08:43:34.908991
563758469847690,2026-08-11 12:00:00,2026-08-11 14:00:00,DK1,9.71841,1.3,2026-08-30 08:43:34.908991
776369796779126,2026-08-11 11:30:00,2026-08-11 13:30:00,DK1,12.70869,1.7,2026-08-30 08:43:34.908991
651663520478147,2026-08-11 09:15:00,2026-08-11 11:15:00,DK1,75.57933,10.11,2026-08-30 08:43:34.908991
823146285086264,2026-08-11 09:00:00,2026-08-11 11:00:00,DK1,188.91093,25.27,2026-08-30 08:43:34.908991
705210333257025,2026-08-11 08:45:00,2026-08-11 10:45:00,DK1,159.90521,21.39,2026-08-30 08:43:34.908991
648600164894994,2026-08-11 06:45:00,2026-08-11 08:45:00,DK1,882.43164,118.04,2026-08-30 08:43:34.908991
774727334391204,2026-08-11 06:00:00,2026-08-11 08:00:00,DK1,1010.7146,135.2,2026-08-30 08:43:34.908991
503298406868744,2026-08-11 05:15:00,2026-08-11 07:15:00,DK1,1017.66705,136.13,2026-08-30 08:43:34.908991
783710204867542,2026-08-11 04:45:00,2026-08-11 06:45:00,DK1,965.7857,129.19,2026-08-30 08:43:34.908991
621364758206707,2026-08-11 03:45:00,2026-08-11 05:45:00,DK1,893.49567,119.52,2026-08-30 08:43:34.908991
914988290272102,2026-08-11 02:15:00,2026-08-11 04:15:00,DK1,734.1137,98.2,2026-08-30 08:43:34.908991
598145099639743,2026-08-11 01:30:00,2026-08-11 03:30:00,DK1,699.05273,93.51,2026-08-30 08:43:34.908991
722461110036578,2026-08-10 23:30:00,2026-08-11 01:30:00,DK1,787.41547,105.33,2026-08-30 08:43:34.908991
748316774918383,2026-08-10 22:45:00,2026-08-11 00:45:00,DK1,836.6056,111.91,2026-08-30 08:43:34.908991
308213573836520,2026-08-10 22:15:00,2026-08-11 00:15:00,DK1,832.9425,111.42,2026-08-30 08:43:34.908991
378146628716923,2026-08-10 21:30:00,2026-08-10 23:30:00,DK1,945.4644,126.47,2026-08-30 08:43:34.908991
27710015361659,2026-08-10 21:00:00,2026-08-10 23:00:00,DK1,966.8452,129.33,2026-08-30 08:43:34.908991
559174162580746,2026-08-10 20:45:00,2026-08-10 22:45:00,DK1,967.7423,129.45,2026-08-30 08:43:34.908991
407879165672713,2026-08-10 20:30:00,2026-08-10 22:30:00,DK1,984.189,131.65,2026-08-30 08:43:34.908991
27342598404385,2026-08-10 20:15:00,2026-08-10 22:15:00,DK1,993.1601,132.85,2026-08-30 08:43:34.908991
828568619582871,2026-08-10 20:00:00,2026-08-10 22:00:00,DK1,1016.1854,135.93,2026-08-30 08:43:34.908991
336189161367266,2026-08-10 18:45:00,2026-08-10 20:45:00,DK1,1002.13104,134.05,2026-08-30 08:43:34.908991
661117123398111,2026-08-10 18:30:00,2026-08-10 20:30:00,DK1,1017.4564,136.1,2026-08-30 08:43:34.908991
420059932115743,2026-08-10 15:30:00,2026-08-10 17:30:00,DK1,403.76794,54.01,2026-08-30 08:43:34.908991
471542663629575,2026-08-10 15:15:00,2026-08-10 17:15:00,DK1,452.13638,60.48,2026-08-30 08:43:34.908991
346354418615951,2026-08-10 15:00:00,2026-08-10 17:00:00,DK1,373.79,50.0,2026-08-30 08:43:34.908991
322697802144515,2026-08-10 14:45:00,2026-08-10 16:45:00,DK1,559.93744,74.9,2026-08-30 08:43:34.908991
737950966985748,2026-08-10 14:00:00,2026-08-10 16:00:00,DK1,107.65152,14.4,2026-08-30 08:43:34.908991
816825735528564,2026-08-10 13:15:00,2026-08-10 15:15:00,DK1,67.2822,9.0,2026-08-30 08:43:34.908991
113955379845422,2026-08-10 13:00:00,2026-08-10 15:00:00,DK1,39.023678,5.22,2026-08-30 08:43:34.908991
247834360952864,2026-08-10 06:00:00,2026-08-10 08:00:00,DK1,1344.9712,179.91,2026-08-30 08:43:34.908991
555576878727826,2026-08-10 05:30:00,2026-08-10 07:30:00,DK1,1217.6583,162.88,2026-08-30 08:43:34.908991
141684468622347,2026-08-10 05:00:00,2026-08-10 07:00:00,DK1,1271.0355,170.02,2026-08-30 08:43:34.908991
889932760331226,2026-08-10 03:45:00,2026-08-10 05:45:00,DK1,1143.7227,152.99,2026-08-30 08:43:34.908991
154916388058601,2026-08-10 03:30:00,2026-08-10 05:30:00,DK1,1108.7358,148.31,2026-08-30 08:43:34.908991
526732078412877,2026-08-10 02:00:00,2026-08-10 04:00:00,DK1,935.8206,125.18,2026-08-30 08:43:34.908991
571312291320709,2026-08-10 01:45:00,2026-08-10 03:45:00,DK1,950.09937,127.09,2026-08-30 08:43:34.908991
827937918263896,2026-08-10 01:30:00,2026-08-10 03:30:00,DK1,946.2868,126.58,2026-08-30 08:43:34.908991
901320393442544,2026-08-10 01:00:00,2026-08-10 03:00:00,DK1,940.4557,125.8,2026-08-30 08:43:34.908991
803131335545518,2026-08-09 23:00:00,2026-08-10 01:00:00,DK1,1088.1775,145.56,2026-08-30 08:43:34.908991
102014918755233,2026-08-09 21:30:00,2026-08-09 23:30:00,DK1,1179.7992,157.82,2026-08-30 08:43:34.908991
970440585973281,2026-08-09 21:00:00,2026-08-09 23:00:00,DK1,1223.6062,163.68,2026-08-30 08:43:34.908991
916264301408716,2026-08-09 20:00:00,2026-08-09 22:00:00,DK1,1301.1282,174.05,2026-08-30 08:43:34.908991
666909675723706,2026-08-09 19:45:00,2026-08-09 21:45:00,DK1,1272.7957,170.26,2026-08-30 08:43:34.908991
554088475780095,2026-08-09 19:30:00,2026-08-09 21:30:00,DK1,1310.5474,175.31,2026-08-30 08:43:34.908991
857110530062613,2026-08-09 19:15:00,2026-08-09 21:15:00,DK1,1313.6871,175.73,2026-08-30 08:43:34.908991
87659558673479,2026-08-09 18:00:00,2026-08-09 20:00:00,DK1,1277.9539,170.95,2026-08-30 08:43:34.908991
915453284458843,2026-08-09 17:45:00,2026-08-09 19:45:00,DK1,1392.1809,186.23,2026-08-30 08:43:34.908991
173343405137632,2026-08-09 17:00:00,2026-08-09 19:00:00,DK1,1151.5414,154.04,2026-08-30 08:43:34.908991
134892164863279,2026-08-09 16:00:00,2026-08-09 18:00:00,DK1,909.8553,121.71,2026-08-30 08:43:34.908991
239506401808475,2026-08-09 14:45:00,2026-08-09 16:45:00,DK1,109.21851,14.61,2026-08-30 08:43:34.908991
902026483826365,2026-08-09 13:15:00,2026-08-09 15:15:00,DK1,-0.074756,-0.01,2026-08-30 08:43:34.908991
720138851562244,2026-08-09 12:45:00,2026-08-09 14:45:00,DK1,-0.074756,-0.01,2026-08-30 08:43:34.908991
266686585795462,2026-08-09 12:15:00,2026-08-09 14:15:00,DK1,-0.074756,-0.01,2026-08-30 08:43:34.908991
186472777325497,2026-08-09 12:00:00,2026-08-09 14:00:00,DK1,-0.074756,-0.01,2026-08-30 08:43:34.908991
433338550691685,2026-08-09 11:30:00,2026-08-09 13:30:00,DK1,0.0,0.0,2026-08-30 08:43:34.908991
890189332990414,2026-08-09 10:30:00,2026-08-09 12:30:00,DK1,0.074756,0.01,2026-08-30 08:43:34.908991
342258673321075,2026-08-09 10:00:00,2026-08-09 12:00:00,DK1,0.523292,0.07,2026-08-30 08:43:34.908991
690543530669834,2026-08-09 08:00:00,2026-08-09 10:00:00,DK1,8.97072,1.2,2026-08-30 08:43:34.908991
560312836841195,2026-08-09 07:30:00,2026-08-09 09:30:00,DK1,37.303246,4.99,2026-08-30 08:43:34.908991
165327197045950,2026-08-09 06:15:00,2026-08-09 08:15:00,DK1,795.47864,106.41,2026-08-30 08:43:34.908991
533452039228532,2026-08-09 04:15:00,2026-08-09 06:15:00,DK1,1003.0759,134.18,2026-08-30 08:43:34.908991
216666334605729,2026-08-09 02:45:00,2026-08-09 04:45:00,DK1,1000.31,133.81,2026-08-30 08:43:34.908991
430250422167352,2026-08-09 02:15:00,2026-08-09 04:15:00,DK1,1008.6079,134.92,2026-08-30 08:43:34.908991
152614390227919,2026-08-09 02:00:00,2026-08-09 04:00:00,DK1,998.14215,133.52,2026-08-30 08:43:34.908991
595998343788504,2026-08-09 00:45:00,2026-08-09 02:45:00,DK1,996.049,133.24,2026-08-30 08:43:34.908991
970240603345844,2026-08-09 00:15:00,2026-08-09 02:15:00,DK1,1018.7748,136.28,2026-08-30 08:43:34.908991
198315914948639,2026-08-08 23:00:00,2026-08-09 01:00:00,DK1,1046.5093,139.99,2026-08-30 08:43:34.908991
393330322055301,2026-08-08 22:45:00,2026-08-09 00:45:00,DK1,1002.777,134.14,2026-08-30 08:43:34.908991
297248755908367,2026-08-08 22:15:00,2026-08-09 00:15:00,DK1,1106.015,147.95,2026-08-30 08:43:34.908991
884340015602039,2026-08-08 21:30:00,2026-08-08 23:30:00,DK1,1160.5869,155.25,2026-08-30 08:43:34.908991
748439909646589,2026-08-08 21:15:00,2026-08-08 23:15:00,DK1,1165.446,155.9,2026-08-30 08:43:34.908991
94476929351809,2026-08-08 21:00:00,2026-08-08 23:00:00,DK1,1210.7482,161.96,2026-08-30 08:43:34.908991
599617621823648,2026-08-08 20:15:00,2026-08-08 22:15:00,DK1,1274.4403,170.48,2026-08-30 08:43:34.908991
642770512525297,2026-08-08 19:00:00,2026-08-08 21:00:00,DK1,1392.7043,186.3,2026-08-30 08:43:34.908991
980780839137062,2026-08-08 17:30:00,2026-08-08 19:30:00,DK1,1268.9083,169.74,2026-08-30 08:43:34.908991
322674197656663,2026-08-08 17:15:00,2026-08-08 19:15:00,DK1,1197.2173,160.15,2026-08-30 08:43:34.908991
687029547610080,2026-08-08 15:45:00,2026-08-08 17:45:00,DK1,968.6883,129.58,2026-08-30 08:43:34.908991
673248110149832,2026-08-08 15:15:00,2026-08-08 17:15:00,DK1,255.81503,34.22,2026-08-30 08:43:34.908991
451150739473674,2026-08-08 14:45:00,2026-08-08 16:45:00,DK1,32.14508,4.3,2026-08-30 08:43:34.908991
19956000300454,2026-08-08 13:45:00,2026-08-08 15:45:00,DK1,6.877552,0.92,2026-08-30 08:43:34.908991
677984214736582,2026-08-08 12:15:00,2026-08-08 14:15:00,DK1,4.11158,0.55,2026-08-30 08:43:34.908991
626372584563466,2026-08-08 12:00:00,2026-08-08 14:00:00,DK1,4.11158,0.55,2026-08-30 08:43:34.908991
44795447160404,2026-08-08 10:45:00,2026-08-08 12:45:00,DK1,0.0,0.0,2026-08-30 08:43:34.908991
538286881585520,2026-08-08 10:15:00,2026-08-08 12:15:00,DK1,9.942548,1.33,2026-08-30 08:43:34.908991
942047482679768,2026-08-08 09:00:00,2026-08-08 11:00:00,DK1,14.9512,2.0,2026-08-30 08:43:34.908991
783215974260351,2026-08-08 07:30:00,2026-08-08 09:30:00,DK1,335.95346,44.94,2026-08-30 08:43:34.908991
704838778591078,2026-08-08 07:00:00,2026-08-08 09:00:00,DK1,803.926,107.54,2026-08-30 08:43:34.908991
6761483045072,2026-08-08 04:15:00,2026-08-08 06:15:00,DK1,1108.183,148.24,2026-08-30 08:43:34.908991
218744228360045,2026-08-08 04:00:00,2026-08-08 06:00:00,DK1,1153.2609,154.27,2026-08-30 08:43:34.908991
616203582508305,2026-08-08 02:00:00,2026-08-08 04:00:00,DK1,1046.2102,139.95,2026-08-30 08:43:34.908991
547255377422281,2026-08-08 01:30:00,2026-08-08 03:30:00,DK1,1071.702,143.36,2026-08-30 08:43:34.908991
3062890986796,2026-08-08 01:00:00,2026-08-08 03:00:00,DK1,1084.0367,145.01,2026-08-30 08:43:34.908991
81208348631895,2026-08-08 00:30:00,2026-08-08 02:30:00,DK1,1078.2058,144.23,2026-08-30 08:43:34.908991
39036928381739,2026-08-07 23:15:00,2026-08-08 01:15:00,DK1,1122.6855,150.18,2026-08-30 08:43:34.908991
467716910848642,2026-08-07 22:45:00,2026-08-08 00:45:00,DK1,1095.2501,146.51,2026-08-30 08:43:34.908991
304319373342260,2026-08-07 22:30:00,2026-08-08 00:30:00,DK1,1154.6813,154.46,2026-08-30 08:43:34.908991
393183945125078,2026-08-07 22:00:00,2026-08-08 00:00:00,DK1,1220.6907,163.29,2026-08-30 08:43:34.908991
962090761247729,2026-08-07 18:45:00,2026-08-07 20:45:00,DK1,1526.2932,204.17,2026-08-30 08:43:34.908991
686775624232540,2026-08-07 18:15:00,2026-08-07 20:15:00,DK1,1454.3032,194.54,2026-08-30 08:43:34.908991
834803745336839,2026-08-07 18:00:00,2026-08-07 20:00:00,DK1,1375.0619,183.94,2026-08-30 08:43:34.908991
726215572704814,2026-08-07 15:15:00,2026-08-07 17:15:00,DK1,815.96173,109.15,2026-08-30 08:43:34.908991
479454370018479,2026-08-07 14:15:00,2026-08-07 16:15:00,DK1,612.4759,81.93,2026-08-30 08:43:34.908991
810569228020066,2026-08-07 14:00:00,2026-08-07 16:00:00,DK1,491.74496,65.78,2026-08-30 08:43:34.908991
129802308997411,2026-08-07 11:15:00,2026-08-07 13:15:00,DK1,119.6096,16.0,2026-08-30 08:43:34.908991
945933759459023,2026-08-07 11:00:00,2026-08-07 13:00:00,DK1,197.65488,26.44,2026-08-30 08:43:34.908991
135454042220091,2026-08-07 10:30:00,2026-08-07 12:30:00,DK1,208.49448,27.89,2026-08-30 08:43:34.908991
547398107848390,2026-08-07 09:15:00,2026-08-07 11:15:00,DK1,558.5021,74.71,2026-08-30 08:43:34.908991
382930864809315,2026-08-07 07:15:00,2026-08-07 09:15:00,DK1,972.72504,130.12,2026-08-30 08:43:34.908991
879242159456402,2026-08-07 06:30:00,2026-08-07 08:30:00,DK1,1076.7107,144.03,2026-08-30 08:43:34.908991
281237436781150,2026-08-07 06:00:00,2026-08-07 08:00:00,DK1,1161.7831,155.41,2026-08-30 08:43:34.908991
328985958734171,2026-08-07 05:30:00,2026-08-07 07:30:00,DK1,1117.6022,149.5,2026-08-30 08:43:34.908991
756106221184539,2026-08-07 05:15:00,2026-08-07 07:15:00,DK1,1138.4591,152.29,2026-08-30 08:43:34.908991
521864486630452,2026-08-07 04:15:00,2026-08-07 06:15:00,DK1,1050.6207,140.54,2026-08-30 08:43:34.908991
674829388526657,2026-08-07 03:15:00,2026-08-07 05:15:00,DK1,975.79004,130.53,2026-08-30 08:43:34.908991
722637867768480,2026-08-07 02:00:00,2026-08-07 04:00:00,DK1,927.9462,124.13,2026-08-30 08:43:34.908991
585973490306908,2026-08-07 01:45:00,2026-08-07 03:45:00,DK1,939.2344,125.64,2026-08-30 08:43:34.908991
333930963283440,2026-08-06 22:45:00,2026-08-07 00:45:00,DK1,962.63306,128.77,2026-08-30 08:43:34.908991
759777274564783,2026-08-06 20:45:00,2026-08-06 22:45:00,DK1,962.39594,128.74,2026-08-30 08:43:34.908991
567902254318068,2026-08-06 19:30:00,2026-08-06 21:30:00,DK1,1006.20233,134.6,2026-08-30 08:43:34.908991
137691999360012,2026-08-06 18:00:00,2026-08-06 20:00:00,DK1,871.34424,116.56,2026-08-30 08:43:34.908991
509504165359420,2026-08-06 16:00:00,2026-08-06 18:00:00,DK1,305.89743,40.92,2026-08-30 08:43:34.908991
46061173529511,2026-08-06 13:15:00,2026-08-06 15:15:00,DK1,0.0,0.0,2026-08-30 08:43:34.908991
600469855383534,2026-08-06 12:15:00,2026-08-06 14:15:00,DK1,11.51227,1.54,2026-08-30 08:43:34.908991
802640488867472,2026-08-06 12:00:00,2026-08-06 14:00:00,DK1,10.16668,1.36,2026-08-30 08:43:34.908991
612437842754344,2026-08-06 11:30:00,2026-08-06 13:30:00,DK1,10.01717,1.34,2026-08-30 08:43:34.908991
230106024305387,2026-08-06 10:15:00,2026-08-06 12:15:00,DK1,0.74755,0.1,2026-08-30 08:43:34.908991
654568370935418,2026-08-06 10:00:00,2026-08-06 12:00:00,DK1,2.466915,0.33,2026-08-30 08:43:34.908991
708965913663875,2026-08-06 09:45:00,2026-08-06 11:45:00,DK1,2.69118,0.36,2026-08-30 08:43:34.908991
46780384099972,2026-08-06 09:30:00,2026-08-06 11:30:00,DK1,1.79412,0.24,2026-08-30 08:43:34.908991
932305377769829,2026-08-06 07:45:00,2026-08-06 09:45:00,DK1,266.87537,35.7,2026-08-30 08:43:34.908991
508818461514714,2026-08-06 07:15:00,2026-08-06 09:15:00,DK1,718.24603,96.08,2026-08-30 08:43:34.908991
15550052090861,2026-08-06 06:30:00,2026-08-06 08:30:00,DK1,843.98395,112.9,2026-08-30 08:43:34.908991
159406748646684,2026-08-06 06:15:00,2026-08-06 08:15:00,DK1,796.81354,106.59,2026-08-30 08:43:34.908991
719982612270064,2026-08-06 06:00:00,2026-08-06 08:00:00,DK1,859.6825,115.0,2026-08-30 08:43:34.908991
142923003141782,2026-08-06 05:30:00,2026-08-06 07:30:00,DK1,961.4988,128.62,2026-08-30 08:43:34.908991
232700582711344,2026-08-06 02:45:00,2026-08-06 04:45:00,DK1,877.1004,117.33,2026-08-30 08:43:34.908991
967189825567863,2026-08-06 02:30:00,2026-08-06 04:30:00,DK1,871.56854,116.59,2026-08-30 08:43:34.908991
107261806990157,2026-08-06 01:30:00,2026-08-06 03:30:00,DK1,901.91907,120.65,2026-08-30 08:43:34.908991
981373688852310,2026-08-06 00:15:00,2026-08-06 02:15:00,DK1,955.8922,127.87,2026-08-30 08:43:34.908991
855073307430315,2026-08-05 23:45:00,2026-08-06 01:45:00,DK1,986.61646,131.98,2026-08-30 08:43:34.908991
514207232882937,2026-08-05 23:30:00,2026-08-06 01:30:00,DK1,1003.43634,134.23,2026-08-30 08:43:34.908991
656906188666032,2026-08-05 18:00:00,2026-08-05 20:00:00,DK1,1184.5361,158.46,2026-08-30 08:43:34.908991
725883800276459,2026-08-05 17:15:00,2026-08-05 19:15:00,DK1,1152.3923,154.16,2026-08-30 08:43:34.908991
220582411644134,2026-08-05 17:00:00,2026-08-05 19:00:00,DK1,1099.3925,147.07,2026-08-30 08:43:34.908991
923868831535848,2026-08-05 15:45:00,2026-08-05 17:45:00,DK1,780.5708,104.42,2026-08-30 08:43:34.908991
993594889404260,2026-08-05 15:30:00,2026-08-05 17:30:00,DK1,595.85614,79.71,2026-08-30 08:43:34.908991
853571841372474,2026-08-05 14:45:00,2026-08-05 16:45:00,DK1,190.6949,25.51,2026-08-30 08:43:34.908991
95623405055748,2026-08-05 14:15:00,2026-08-05 16:15:00,DK1,0.74753,0.1,2026-08-30 08:43:34.908991
517690060024186,2026-08-05 13:45:00,2026-08-05 15:45:00,DK1,9.867396,1.32,2026-08-30 08:43:34.908991
446381258171343,2026-08-05 11:15:00,2026-08-05 13:15:00,DK1,21.67837,2.9,2026-08-30 08:43:34.908991
706109507996896,2026-08-05 09:45:00,2026-08-05 11:45:00,DK1,18.239733,2.44,2026-08-30 08:43:34.908991
361840688371358,2026-08-05 09:30:00,2026-08-05 11:30:00,DK1,20.18331,2.7,2026-08-30 08:43:34.908991
365521644925606,2026-08-05 06:15:00,2026-08-05 08:15:00,DK1,1105.6716,147.91,2026-08-30 08:43:34.908991
938414466808513,2026-08-05 06:00:00,2026-08-05 08:00:00,DK1,1189.694,159.15,2026-08-30 08:43:34.908991
371914962553790,2026-08-05 03:45:00,2026-08-05 05:45:00,DK1,1079.0596,144.35,2026-08-30 08:43:34.908991
447812359691638,2026-08-05 03:00:00,2026-08-05 05:00:00,DK1,986.4406,131.96,2026-08-30 08:43:34.908991
371462873235792,2026-08-05 02:00:00,2026-08-05 04:00:00,DK1,1032.8622,138.17,2026-08-30 08:43:34.908991
625628704266724,2026-08-05 00:30:00,2026-08-05 02:30:00,DK1,1086.5349,145.35,2026-08-30 08:43:34.908991
845171366601276,2026-08-05 00:15:00,2026-08-05 02:15:00,DK1,1098.2711,146.92,2026-08-30 08:43:34.908991
575330747583968,2026-08-04 23:15:00,2026-08-05 01:15:00,DK1,1105.821,147.93,2026-08-30 08:43:34.908991
572610595155189,2026-08-04 22:30:00,2026-08-05 00:30:00,DK1,1129.144,151.05,2026-08-30 08:43:34.908991
586431217329979,2026-08-04 22:00:00,2026-08-05 00:00:00,DK1,1206.3639,161.38,2026-08-30 08:43:34.908991
622853495573534,2026-08-04 21:30:00,2026-08-04 23:30:00,DK1,1212.4352,162.19,2026-08-30 08:43:34.908991
995814869393763,2026-08-04 21:15:00,2026-08-04 23:15:00,DK1,1236.5807,165.42,2026-08-30 08:43:34.908991
7039153254943,2026-08-04 20:00:00,2026-08-04 22:00:00,DK1,1486.0347,198.79,2026-08-30 08:43:34.908991
51636018084284,2026-08-04 19:00:00,2026-08-04 21:00:00,DK1,1772.6416,237.13,2026-08-30 08:43:34.908991
80785321244681,2026-08-04 17:45:00,2026-08-04 19:45:00,DK1,2226.6973,297.87,2026-08-30 08:43:34.908991
335914340766826,2026-08-04 17:00:00,2026-08-04 19:00:00,DK1,1292.1976,172.86,2026-08-30 08:43:34.908991
812259475629021,2026-08-04 13:30:00,2026-08-04 15:30:00,DK1,867.9687,116.11,2026-08-30 08:43:34.908991
226944798274352,2026-08-04 12:15:00,2026-08-04 14:15:00,DK1,630.32574,84.32,2026-08-30 08:43:34.908991
823951659673242,2026-08-04 12:00:00,2026-08-04 14:00:00,DK1,610.36646,81.65,2026-08-30 08:43:34.908991
939507797292116,2026-08-04 10:30:00,2026-08-04 12:30:00,DK1,635.48376,85.01,2026-08-30 08:43:34.908991
554023664288404,2026-08-04 10:00:00,2026-08-04 12:00:00,DK1,710.08826,94.99,2026-08-30 08:43:34.908991
518509885215344,2026-08-04 09:30:00,2026-08-04 11:30:00,DK1,732.963,98.05,2026-08-30 08:43:34.908991
75917459725317,2026-08-04 08:30:00,2026-08-04 10:30:00,DK1,875.21985,117.08,2026-08-30 08:43:34.908991
350375852023046,2026-08-04 07:00:00,2026-08-04 09:00:00,DK1,1302.5138,174.24,2026-08-30 08:43:34.908991
134220026675568,2026-08-04 06:30:00,2026-08-04 08:30:00,DK1,1174.0116,157.05,2026-08-30 08:43:34.908991
146959360822619,2026-08-04 05:00:00,2026-08-04 07:00:00,DK1,1328.9766,177.78,2026-08-30 08:43:34.908991
518211642459380,2026-08-04 04:45:00,2026-08-04 06:45:00,DK1,1224.4706,163.8,2026-08-30 08:43:34.908991
243429815217334,2026-08-04 03:00:00,2026-08-04 05:00:00,DK1,1125.6458,150.58,2026-08-30 08:43:34.908991
552966313406938,2026-08-04 02:00:00,2026-08-04 04:00:00,DK1,1036.6136,138.67,2026-08-30 08:43:34.908991
769296499324635,2026-08-04 01:30:00,2026-08-04 03:30:00,DK1,1028.8394,137.63,2026-08-30 08:43:34.908991
462666008600468,2026-08-04 01:00:00,2026-08-04 03:00:00,DK1,998.1901,133.53,2026-08-30 08:43:34.908991
243604161704640,2026-08-04 00:45:00,2026-08-04 02:45:00,DK1,1007.9082,134.83,2026-08-30 08:43:34.908991
64478311120189,2026-08-04 00:15:00,2026-08-04 02:15:00,DK1,1041.9213,139.38,2026-08-30 08:43:34.908991
463678328726012,2026-08-03 23:45:00,2026-08-04 01:45:00,DK1,1033.6235,138.27,2026-08-30 08:43:34.908991
761582834844204,2026-08-03 22:30:00,2026-08-04 00:30:00,DK1,1123.4031,150.28,2026-08-30 08:43:34.908991
117030082615935,2026-08-03 22:15:00,2026-08-04 00:15:00,DK1,1130.3553,151.21,2026-08-30 08:43:34.908991
9370311285107,2026-08-03 22:00:00,2026-08-04 00:00:00,DK1,1254.746,167.85,2026-08-30 08:43:34.908991
229694717720275,2026-08-03 20:30:00,2026-08-03 22:30:00,DK1,1283.2908,171.68,2026-08-30 08:43:34.908991
594697054090630,2026-08-03 20:15:00,2026-08-03 22:15:00,DK1,1299.4366,173.84,2026-08-30 08:43:34.908991
489928357698808,2026-08-03 19:15:00,2026-08-03 21:15:00,DK1,1419.5583,189.91,2026-08-30 08:43:34.908991
231860085747232,2026-08-03 18:15:00,2026-08-03 20:15:00,DK1,1529.2898,204.59,2026-08-30 08:43:34.908991
802395923482849,2026-08-03 16:45:00,2026-08-03 18:45:00,DK1,1308.855,175.1,2026-08-30 08:43:34.908991
582447182549319,2026-08-03 16:30:00,2026-08-03 18:30:00,DK1,1230.8917,164.67,2026-08-30 08:43:34.908991
203632170738812,2026-08-03 16:00:00,2026-08-03 18:00:00,DK1,1125.8694,150.62,2026-08-30 08:43:34.908991
390732448199246,2026-08-03 15:45:00,2026-08-03 17:45:00,DK1,1275.0685,170.58,2026-08-30 08:43:34.908991
422593595151155,2026-08-03 15:00:00,2026-08-03 17:00:00,DK1,868.0601,116.13,2026-08-30 08:43:34.908991
594368252019372,2026-08-03 14:00:00,2026-08-03 16:00:00,DK1,659.43567,88.22,2026-08-30 08:43:34.908991
898703618191124,2026-08-03 13:00:00,2026-08-03 15:00:00,DK1,280.45825,37.52,2026-08-30 08:43:34.908991
178074482676559,2026-08-03 12:00:00,2026-08-03 14:00:00,DK1,66.003365,8.83,2026-08-30 08:43:34.908991
765899121374762,2026-08-03 11:45:00,2026-08-03 13:45:00,DK1,83.94313,11.23,2026-08-30 08:43:34.908991
234451597878806,2026-08-03 10:15:00,2026-08-03 12:15:00,DK1,132.75423,17.76,2026-08-30 08:43:34.908991
876455253565529,2026-08-03 09:30:00,2026-08-03 11:30:00,DK1,419.11765,56.07,2026-08-30 08:43:34.908991
165888995371146,2026-08-03 08:30:00,2026-08-03 10:30:00,DK1,817.0066,109.3,2026-08-30 08:43:34.908991
754687849702221,2026-08-03 07:30:00,2026-08-03 09:30:00,DK1,918.6652,122.9,2026-08-30 08:43:34.908991
691154647755543,2026-08-03 06:45:00,2026-08-03 08:45:00,DK1,938.4737,125.55,2026-08-30 08:43:34.908991
987344707199008,2026-08-03 06:30:00,2026-08-03 08:30:00,DK1,1122.9542,150.23,2026-08-30 08:43:34.908991
323483895831713,2026-08-03 04:15:00,2026-08-03 06:15:00,DK1,1274.022,170.44,2026-08-30 08:43:34.908991
115520730111684,2026-08-03 04:00:00,2026-08-03 06:00:00,DK1,1221.8472,163.46,2026-08-30 08:43:34.908991
445984597605280,2026-08-03 00:45:00,2026-08-03 02:45:00,DK1,974.20374,130.33,2026-08-30 08:43:34.908991
967660945849262,2026-08-02 23:15:00,2026-08-03 01:15:00,DK1,998.49713,133.58,2026-08-30 08:43:34.908991
49970946201004,2026-08-02 21:15:00,2026-08-02 23:15:00,DK1,1152.8253,154.22,2026-08-30 08:43:34.908991
955644445675306,2026-08-02 20:45:00,2026-08-02 22:45:00,DK1,1175.9985,157.32,2026-08-30 08:43:34.908991
31010061556922,2026-08-02 20:30:00,2026-08-02 22:30:00,DK1,1216.6636,162.76,2026-08-30 08:43:34.908991
729128351280951,2026-08-02 20:15:00,2026-08-02 22:15:00,DK1,1248.1342,166.97,2026-08-30 08:43:34.908991
776919584498371,2026-08-02 20:00:00,2026-08-02 22:00:00,DK1,1354.0577,181.14,2026-08-30 08:43:34.908991
999321181877326,2026-08-02 19:15:00,2026-08-02 21:15:00,DK1,1350.6938,180.69,2026-08-30 08:43:34.908991
342328967638915,2026-08-02 17:00:00,2026-08-02 19:00:00,DK1,1192.2944,159.5,2026-08-30 08:43:34.908991
362091906635326,2026-08-02 16:00:00,2026-08-02 18:00:00,DK1,906.667,121.29,2026-08-30 08:43:34.908991
515584186628447,2026-08-02 15:30:00,2026-08-02 17:30:00,DK1,844.5481,112.98,2026-08-30 08:43:34.908991
34587171027147,2026-08-02 14:30:00,2026-08-02 16:30:00,DK1,73.33171,9.81,2026-08-30 08:43:34.908991
761246995657409,2026-08-02 13:45:00,2026-08-02 15:45:00,DK1,33.6384,4.5,2026-08-30 08:43:34.908991
774398363026126,2026-08-02 13:15:00,2026-08-02 15:15:00,DK1,29.078527,3.89,2026-08-30 08:43:34.908991
896948133533278,2026-08-02 12:45:00,2026-08-02 14:45:00,DK1,15.69792,2.1,2026-08-30 08:43:34.908991
170412775113155,2026-08-02 12:15:00,2026-08-02 14:15:00,DK1,14.9504,2.0,2026-08-30 08:43:34.908991
549614079889313,2026-08-02 09:45:00,2026-08-02 11:45:00,DK1,7.400448,0.99,2026-08-30 08:43:34.908991
636817633006421,2026-08-02 09:30:00,2026-08-02 11:30:00,DK1,0.74752,0.1,2026-08-30 08:43:34.908991
214167777084593,2026-08-02 08:15:00,2026-08-02 10:15:00,DK1,18.015232,2.41,2026-08-30 08:43:34.908991
610723271835956,2026-08-02 07:45:00,2026-08-02 09:45:00,DK1,75.05101,10.04,2026-08-30 08:43:34.908991
877729101275777,2026-08-02 06:45:00,2026-08-02 08:45:00,DK1,696.83813,93.22,2026-08-30 08:43:34.908991
681737458077460,2026-08-02 04:45:00,2026-08-02 06:45:00,DK1,1038.5295,138.93,2026-08-30 08:43:34.908991
406955639855722,2026-08-02 03:15:00,2026-08-02 05:15:00,DK1,1196.8542,160.11,2026-08-30 08:43:34.908991
662645942279934,2026-08-02 02:45:00,2026-08-02 04:45:00,DK1,1145.6492,153.26,2026-08-30 08:43:34.908991
587633501370518,2026-08-02 01:15:00,2026-08-02 03:15:00,DK1,1148.7887,153.68,2026-08-30 08:43:34.908991
705081054813071,2026-08-02 00:45:00,2026-08-02 02:45:00,DK1,1157.161,154.8,2026-08-30 08:43:34.908991
744821765550495,2026-08-01 21:45:00,2026-08-01 23:45:00,DK1,1231.315,164.72,2026-08-30 08:43:34.908991
984533183201091,2026-08-01 19:45:00,2026-08-01 21:45:00,DK1,1299.5636,173.85,2026-08-30 08:43:34.908991
271422096113219,2026-08-01 18:45:00,2026-08-01 20:45:00,DK1,1386.8739,185.53,2026-08-30 08:43:34.908991
732628130585939,2026-08-01 15:45:00,2026-08-01 17:45:00,DK1,905.47095,121.13,2026-08-30 08:43:34.908991
399484947311910,2026-08-01 15:00:00,2026-08-01 17:00:00,DK1,629.7856,84.25,2026-08-30 08:43:34.908991
424185104303819,2026-08-01 12:45:00,2026-08-01 14:45:00,DK1,30.723072,4.11,2026-08-30 08:43:34.908991
703258409977035,2026-08-01 09:00:00,2026-08-01 11:00:00,DK1,592.4844,79.26,2026-08-30 08:43:34.908991
814872553804329,2026-08-01 08:30:00,2026-08-01 10:30:00,DK1,727.1127,97.27,2026-08-30 08:43:34.908991
504041248267319,2026-08-01 06:15:00,2026-08-01 08:15:00,DK1,1074.1862,143.7,2026-08-30 08:43:34.908991
504061291726224,2026-08-01 06:00:00,2026-08-01 08:00:00,DK1,1202.4607,160.86,2026-08-30 08:43:34.908991
425183842653553,2026-08-01 04:15:00,2026-08-01 06:15:00,DK1,1165.5332,155.92,2026-08-30 08:43:34.908991
280533213211106,2026-08-01 03:45:00,2026-08-01 05:45:00,DK1,1170.3173,156.56,2026-08-30 08:43:34.908991
88888727254607,2026-08-01 02:15:00,2026-08-01 04:15:00,DK1,1177.4187,157.51,2026-08-30 08:43:34.908991
929044684731058,2026-08-01 00:30:00,2026-08-01 02:30:00,DK1,1163.2158,155.61,2026-08-30 08:43:34.908991
326993330762233,2026-07-31 23:45:00,2026-08-01 01:45:00,DK1,1172.9337,156.91,2026-08-30 08:43:34.908991
193694124193537,2026-07-31 22:15:00,2026-08-01 00:15:00,DK1,1295.9006,173.36,2026-08-30 08:43:34.908991
429031229270090,2026-07-31 22:00:00,2026-08-01 00:00:00,DK1,1372.2225,183.57,2026-08-30 08:43:34.908991
29059716860881,2026-07-31 21:00:00,2026-07-31 23:00:00,DK1,1330.0623,177.93,2026-08-30 08:43:34.908991
684408131178999,2026-07-31 20:30:00,2026-07-31 22:30:00,DK1,1377.0066,184.21,2026-08-30 08:43:34.908991
229065402023708,2026-07-31 20:15:00,2026-07-31 22:15:00,DK1,1507.5236,201.67,2026-08-30 08:43:34.908991
698227497450503,2026-07-31 19:30:00,2026-07-31 21:30:00,DK1,1478.7441,197.82,2026-08-30 08:43:34.908991
570780539917794,2026-07-31 18:30:00,2026-07-31 20:30:00,DK1,1480.0149,197.99,2026-08-30 08:43:34.908991
399080280325656,2026-07-31 18:00:00,2026-07-31 20:00:00,DK1,1403.095,187.7,2026-08-30 08:43:34.908991
3731383778341,2026-07-31 15:00:00,2026-07-31 17:00:00,DK1,918.77686,122.91,2026-08-30 08:43:34.908991
863929160894126,2026-07-31 14:45:00,2026-07-31 16:45:00,DK1,999.4342,133.7,2026-08-30 08:43:34.908991
71309721026384,2026-07-31 08:45:00,2026-07-31 10:45:00,DK1,768.22626,102.77,2026-08-30 08:43:34.908991
997042277331663,2026-07-31 08:30:00,2026-07-31 10:30:00,DK1,869.8143,116.36,2026-08-30 08:43:34.908991
854491322409421,2026-07-31 08:15:00,2026-07-31 10:15:00,DK1,1028.1389,137.54,2026-08-30 08:43:34.908991
766799153889011,2026-07-31 07:30:00,2026-07-31 09:30:00,DK1,992.55707,132.78,2026-08-30 08:43:34.908991
596889241176573,2026-07-31 06:45:00,2026-07-31 08:45:00,DK1,971.178,129.92,2026-08-30 08:43:34.908991
836488252330957,2026-07-31 06:30:00,2026-07-31 08:30:00,DK1,1145.8734,153.29,2026-08-30 08:43:34.908991
41940521382084,2026-07-31 06:00:00,2026-07-31 08:00:00,DK1,1364.9716,182.6,2026-08-30 08:43:34.908991
235381003086091,2026-07-31 05:45:00,2026-07-31 07:45:00,DK1,1122.775,150.2,2026-08-30 08:43:34.908991
284678461820484,2026-07-31 04:30:00,2026-07-31 06:30:00,DK1,1360.5612,182.01,2026-08-30 08:43:34.908991
56434943386564,2026-07-31 04:15:00,2026-07-31 06:15:00,DK1,1342.6207,179.61,2026-08-30 08:43:34.908991
610146976503552,2026-07-31 02:30:00,2026-07-31 04:30:00,DK1,1152.3768,154.16,2026-08-30 08:43:34.908991
463861728590573,2026-07-31 02:00:00,2026-07-31 04:00:00,DK1,1137.5759,152.18,2026-08-30 08:43:34.908991
828952363775438,2026-07-31 01:45:00,2026-07-31 03:45:00,DK1,1145.7987,153.28,2026-08-30 08:43:34.908991
842630890829744,2026-07-31 01:15:00,2026-07-31 03:15:00,DK1,1152.1526,154.13,2026-08-30 08:43:34.908991
707373023421828,2026-07-30 22:15:00,2026-07-31 00:15:00,DK1,1271.4568,170.09,2026-08-30 08:43:34.908991
3325090570734,2026-07-30 22:00:00,2026-07-31 00:00:00,DK1,1325.2035,177.28,2026-08-30 08:43:34.908991
903373639535012,2026-07-30 21:30:00,2026-07-30 23:30:00,DK1,1269.0885,169.78,2026-08-30 08:43:34.908991
652360607144630,2026-07-30 21:15:00,2026-07-30 23:15:00,DK1,1290.5414,172.65,2026-08-30 08:43:34.908991
564313924271231,2026-07-30 20:45:00,2026-07-30 22:45:00,DK1,1334.6434,178.55,2026-08-30 08:43:34.908991
572149919176787,2026-07-30 20:15:00,2026-07-30 22:15:00,DK1,1450.8033,194.09,2026-08-30 08:43:34.908991
793666991543213,2026-07-30 20:00:00,2026-07-30 22:00:00,DK1,1504.6974,201.3,2026-08-30 08:43:34.908991
779799026510343,2026-07-30 19:45:00,2026-07-30 21:45:00,DK1,1450.8033,194.09,2026-08-30 08:43:34.908991
946514666529161,2026-07-30 18:15:00,2026-07-30 20:15:00,DK1,1411.2611,188.8,2026-08-30 08:43:34.908991
916802629480218,2026-07-30 17:15:00,2026-07-30 19:15:00,DK1,1298.6892,173.74,2026-08-30 08:43:34.908991
681882777007741,2026-07-30 16:30:00,2026-07-30 18:30:00,DK1,1192.3961,159.52,2026-08-30 08:43:34.908991
68438717249325,2026-07-30 14:45:00,2026-07-30 16:45:00,DK1,939.44543,125.68,2026-08-30 08:43:34.908991
15003390405761,2026-07-30 14:15:00,2026-07-30 16:15:00,DK1,670.42377,89.69,2026-08-30 08:43:34.908991
113645222532565,2026-07-30 13:45:00,2026-07-30 15:45:00,DK1,668.55505,89.44,2026-08-30 08:43:34.908991
619396278352054,2026-07-30 13:15:00,2026-07-30 15:15:00,DK1,457.91235,61.26,2026-08-30 08:43:34.908991
681922658640167,2026-07-30 13:00:00,2026-07-30 15:00:00,DK1,320.89746,42.93,2026-08-30 08:43:34.908991
589604780466947,2026-07-30 12:45:00,2026-07-30 14:45:00,DK1,299.594,40.08,2026-08-30 08:43:34.908991
361751438736560,2026-07-30 12:15:00,2026-07-30 14:15:00,DK1,50.00708,6.69,2026-08-30 08:43:34.908991
514663026588574,2026-07-30 11:00:00,2026-07-30 13:00:00,DK1,36.178516,4.84,2026-08-30 08:43:34.908991
790483235523418,2026-07-30 10:45:00,2026-07-30 12:45:00,DK1,34.235043,4.58,2026-08-30 08:43:34.908991
293273092800703,2026-07-30 09:15:00,2026-07-30 11:15:00,DK1,275.82382,36.9,2026-08-30 08:43:34.908991
627572489241124,2026-07-30 08:45:00,2026-07-30 10:45:00,DK1,422.03284,56.46,2026-08-30 08:43:34.908991
456994610859286,2026-07-30 07:45:00,2026-07-30 09:45:00,DK1,763.93475,102.2,2026-08-30 08:43:34.908991
188070515833016,2026-07-30 06:15:00,2026-07-30 08:15:00,DK1,1079.9735,144.48,2026-08-30 08:43:34.908991
780434500488477,2026-07-30 05:15:00,2026-07-30 07:15:00,DK1,1150.2377,153.88,2026-08-30 08:43:34.908991
102925508876766,2026-07-30 03:15:00,2026-07-30 05:15:00,DK1,988.406,132.23,2026-08-30 08:43:34.908991
170074718666153,2026-07-30 01:45:00,2026-07-30 03:45:00,DK1,1015.9137,135.91,2026-08-30 08:43:34.908991
81166813946631,2026-07-30 01:00:00,2026-07-30 03:00:00,DK1,1016.13794,135.94,2026-08-30 08:43:34.908991
653592475077053,2026-07-29 23:45:00,2026-07-30 01:45:00,DK1,1031.5363,138.0,2026-08-30 08:43:34.908991
245269771560896,2026-07-29 22:30:00,2026-07-30 00:30:00,DK1,1066.3693,142.66,2026-08-30 08:43:34.908991
611943660126440,2026-07-29 21:45:00,2026-07-29 23:45:00,DK1,1092.0684,146.1,2026-08-30 08:43:34.908991
897062421519374,2026-07-29 20:30:00,2026-07-29 22:30:00,DK1,1423.1272,190.39,2026-08-30 08:43:34.908991
30449316800940,2026-07-29 20:15:00,2026-07-29 22:15:00,DK1,1482.2528,198.3,2026-08-30 08:43:34.908991
864407441577229,2026-07-29 20:00:00,2026-07-29 22:00:00,DK1,1547.2089,206.99,2026-08-30 08:43:34.908991
666354665115484,2026-07-29 19:45:00,2026-07-29 21:45:00,DK1,1509.9095,202.0,2026-08-30 08:43:34.908991
178956977567779,2026-07-29 19:30:00,2026-07-29 21:30:00,DK1,1624.274,217.3,2026-08-30 08:43:34.908991
553967109021829,2026-07-29 19:15:00,2026-07-29 21:15:00,DK1,1682.5027,225.09,2026-08-30 08:43:34.908991
343782563334477,2026-07-29 19:00:00,2026-07-29 21:00:00,DK1,1892.6194,253.2,2026-08-30 08:43:34.908991
526993346406324,2026-07-29 18:30:00,2026-07-29 20:30:00,DK1,2049.5903,274.2,2026-08-30 08:43:34.908991
113139595387399,2026-07-29 18:00:00,2026-07-29 20:00:00,DK1,1866.9808,249.77,2026-08-30 08:43:34.908991
569818182883323,2026-07-29 16:45:00,2026-07-29 18:45:00,DK1,1514.0955,202.56,2026-08-30 08:43:34.908991
796877004469586,2026-07-29 16:00:00,2026-07-29 18:00:00,DK1,956.3259,127.94,2026-08-30 08:43:34.908991
422844036306529,2026-07-29 15:00:00,2026-07-29 17:00:00,DK1,743.1446,99.42,2026-08-30 08:43:34.908991
270562804874002,2026-07-29 14:15:00,2026-07-29 16:15:00,DK1,551.5655,73.79,2026-08-30 08:43:34.908991
220199416722310,2026-07-29 13:45:00,2026-07-29 15:45:00,DK1,175.9568,23.54,2026-08-30 08:43:34.908991
44812526492127,2026-07-29 13:15:00,2026-07-29 15:15:00,DK1,15.921324,2.13,2026-08-30 08:43:34.908991
287505276102385,2026-07-29 13:00:00,2026-07-29 15:00:00,DK1,9.941484,1.33,2026-08-30 08:43:34.908991
177219853464593,2026-07-29 12:45:00,2026-07-29 14:45:00,DK1,14.276868,1.91,2026-08-30 08:43:34.908991
347525655928028,2026-07-29 12:30:00,2026-07-29 14:30:00,DK1,9.941484,1.33,2026-08-30 08:43:34.908991
415556014356258,2026-07-29 12:15:00,2026-07-29 14:15:00,DK1,10.016232,1.34,2026-08-30 08:43:34.908991
223315575715271,2026-07-29 11:45:00,2026-07-29 13:45:00,DK1,14.9496,2.0,2026-08-30 08:43:34.908991
970848300534576,2026-07-29 11:30:00,2026-07-29 13:30:00,DK1,14.9496,2.0,2026-08-30 08:43:34.908991
932705157469518,2026-07-29 09:45:00,2026-07-29 11:45:00,DK1,63.012566,8.43,2026-08-30 08:43:34.908991
23276828307910,2026-07-29 08:45:00,2026-07-29 10:45:00,DK1,374.48746,50.1,2026-08-30 08:43:34.908991
84396306714723,2026-07-29 07:45:00,2026-07-29 09:45:00,DK1,750.8436,100.45,2026-08-30 08:43:34.908991
256083806237000,2026-07-29 06:15:00,2026-07-29 08:15:00,DK1,1123.1635,150.26,2026-08-30 08:43:34.908991
292796476370031,2026-07-29 04:00:00,2026-07-29 06:00:00,DK1,1194.2488,159.77,2026-08-30 08:43:34.908991
862365756275160,2026-07-29 03:00:00,2026-07-29 05:00:00,DK1,1019.93646,136.45,2026-08-30 08:43:34.908991
786212198146631,2026-07-29 01:45:00,2026-07-29 03:45:00,DK1,1007.75256,134.82,2026-08-30 08:43:34.908991
122694447660324,2026-07-29 01:30:00,2026-07-29 03:30:00,DK1,1009.32227,135.03,2026-08-30 08:43:34.908991
940879212863853,2026-07-29 00:15:00,2026-07-29 02:15:00,DK1,1033.9144,138.32,2026-08-30 08:43:34.908991
142694897142859,2026-07-28 23:30:00,2026-07-29 01:30:00,DK1,1088.5552,145.63,2026-08-30 08:43:34.908991
773268430102006,2026-07-28 22:45:00,2026-07-29 00:45:00,DK1,1077.1188,144.1,2026-08-30 08:43:34.908991
452463048388536,2026-07-28 22:30:00,2026-07-29 00:30:00,DK1,1142.3737,152.83,2026-08-30 08:43:34.908991
714241522747221,2026-07-28 21:45:00,2026-07-28 23:45:00,DK1,1201.8627,160.78,2026-08-30 08:43:34.908991
952514847011876,2026-07-28 21:15:00,2026-07-28 23:15:00,DK1,1284.6879,171.86,2026-08-30 08:43:34.908991
721603850149214,2026-07-28 20:30:00,2026-07-28 22:30:00,DK1,1401.9738,187.55,2026-08-30 08:43:34.908991
675126191732614,2026-07-28 18:30:00,2026-07-28 20:30:00,DK1,1638.1154,219.14,2026-08-30 08:43:34.908991
882334794554982,2026-07-28 18:00:00,2026-07-28 20:00:00,DK1,1486.7426,198.89,2026-08-30 08:43:34.908991
768330660386087,2026-07-28 17:30:00,2026-07-28 19:30:00,DK1,1492.1246,199.61,2026-08-30 08:43:34.908991
694783234343726,2026-07-28 13:30:00,2026-07-28 15:30:00,DK1,19.884031,2.66,2026-08-30 08:43:34.908991
769345744845832,2026-07-28 12:00:00,2026-07-28 14:00:00,DK1,9.493504,1.27,2026-08-30 08:43:34.908991
106282194366786,2026-07-28 11:30:00,2026-07-28 13:30:00,DK1,8.59648,1.15,2026-08-30 08:43:34.908991
423014971519114,2026-07-28 10:45:00,2026-07-28 12:45:00,DK1,1.270784,0.17,2026-08-30 08:43:34.908991
980168936528524,2026-07-28 10:15:00,2026-07-28 12:15:00,DK1,1.49504,0.2,2026-08-30 08:43:34.908991
80994060716989,2026-07-28 09:30:00,2026-07-28 11:30:00,DK1,14.9504,2.0,2026-08-30 08:43:34.908991
529919247054555,2026-07-28 08:45:00,2026-07-28 10:45:00,DK1,33.339394,4.46,2026-08-30 08:43:34.908991
451755291651548,2026-07-28 07:30:00,2026-07-28 09:30:00,DK1,774.65497,103.63,2026-08-30 08:43:34.908991
986451130302341,2026-07-28 06:45:00,2026-07-28 08:45:00,DK1,872.5054,116.72,2026-08-30 08:43:34.908991
13831948903554,2026-07-28 06:15:00,2026-07-28 08:15:00,DK1,1123.4478,150.29,2026-08-30 08:43:34.908991
95696575129651,2026-07-28 05:30:00,2026-07-28 07:30:00,DK1,1157.161,154.8,2026-08-30 08:43:34.908991
424132287636410,2026-07-28 04:00:00,2026-07-28 06:00:00,DK1,1059.0863,141.68,2026-08-30 08:43:34.908991
995044397064847,2026-07-28 03:45:00,2026-07-28 05:45:00,DK1,1096.238,146.65,2026-08-30 08:43:34.908991
567752559206068,2026-07-28 02:30:00,2026-07-28 04:30:00,DK1,1017.6737,136.14,2026-08-30 08:43:34.908991
262135034082690,2026-07-28 02:00:00,2026-07-28 04:00:00,DK1,986.9506,132.03,2026-08-30 08:43:34.908991
110681806143449,2026-07-28 01:45:00,2026-07-28 03:45:00,DK1,1005.7882,134.55,2026-08-30 08:43:34.908991
692776796034715,2026-07-28 01:15:00,2026-07-28 03:15:00,DK1,1011.61884,135.33,2026-08-30 08:43:34.908991
913453947429148,2026-07-28 01:00:00,2026-07-28 03:00:00,DK1,1020.3648,136.5,2026-08-30 08:43:34.908991
561246778912341,2026-07-28 00:30:00,2026-07-28 02:30:00,DK1,1034.0444,138.33,2026-08-30 08:43:34.908991
439321932643639,2026-07-28 00:00:00,2026-07-28 02:00:00,DK1,1096.3876,146.67,2026-08-30 08:43:34.908991
805456949457110,2026-07-27 23:15:00,2026-07-28 01:15:00,DK1,1113.5806,148.97,2026-08-30 08:43:34.908991
529561461494220,2026-07-27 23:00:00,2026-07-28 01:00:00,DK1,1153.7223,154.34,2026-08-30 08:43:34.908991
610693957132213,2026-07-27 22:15:00,2026-07-28 00:15:00,DK1,1252.9183,167.61,2026-08-30 08:43:34.908991
526365434793895,2026-07-27 21:45:00,2026-07-27 23:45:00,DK1,1044.6592,139.75,2026-08-30 08:43:34.908991
265172991876789,2026-07-27 21:15:00,2026-07-27 23:15:00,DK1,1098.1068,146.9,2026-08-30 08:43:34.908991
95931406560080,2026-07-27 19:00:00,2026-07-27 21:00:00,DK1,1175.1014,157.2,2026-08-30 08:43:34.908991
535578857704765,2026-07-27 18:45:00,2026-07-27 20:45:00,DK1,938.6609,125.57,2026-08-30 08:43:34.908991
172234436379054,2026-07-27 18:15:00,2026-07-27 20:15:00,DK1,1018.57074,136.26,2026-08-30 08:43:34.908991
157000136055610,2026-07-27 18:00:00,2026-07-27 20:00:00,DK1,1007.8065,134.82,2026-08-30 08:43:34.908991
312480472086765,2026-07-27 17:00:00,2026-07-27 19:00:00,DK1,870.4123,116.44,2026-08-30 08:43:34.908991
799698021092541,2026-07-27 16:15:00,2026-07-27 18:15:00,DK1,608.9298,81.46,2026-08-30 08:43:34.908991
833237681780325,2026-07-27 15:00:00,2026-07-27 17:00:00,DK1,0.0,0.0,2026-08-30 08:43:34.908991
537596370561812,2026-07-27 13:30:00,2026-07-27 15:30:00,DK1,-0.224256,-0.03,2026-08-30 08:43:34.908991
487341075505344,2026-07-27 13:00:00,2026-07-27 15:00:00,DK1,-0.37376,-0.05,2026-08-30 08:43:34.908991
537564738694123,2026-07-27 11:45:00,2026-07-27 13:45:00,DK1,0.598016,0.08,2026-08-30 08:43:34.908991
218814484561814,2026-07-27 10:15:00,2026-07-27 12:15:00,DK1,3.662848,0.49,2026-08-30 08:43:34.908991
623655624138396,2026-07-27 10:00:00,2026-07-27 12:00:00,DK1,3.887104,0.52,2026-08-30 08:43:34.908991
258023448721598,2026-07-27 08:45:00,2026-07-27 10:45:00,DK1,38.422527,5.14,2026-08-30 08:43:34.908991
835532968203703,2026-07-27 08:30:00,2026-07-27 10:30:00,DK1,111.45523,14.91,2026-08-30 08:43:34.908991
745011367311673,2026-07-27 07:15:00,2026-07-27 09:15:00,DK1,632.62616,84.63,2026-08-30 08:43:34.908991
541408701356196,2026-07-27 05:00:00,2026-07-27 07:00:00,DK1,859.49854,114.98,2026-08-30 08:43:34.908991
641690835380154,2026-07-27 04:45:00,2026-07-27 06:45:00,DK1,873.4771,116.85,2026-08-30 08:43:34.908991
626386616061795,2026-07-27 04:15:00,2026-07-27 06:15:00,DK1,868.91724,116.24,2026-08-30 08:43:34.908991
507841276998999,2026-07-26 23:00:00,2026-07-27 01:00:00,DK1,603.7719,80.77,2026-08-30 08:43:34.908991
390532664751277,2026-07-26 22:30:00,2026-07-27 00:30:00,DK1,634.8687,84.93,2026-08-30 08:43:34.908991
3591027710701,2026-07-26 22:00:00,2026-07-27 00:00:00,DK1,612.29364,81.91,2026-08-30 08:43:34.908991
331452250476556,2026-07-26 20:30:00,2026-07-26 22:30:00,DK1,1106.2393,147.98,2026-08-30 08:43:34.908991
948575030564714,2026-07-26 19:45:00,2026-07-26 21:45:00,DK1,1104.221,147.71,2026-08-30 08:43:34.908991
163302475061223,2026-07-26 19:30:00,2026-07-26 21:30:00,DK1,1117.6769,149.51,2026-08-30 08:43:34.908991
348845813972083,2026-07-26 19:15:00,2026-07-26 21:15:00,DK1,1154.756,154.47,2026-08-30 08:43:34.908991
972094236312629,2026-07-26 18:15:00,2026-07-26 20:15:00,DK1,1175.7623,157.28,2026-08-30 08:43:34.908991
634036806219031,2026-07-26 17:45:00,2026-07-26 19:45:00,DK1,1087.326,145.45,2026-08-30 08:43:34.908991
268993077109003,2026-07-26 17:30:00,2026-07-26 19:30:00,DK1,1050.2471,140.49,2026-08-30 08:43:34.908991
824712042287984,2026-07-26 16:15:00,2026-07-26 18:15:00,DK1,807.8133,108.06,2026-08-30 08:43:34.908991
496058743884678,2026-07-26 13:00:00,2026-07-26 15:00:00,DK1,2.915484,0.39,2026-08-30 08:43:34.908991
761874631993040,2026-07-26 11:15:00,2026-07-26 13:15:00,DK1,-0.074756,-0.01,2026-08-30 08:43:34.908991
816983742282835,2026-07-26 10:30:00,2026-07-26 12:30:00,DK1,-0.074756,-0.01,2026-08-30 08:43:34.908991
843391282707180,2026-07-26 10:00:00,2026-07-26 12:00:00,DK1,-0.224268,-0.03,2026-08-30 08:43:34.908991
105741992452739,2026-07-26 07:15:00,2026-07-26 09:15:00,DK1,746.13965,99.81,2026-08-30 08:43:34.908991
906567102858573,2026-07-26 06:45:00,2026-07-26 08:45:00,DK1,716.83527,95.89,2026-08-30 08:43:34.908991
33594734575976,2026-07-26 05:15:00,2026-07-26 07:15:00,DK1,843.3972,112.82,2026-08-30 08:43:34.908991
713219711319402,2026-07-26 04:30:00,2026-07-26 06:30:00,DK1,907.6873,121.42,2026-08-30 08:43:34.908991
711253047018539,2026-07-26 04:15:00,2026-07-26 06:15:00,DK1,946.4857,126.61,2026-08-30 08:43:34.908991
781707742746485,2026-07-26 04:00:00,2026-07-26 06:00:00,DK1,998.0673,133.51,2026-08-30 08:43:34.908991
430624461756346,2026-07-26 02:15:00,2026-07-26 04:15:00,DK1,1076.4116,143.99,2026-08-30 08:43:34.908991
774393608908850,2026-07-26 01:30:00,2026-07-26 03:30:00,DK1,1131.2079,151.32,2026-08-30 08:43:34.908991
677198514006430,2026-07-26 00:30:00,2026-07-26 02:30:00,DK1,1105.1926,147.84,2026-08-30 08:43:34.908991
456416094765970,2026-07-26 00:15:00,2026-07-26 02:15:00,DK1,1083.4386,144.93,2026-08-30 08:43:34.908991
594651044765768,2026-07-25 23:15:00,2026-07-26 01:15:00,DK1,1124.0312,150.36,2026-08-30 08:43:34.908991
608853771523689,2026-07-25 22:00:00,2026-07-26 00:00:00,DK1,1108.3324,148.26,2026-08-30 08:43:34.908991
148897064715934,2026-07-25 21:15:00,2026-07-25 23:15:00,DK1,1198.563,160.33,2026-08-30 08:43:34.908991
426863567758079,2026-07-25 20:00:00,2026-07-25 22:00:00,DK1,1294.9235,173.22,2026-08-30 08:43:34.908991
158140039362838,2026-07-25 18:45:00,2026-07-25 20:45:00,DK1,1172.0245,156.78,2026-08-30 08:43:34.908991
269156666436111,2026-07-25 18:00:00,2026-07-25 20:00:00,DK1,1193.3301,159.63,2026-08-30 08:43:34.908991
877966598344901,2026-07-25 16:00:00,2026-07-25 18:00:00,DK1,166.25734,22.24,2026-08-30 08:43:34.908991
389444556750821,2026-07-25 15:15:00,2026-07-25 17:15:00,DK1,0.074756,0.01,2026-08-30 08:43:34.908991
804763539535591,2026-07-25 14:30:00,2026-07-25 16:30:00,DK1,-0.672804,-0.09,2026-08-30 08:43:34.908991
429616045850418,2026-07-25 14:00:00,2026-07-25 16:00:00,DK1,-7.998892,-1.07,2026-08-30 08:43:34.908991
798651880559614,2026-07-25 13:30:00,2026-07-25 15:30:00,DK1,-15.100712,-2.02,2026-08-30 08:43:34.908991
222647133643769,2026-07-25 11:15:00,2026-07-25 13:15:00,DK1,-52.553467,-7.03,2026-08-30 08:43:34.908991
41468855563410,2026-07-25 10:45:00,2026-07-25 12:45:00,DK1,-58.982483,-7.89,2026-08-30 08:43:34.908991
966644073144479,2026-07-25 10:30:00,2026-07-25 12:30:00,DK1,-38.27507,-5.12,2026-08-30 08:43:34.908991
529151317658827,2026-07-25 10:15:00,2026-07-25 12:15:00,DK1,-34.38776,-4.6,2026-08-30 08:43:34.908991
407630363709539,2026-07-25 09:00:00,2026-07-25 11:00:00,DK1,-6.129992,-0.82,2026-08-30 08:43:34.908991
812253717526190,2026-07-25 06:30:00,2026-07-25 08:30:00,DK1,596.5529,79.8,2026-08-30 08:43:34.908991
574805943421537,2026-07-25 05:15:00,2026-07-25 07:15:00,DK1,896.39923,119.91,2026-08-30 08:43:34.908991
898512126968416,2026-07-25 05:00:00,2026-07-25 07:00:00,DK1,1015.78455,135.88,2026-08-30 08:43:34.908991
346413166993570,2026-07-25 03:30:00,2026-07-25 05:30:00,DK1,999.8615,133.75,2026-08-30 08:43:34.908991
452951224210868,2026-07-25 02:30:00,2026-07-25 04:30:00,DK1,1080.4485,144.53,2026-08-30 08:43:34.908991
436294853885660,2026-07-25 00:15:00,2026-07-25 02:15:00,DK1,1182.2661,158.15,2026-08-30 08:43:34.908991
129502870391951,2026-07-24 23:15:00,2026-07-25 01:15:00,DK1,1171.5013,156.71,2026-08-30 08:43:34.908991
224271511552058,2026-07-24 22:00:00,2026-07-25 00:00:00,DK1,1315.1075,175.92,2026-08-30 08:43:34.908991
453849384943692,2026-07-24 20:45:00,2026-07-24 22:45:00,DK1,1379.2482,184.5,2026-08-30 08:43:34.908991
237847812742386,2026-07-24 19:15:00,2026-07-24 21:15:00,DK1,1555.3733,208.06,2026-08-30 08:43:34.908991
978643315079019,2026-07-24 18:45:00,2026-07-24 20:45:00,DK1,1597.76,213.73,2026-08-30 08:43:34.908991
757224237068533,2026-07-24 17:45:00,2026-07-24 19:45:00,DK1,1504.5392,201.26,2026-08-30 08:43:34.908991
26543764147232,2026-07-24 17:30:00,2026-07-24 19:30:00,DK1,1396.5168,186.81,2026-08-30 08:43:34.908991
786175447171604,2026-07-24 16:45:00,2026-07-24 18:45:00,DK1,1278.4023,171.01,2026-08-30 08:43:34.908991
679030015664635,2026-07-24 15:15:00,2026-07-24 17:15:00,DK1,822.01697,109.96,2026-08-30 08:43:34.908991
746456621431692,2026-07-24 08:15:00,2026-07-24 10:15:00,DK1,810.8036,108.46,2026-08-30 08:43:34.908991
569872477455644,2026-07-24 07:45:00,2026-07-24 09:45:00,DK1,843.771,112.87,2026-08-30 08:43:34.908991
193980732646402,2026-07-24 07:15:00,2026-07-24 09:15:00,DK1,993.20825,132.86,2026-08-30 08:43:34.908991
258276863172702,2026-07-24 07:00:00,2026-07-24 09:00:00,DK1,1265.3949,169.27,2026-08-30 08:43:34.908991
245067031917716,2026-07-24 06:30:00,2026-07-24 08:30:00,DK1,1189.8912,159.17,2026-08-30 08:43:34.908991
43963472078119,2026-07-24 06:00:00,2026-07-24 08:00:00,DK1,1300.6797,173.99,2026-08-30 08:43:34.908991
487079790247803,2026-07-24 05:45:00,2026-07-24 07:45:00,DK1,1115.808,149.26,2026-08-30 08:43:34.908991
849195744906622,2026-07-24 04:00:00,2026-07-24 06:00:00,DK1,1176.0614,157.32,2026-08-30 08:43:34.908991
715332112970948,2026-07-23 23:30:00,2026-07-24 01:30:00,DK1,1165.3713,155.89,2026-08-30 08:43:34.908991
445270652196849,2026-07-23 21:45:00,2026-07-23 23:45:00,DK1,1214.0536,162.4,2026-08-30 08:43:34.908991
759765199802468,2026-07-23 20:45:00,2026-07-23 22:45:00,DK1,1323.1989,177.0,2026-08-30 08:43:34.908991
540197921470732,2026-07-23 16:00:00,2026-07-23 18:00:00,DK1,833.39105,111.48,2026-08-30 08:43:34.908991
787639862804241,2026-07-23 15:00:00,2026-07-23 17:00:00,DK1,396.13736,52.99,2026-08-30 08:43:34.908991
155212043356671,2026-07-23 14:30:00,2026-07-23 16:30:00,DK1,210.96425,28.22,2026-08-30 08:43:34.908991
771313172644511,2026-07-23 13:30:00,2026-07-23 15:30:00,DK1,50.012432,6.69,2026-08-30 08:43:34.908991
283677620712450,2026-07-23 12:30:00,2026-07-23 14:30:00,DK1,38.4251,5.14,2026-08-30 08:43:34.908991
805972534142633,2026-07-23 11:45:00,2026-07-23 13:45:00,DK1,21.230988,2.84,2026-08-30 08:43:34.908991
187304553498883,2026-07-23 10:15:00,2026-07-23 12:15:00,DK1,284.2261,38.02,2026-08-30 08:43:34.908991
281865189729658,2026-07-23 09:45:00,2026-07-23 11:45:00,DK1,486.06998,65.02,2026-08-30 08:43:34.908991
556816242749096,2026-07-23 09:00:00,2026-07-23 11:00:00,DK1,746.37384,99.84,2026-08-30 08:43:34.908991
924233941472348,2026-07-23 08:00:00,2026-07-23 10:00:00,DK1,878.02094,117.45,2026-08-30 08:43:34.908991
32744163201434,2026-07-23 06:45:00,2026-07-23 08:45:00,DK1,1070.5203,143.2,2026-08-30 08:43:34.908991
773591904303209,2026-07-23 05:45:00,2026-07-23 07:45:00,DK1,1201.943,160.78,2026-08-30 08:43:34.908991
503107707150860,2026-07-23 05:15:00,2026-07-23 07:15:00,DK1,1298.6786,173.72,2026-08-30 08:43:34.908991
91828472550356,2026-07-23 05:00:00,2026-07-23 07:00:00,DK1,1291.4271,172.75,2026-08-30 08:43:34.908991
753052704892170,2026-07-23 04:15:00,2026-07-23 06:15:00,DK1,1210.1664,161.88,2026-08-30 08:43:34.908991
554051621566626,2026-07-23 03:15:00,2026-07-23 05:15:00,DK1,1025.7408,137.21,2026-08-30 08:43:34.908991
320782951806437,2026-07-23 03:00:00,2026-07-23 05:00:00,DK1,980.88666,131.21,2026-08-30 08:43:34.908991
144761511855475,2026-07-23 01:45:00,2026-07-23 03:45:00,DK1,985.14777,131.78,2026-08-30 08:43:34.908991
386228215525047,2026-07-23 00:30:00,2026-07-23 02:30:00,DK1,996.21173,133.26,2026-08-30 08:43:34.908991
595947074940743,2026-07-23 00:00:00,2026-07-23 02:00:00,DK1,1005.10785,134.45,2026-08-30 08:43:34.908991
599373553156642,2026-07-22 23:15:00,2026-07-23 01:15:00,DK1,1026.7126,137.34,2026-08-30 08:43:34.908991
181770421883811,2026-07-22 22:15:00,2026-07-23 00:15:00,DK1,1016.6952,136.0,2026-08-30 08:43:34.908991
264648457688065,2026-07-22 22:00:00,2026-07-23 00:00:00,DK1,1024.1709,137.0,2026-08-30 08:43:34.908991
848432906353684,2026-07-22 21:30:00,2026-07-22 23:30:00,DK1,994.94086,133.09,2026-08-30 08:43:34.908991
334302572466836,2026-07-22 21:00:00,2026-07-22 23:00:00,DK1,1006.52826,134.64,2026-08-30 08:43:34.908991
434585551677651,2026-07-22 18:00:00,2026-07-22 20:00:00,DK1,1015.5739,135.85,2026-08-30 08:43:34.908991
885485333655006,2026-07-22 17:15:00,2026-07-22 19:15:00,DK1,932.9674,124.8,2026-08-30 08:43:34.908991
695654349084493,2026-07-22 17:00:00,2026-07-22 19:00:00,DK1,910.914,121.85,2026-08-30 08:43:34.908991
24273353109045,2026-07-22 16:00:00,2026-07-22 18:00:00,DK1,609.19476,81.49,2026-08-30 08:43:34.908991
211431742072903,2026-07-22 15:45:00,2026-07-22 17:45:00,DK1,746.6729,99.88,2026-08-30 08:43:34.908991
674696052557505,2026-07-22 14:00:00,2026-07-22 16:00:00,DK1,18.16595,2.43,2026-08-30 08:43:34.908991
632261647202167,2026-07-22 13:45:00,2026-07-22 15:45:00,DK1,20.333904,2.72,2026-08-30 08:43:34.908991
27235727786181,2026-07-22 12:45:00,2026-07-22 14:45:00,DK1,15.399942,2.06,2026-08-30 08:43:34.908991
471856947466794,2026-07-22 12:30:00,2026-07-22 14:30:00,DK1,15.250428,2.04,2026-08-30 08:43:34.908991
630176467996788,2026-07-22 12:15:00,2026-07-22 14:15:00,DK1,13.082475,1.75,2026-08-30 08:43:34.908991
624944488169246,2026-07-22 12:00:00,2026-07-22 14:00:00,DK1,10.391223,1.39,2026-08-30 08:43:34.908991
867600177732465,2026-07-22 11:15:00,2026-07-22 13:15:00,DK1,18.539736,2.48,2026-08-30 08:43:34.908991
540178882336342,2026-07-22 10:15:00,2026-07-22 12:15:00,DK1,92.623924,12.39,2026-08-30 08:43:34.908991
217800246470686,2026-07-22 10:00:00,2026-07-22 12:00:00,DK1,167.00714,22.34,2026-08-30 08:43:34.908991
129200134448829,2026-07-22 09:45:00,2026-07-22 11:45:00,DK1,134.5626,18.0,2026-08-30 08:43:34.908991
83483031928516,2026-07-22 08:45:00,2026-07-22 10:45:00,DK1,355.021,47.49,2026-08-30 08:43:34.908991
858599959111543,2026-07-22 07:45:00,2026-07-22 09:45:00,DK1,441.0663,59.0,2026-08-30 08:43:34.908991
305458234110169,2026-07-22 07:00:00,2026-07-22 09:00:00,DK1,851.4075,113.89,2026-08-30 08:43:34.908991
398375541098593,2026-07-22 06:30:00,2026-07-22 08:30:00,DK1,848.2677,113.47,2026-08-30 08:43:34.908991
53887474781467,2026-07-22 05:45:00,2026-07-22 07:45:00,DK1,909.26935,121.63,2026-08-30 08:43:34.908991
133561782322083,2026-07-22 04:30:00,2026-07-22 06:30:00,DK1,919.43634,122.99,2026-08-30 08:43:34.908991
318005599712591,2026-07-22 00:45:00,2026-07-22 02:45:00,DK1,930.79944,124.51,2026-08-30 08:43:34.908991
737199130752925,2026-07-22 00:15:00,2026-07-22 02:15:00,DK1,924.0713,123.61,2026-08-30 08:43:34.908991
624239914977434,2026-07-21 23:30:00,2026-07-22 01:30:00,DK1,955.6188,127.83,2026-08-30 08:43:34.908991
112294163491599,2026-07-21 22:15:00,2026-07-22 00:15:00,DK1,1031.8708,138.03,2026-08-30 08:43:34.908991
683352685728053,2026-07-21 22:00:00,2026-07-22 00:00:00,DK1,1048.3174,140.23,2026-08-30 08:43:34.908991
719954481239520,2026-07-21 21:30:00,2026-07-21 23:30:00,DK1,1108.183,148.24,2026-08-30 08:43:34.908991
403826095074716,2026-07-21 19:45:00,2026-07-21 21:45:00,DK1,1214.1122,162.41,2026-08-30 08:43:34.908991
612908634686691,2026-07-21 19:00:00,2026-07-21 21:00:00,DK1,1323.1812,177.0,2026-08-30 08:43:34.908991
859661228007434,2026-07-21 17:15:00,2026-07-21 19:15:00,DK1,1127.769,150.86,2026-08-30 08:43:34.908991
552880196558867,2026-07-21 16:45:00,2026-07-21 18:45:00,DK1,1149.8969,153.82,2026-08-30 08:43:34.908991
49791407055393,2026-07-21 16:30:00,2026-07-21 18:30:00,DK1,1068.637,142.95,2026-08-30 08:43:34.908991
687562106735343,2026-07-21 15:00:00,2026-07-21 17:00:00,DK1,563.58545,75.39,2026-08-30 08:43:34.908991
282874414689925,2026-07-21 13:00:00,2026-07-21 15:00:00,DK1,29.9024,4.0,2026-08-30 08:43:34.908991
60065189450702,2026-07-21 10:00:00,2026-07-21 12:00:00,DK1,141.5131,18.93,2026-08-30 08:43:34.908991
703009621254592,2026-07-21 09:45:00,2026-07-21 11:45:00,DK1,119.983376,16.05,2026-08-30 08:43:34.908991
908607313183432,2026-07-21 09:15:00,2026-07-21 11:15:00,DK1,429.47324,57.45,2026-08-30 08:43:34.908991
452067035483000,2026-07-21 04:45:00,2026-07-21 06:45:00,DK1,1169.4081,156.43,2026-08-30 08:43:34.908991
673967554327755,2026-07-21 03:00:00,2026-07-21 05:00:00,DK1,1041.7249,139.35,2026-08-30 08:43:34.908991
279183468584350,2026-07-21 01:00:00,2026-07-21 03:00:00,DK1,1045.986,139.92,2026-08-30 08:43:34.908991
931116392975549,2026-07-20 21:45:00,2026-07-20 23:45:00,DK1,1114.1633,149.04,2026-08-30 08:43:34.908991
249454939788575,2026-07-20 20:30:00,2026-07-20 22:30:00,DK1,1285.3547,171.94,2026-08-30 08:43:34.908991
245026372141664,2026-07-20 17:30:00,2026-07-20 19:30:00,DK1,1212.8414,162.24,2026-08-30 08:43:34.908991
702342463691125,2026-07-20 15:45:00,2026-07-20 17:45:00,DK1,804.0755,107.56,2026-08-30 08:43:34.908991
58269407524694,2026-07-20 15:30:00,2026-07-20 17:30:00,DK1,684.8397,91.61,2026-08-30 08:43:34.908991
230407313633082,2026-07-20 15:15:00,2026-07-20 17:15:00,DK1,601.3373,80.44,2026-08-30 08:43:34.908991
210251239579004,2026-07-20 14:00:00,2026-07-20 16:00:00,DK1,38.87312,5.2,2026-08-30 08:43:34.908991
783481501627475,2026-07-20 13:45:00,2026-07-20 15:45:00,DK1,72.36381,9.68,2026-08-30 08:43:34.908991
102826024581840,2026-07-20 13:15:00,2026-07-20 15:15:00,DK1,33.78971,4.52,2026-08-30 08:43:34.908991
585953059538607,2026-07-20 12:45:00,2026-07-20 14:45:00,DK1,56.665047,7.58,2026-08-30 08:43:34.908991
17961129833327,2026-07-20 12:30:00,2026-07-20 14:30:00,DK1,47.99335,6.42,2026-08-30 08:43:34.908991
994125656912171,2026-07-20 11:00:00,2026-07-20 13:00:00,DK1,34.01398,4.55,2026-08-30 08:43:34.908991
638044994867636,2026-07-20 10:45:00,2026-07-20 12:45:00,DK1,74.756,10.0,2026-08-30 08:43:34.908991
55069252597603,2026-07-20 09:45:00,2026-07-20 11:45:00,DK1,44.47982,5.95,2026-08-30 08:43:34.908991
237841211215771,2026-07-20 09:00:00,2026-07-20 11:00:00,DK1,249.46077,33.37,2026-08-30 08:43:34.908991
804987355826938,2026-07-20 08:15:00,2026-07-20 10:15:00,DK1,548.41003,73.36,2026-08-30 08:43:34.908991
585543790235655,2026-07-20 07:00:00,2026-07-20 09:00:00,DK1,850.12524,113.72,2026-08-30 08:43:34.908991
558300589712360,2026-07-20 06:45:00,2026-07-20 08:45:00,DK1,779.6303,104.29,2026-08-30 08:43:34.908991
768003717992925,2026-07-20 06:00:00,2026-07-20 08:00:00,DK1,1188.6204,159.0,2026-08-30 08:43:34.908991
668446479081027,2026-07-20 04:45:00,2026-07-20 06:45:00,DK1,1115.2848,149.19,2026-08-30 08:43:34.908991
68279639408570,2026-07-20 03:15:00,2026-07-20 05:15:00,DK1,1027.1473,137.4,2026-08-30 08:43:34.908991
738840090436031,2026-07-20 02:00:00,2026-07-20 04:00:00,DK1,932.2073,124.7,2026-08-30 08:43:34.908991
576576856571609,2026-07-20 00:45:00,2026-07-20 02:45:00,DK1,951.1206,127.23,2026-08-30 08:43:34.908991
516855035338779,2026-07-20 00:30:00,2026-07-20 02:30:00,DK1,961.51166,128.62,2026-08-30 08:43:34.908991
568700539951049,2026-07-20 00:00:00,2026-07-20 02:00:00,DK1,989.17145,132.32,2026-08-30 08:43:34.908991
648937077274572,2026-07-19 22:45:00,2026-07-20 00:45:00,DK1,984.01324,131.63,2026-08-30 08:43:34.908991
462012842490990,2026-07-19 22:00:00,2026-07-20 00:00:00,DK1,1250.8922,167.33,2026-08-30 08:43:34.908991
456310972402176,2026-07-19 21:45:00,2026-07-19 23:45:00,DK1,960.09125,128.43,2026-08-30 08:43:34.908991
197875115619241,2026-07-19 20:45:00,2026-07-19 22:45:00,DK1,1043.1451,139.54,2026-08-30 08:43:34.908991
171888283547848,2026-07-19 20:15:00,2026-07-19 22:15:00,DK1,1080.7476,144.57,2026-08-30 08:43:34.908991
489247715779005,2026-07-19 18:00:00,2026-07-19 20:00:00,DK1,966.2213,129.25,2026-08-30 08:43:34.908991
635729225511325,2026-07-19 17:30:00,2026-07-19 19:30:00,DK1,982.9667,131.49,2026-08-30 08:43:34.908991
98745307418678,2026-07-19 17:15:00,2026-07-19 19:15:00,DK1,820.0733,109.7,2026-08-30 08:43:34.908991
472103719166571,2026-07-19 16:15:00,2026-07-19 18:15:00,DK1,226.43593,30.29,2026-08-30 08:43:34.908991
696929533286869,2026-07-19 15:45:00,2026-07-19 17:45:00,DK1,31.920813,4.27,2026-08-30 08:43:34.908991
485474604046681,2026-07-19 15:15:00,2026-07-19 17:15:00,DK1,18.614244,2.49,2026-08-30 08:43:34.908991
829198051777428,2026-07-19 14:15:00,2026-07-19 16:15:00,DK1,0.0,0.0,2026-08-30 08:43:34.908991
965716100000684,2026-07-19 14:00:00,2026-07-19 16:00:00,DK1,0.74756,0.1,2026-08-30 08:43:34.908991
880167468043174,2026-07-19 13:15:00,2026-07-19 15:15:00,DK1,0.0,0.0,2026-08-30 08:43:34.908991
413963811331446,2026-07-19 12:15:00,2026-07-19 14:15:00,DK1,-0.299024,-0.04,2026-08-30 08:43:34.908991
136201217077096,2026-07-19 11:45:00,2026-07-19 13:45:00,DK1,-0.074756,-0.01,2026-08-30 08:43:34.908991
254021068015111,2026-07-19 08:45:00,2026-07-19 10:45:00,DK1,0.0,0.0,2026-08-30 08:43:34.908991
16424037170164,2026-07-19 07:45:00,2026-07-19 09:45:00,DK1,1.943656,0.26,2026-08-30 08:43:34.908991
236181782033438,2026-07-19 07:30:00,2026-07-19 09:30:00,DK1,10.540596,1.41,2026-08-30 08:43:34.908991
766269013488992,2026-07-19 05:45:00,2026-07-19 07:45:00,DK1,534.4306,71.49,2026-08-30 08:43:34.908991
714440872318521,2026-07-19 03:30:00,2026-07-19 05:30:00,DK1,812.2987,108.66,2026-08-30 08:43:34.908991
411497735602371,2026-07-19 03:15:00,2026-07-19 05:15:00,DK1,818.8025,109.53,2026-08-30 08:43:34.908991
973890418334911,2026-07-19 02:45:00,2026-07-19 04:45:00,DK1,833.9779,111.56,2026-08-30 08:43:34.908991
757663306387379,2026-07-19 02:30:00,2026-07-19 04:30:00,DK1,849.9757,113.7,2026-08-30 08:43:34.908991
220538005833248,2026-07-19 00:15:00,2026-07-19 02:15:00,DK1,914.34064,122.31,2026-08-30 08:43:34.908991
468912027386626,2026-07-18 23:30:00,2026-07-19 01:30:00,DK1,972.27655,130.06,2026-08-30 08:43:34.908991
325533684737190,2026-07-18 22:45:00,2026-07-19 00:45:00,DK1,979.07935,130.97,2026-08-30 08:43:34.908991
771447628985912,2026-07-18 21:45:00,2026-07-18 23:45:00,DK1,1024.6057,137.06,2026-08-30 08:43:34.908991
695900981486305,2026-07-18 21:15:00,2026-07-18 23:15:00,DK1,1039.6317,139.07,2026-08-30 08:43:34.908991
108335369510626,2026-07-18 20:00:00,2026-07-18 22:00:00,DK1,1057.1246,141.41,2026-08-30 08:43:34.908991
848337471237483,2026-07-18 18:30:00,2026-07-18 20:30:00,DK1,959.34375,128.33,2026-08-30 08:43:34.908991
303024954776697,2026-07-18 17:30:00,2026-07-18 19:30:00,DK1,842.2758,112.67,2026-08-30 08:43:34.908991
630228088194105,2026-07-18 17:15:00,2026-07-18 19:15:00,DK1,782.84485,104.72,2026-08-30 08:43:34.908991
188857250727245,2026-07-18 16:45:00,2026-07-18 18:45:00,DK1,756.5307,101.2,2026-08-30 08:43:34.908991
823451008820633,2026-07-18 15:15:00,2026-07-18 17:15:00,DK1,3.513532,0.47,2026-08-30 08:43:34.908991
14987707796957,2026-07-18 14:00:00,2026-07-18 16:00:00,DK1,-7.774624,-1.04,2026-08-30 08:43:34.908991
950192202980360,2026-07-18 12:15:00,2026-07-18 14:15:00,DK1,-10.764864,-1.44,2026-08-30 08:43:34.908991
965373095583543,2026-07-18 12:00:00,2026-07-18 14:00:00,DK1,-9.867792,-1.32,2026-08-30 08:43:34.908991
297023265151603,2026-07-18 11:15:00,2026-07-18 13:15:00,DK1,-4.560116,-0.61,2026-08-30 08:43:34.908991
605473463399319,2026-07-18 09:00:00,2026-07-18 11:00:00,DK1,4.410604,0.59,2026-08-30 08:43:34.908991
884007493442238,2026-07-18 08:45:00,2026-07-18 10:45:00,DK1,9.793036,1.31,2026-08-30 08:43:34.908991
40705400680199,2026-07-18 08:15:00,2026-07-18 10:15:00,DK1,89.40817,11.96,2026-08-30 08:43:34.908991
453279405555883,2026-07-18 07:30:00,2026-07-18 09:30:00,DK1,209.09253,27.97,2026-08-30 08:43:34.908991
900143922162820,2026-07-18 06:45:00,2026-07-18 08:45:00,DK1,541.68195,72.46,2026-08-30 08:43:34.908991
388319423651736,2026-07-18 06:15:00,2026-07-18 08:15:00,DK1,798.9174,106.87,2026-08-30 08:43:34.908991
119074354185549,2026-07-18 03:45:00,2026-07-18 05:45:00,DK1,915.0134,122.4,2026-08-30 08:43:34.908991
958355698361560,2026-07-18 03:15:00,2026-07-18 05:15:00,DK1,941.8508,125.99,2026-08-30 08:43:34.908991
165114329055828,2026-07-18 03:00:00,2026-07-18 05:00:00,DK1,951.4944,127.28,2026-08-30 08:43:34.908991
34282125037428,2026-07-18 02:30:00,2026-07-18 04:30:00,DK1,989.3957,132.35,2026-08-30 08:43:34.908991
494102870362623,2026-07-18 01:30:00,2026-07-18 03:30:00,DK1,1009.206,135.0,2026-08-30 08:43:34.908991
272169889268012,2026-07-18 00:00:00,2026-07-18 02:00:00,DK1,1092.4094,146.13,2026-08-30 08:43:34.908991
889380487994798,2026-07-17 23:30:00,2026-07-18 01:30:00,DK1,1071.4778,143.33,2026-08-30 08:43:34.908991
655283999745517,2026-07-17 23:15:00,2026-07-18 01:15:00,DK1,1097.4928,146.81,2026-08-30 08:43:34.908991
397384940903114,2026-07-17 22:45:00,2026-07-18 00:45:00,DK1,1083.962,145.0,2026-08-30 08:43:34.908991
955000498007902,2026-07-17 20:30:00,2026-07-17 22:30:00,DK1,1230.9324,164.66,2026-08-30 08:43:34.908991
497421260443562,2026-07-17 20:00:00,2026-07-17 22:00:00,DK1,1264.7219,169.18,2026-08-30 08:43:34.908991
346504611033590,2026-07-17 15:45:00,2026-07-17 17:45:00,DK1,1065.8711,142.58,2026-08-30 08:43:34.908991
856918926201412,2026-07-17 15:00:00,2026-07-17 17:00:00,DK1,857.89984,114.76,2026-08-30 08:43:34.908991
521067700626761,2026-07-17 14:45:00,2026-07-17 16:45:00,DK1,940.6548,125.83,2026-08-30 08:43:34.908991
744009980449450,2026-07-17 14:00:00,2026-07-17 16:00:00,DK1,784.938,105.0,2026-08-30 08:43:34.908991
739485227497024,2026-07-17 12:30:00,2026-07-17 14:30:00,DK1,735.6738,98.41,2026-08-30 08:43:34.908991
93041520953688,2026-07-17 10:15:00,2026-07-17 12:15:00,DK1,784.938,105.0,2026-08-30 08:43:34.908991
166624445845745,2026-07-17 09:30:00,2026-07-17 11:30:00,DK1,836.6691,111.92,2026-08-30 08:43:34.908991
436643298154251,2026-07-17 08:00:00,2026-07-17 10:00:00,DK1,1111.0237,148.62,2026-08-30 08:43:34.908991
194003126865448,2026-07-17 06:15:00,2026-07-17 08:15:00,DK1,1235.2682,165.24,2026-08-30 08:43:34.908991
158117958596770,2026-07-17 04:45:00,2026-07-17 06:45:00,DK1,1204.5435,161.13,2026-08-30 08:43:34.908991
392473481059770,2026-07-17 04:30:00,2026-07-17 06:30:00,DK1,1251.1165,167.36,2026-08-30 08:43:34.908991
162608610021204,2026-07-17 04:00:00,2026-07-17 06:00:00,DK1,1212.8414,162.24,2026-08-30 08:43:34.908991
745836189242354,2026-07-17 03:45:00,2026-07-17 05:45:00,DK1,1186.8262,158.76,2026-08-30 08:43:34.908991
666144500564427,2026-07-17 03:15:00,2026-07-17 05:15:00,DK1,1122.0876,150.1,2026-08-30 08:43:34.908991
753827217307865,2026-07-17 02:30:00,2026-07-17 04:30:00,DK1,1064.1517,142.35,2026-08-30 08:43:34.908991
888444780211336,2026-07-17 01:30:00,2026-07-17 03:30:00,DK1,1061.5352,142.0,2026-08-30 08:43:34.908991
822143354968351,2026-07-16 22:45:00,2026-07-17 00:45:00,DK1,1244.6874,166.5,2026-08-30 08:43:34.908991
157107253680714,2026-07-16 22:15:00,2026-07-17 00:15:00,DK1,1280.645,171.31,2026-08-30 08:43:34.908991
993103768143497,2026-07-16 21:30:00,2026-07-16 23:30:00,DK1,1308.925,175.1,2026-08-30 08:43:34.908991
254538347840507,2026-07-16 20:15:00,2026-07-16 22:15:00,DK1,1523.0924,203.75,2026-08-30 08:43:34.908991
553947652941208,2026-07-16 20:00:00,2026-07-16 22:00:00,DK1,1710.1244,228.77,2026-08-30 08:43:34.908991
632185157624823,2026-07-16 18:45:00,2026-07-16 20:45:00,DK1,2419.68,323.69,2026-08-30 08:43:34.908991
170601811346171,2026-07-16 18:00:00,2026-07-16 20:00:00,DK1,2099.2883,280.83,2026-08-30 08:43:34.908991
370071689820619,2026-07-16 17:00:00,2026-07-16 19:00:00,DK1,1356.0942,181.41,2026-08-30 08:43:34.908991
476119447654006,2026-07-16 16:30:00,2026-07-16 18:30:00,DK1,1366.4849,182.8,2026-08-30 08:43:34.908991
796339736206156,2026-07-16 16:15:00,2026-07-16 18:15:00,DK1,1324.4736,177.18,2026-08-30 08:43:34.908991
505656151322361,2026-07-16 15:45:00,2026-07-16 17:45:00,DK1,1177.1355,157.47,2026-08-30 08:43:34.908991
834056401146487,2026-07-16 14:45:00,2026-07-16 16:45:00,DK1,988.6084,132.25,2026-08-30 08:43:34.908991
806822102777674,2026-07-16 14:30:00,2026-07-16 16:30:00,DK1,954.89484,127.74,2026-08-30 08:43:34.908991
768200234806712,2026-07-16 12:00:00,2026-07-16 14:00:00,DK1,685.6345,91.72,2026-08-30 08:43:34.908991
535659741859520,2026-07-16 11:15:00,2026-07-16 13:15:00,DK1,684.7375,91.6,2026-08-30 08:43:34.908991
521989921316574,2026-07-16 11:00:00,2026-07-16 13:00:00,DK1,688.9984,92.17,2026-08-30 08:43:34.908991
616084671692711,2026-07-16 09:30:00,2026-07-16 11:30:00,DK1,792.2323,105.98,2026-08-30 08:43:34.908991
838217665299296,2026-07-16 08:15:00,2026-07-16 10:15:00,DK1,926.7877,123.98,2026-08-30 08:43:34.908991
66016271552391,2026-07-16 07:30:00,2026-07-16 09:30:00,DK1,995.41095,133.16,2026-08-30 08:43:34.908991
148255142302554,2026-07-16 06:15:00,2026-07-16 08:15:00,DK1,1240.8251,165.99,2026-08-30 08:43:34.908991
274411877527752,2026-07-16 05:45:00,2026-07-16 07:45:00,DK1,1204.6445,161.15,2026-08-30 08:43:34.908991
712706094632132,2026-07-16 05:30:00,2026-07-16 07:30:00,DK1,1280.8179,171.34,2026-08-30 08:43:34.908991
379603884892007,2026-07-16 04:45:00,2026-07-16 06:45:00,DK1,1303.9165,174.43,2026-08-30 08:43:34.908991
960269834491402,2026-07-16 03:45:00,2026-07-16 05:45:00,DK1,1220.567,163.28,2026-08-30 08:43:34.908991
14011229860513,2026-07-16 02:45:00,2026-07-16 04:45:00,DK1,1158.3726,154.96,2026-08-30 08:43:34.908991
687626081079689,2026-07-16 02:15:00,2026-07-16 04:15:00,DK1,1122.2668,150.13,2026-08-30 08:43:34.908991
556351244352876,2026-07-16 01:00:00,2026-07-16 03:00:00,DK1,1136.3951,152.02,2026-08-30 08:43:34.908991
655867038799605,2026-07-16 00:00:00,2026-07-16 02:00:00,DK1,1178.2567,157.62,2026-08-30 08:43:34.908991
206576248798067,2026-07-15 22:30:00,2026-07-16 00:30:00,DK1,1222.2863,163.51,2026-08-30 08:43:34.908991
631780677061700,2026-07-15 22:15:00,2026-07-16 00:15:00,DK1,1263.6246,169.04,2026-08-30 08:43:34.908991
217983018937155,2026-07-15 21:30:00,2026-07-15 23:30:00,DK1,1267.9773,169.62,2026-08-30 08:43:34.908991
622034740531496,2026-07-15 20:15:00,2026-07-15 22:15:00,DK1,1420.326,190.0,2026-08-30 08:43:34.908991
837274555202666,2026-07-15 18:30:00,2026-07-15 20:30:00,DK1,1556.3783,208.2,2026-08-30 08:43:34.908991
143136180726387,2026-07-15 17:45:00,2026-07-15 19:45:00,DK1,1570.5815,210.1,2026-08-30 08:43:34.908991
156240615140852,2026-07-15 16:45:00,2026-07-15 18:45:00,DK1,1213.9302,162.39,2026-08-30 08:43:34.908991
506535717934214,2026-07-15 16:15:00,2026-07-15 18:15:00,DK1,1051.7888,140.7,2026-08-30 08:43:34.908991
506587583347966,2026-07-15 16:00:00,2026-07-15 18:00:00,DK1,961.63544,128.64,2026-08-30 08:43:34.908991
308322834850766,2026-07-15 14:30:00,2026-07-15 16:30:00,DK1,787.0849,105.29,2026-08-30 08:43:34.908991
545649483260201,2026-07-15 14:15:00,2026-07-15 16:15:00,DK1,665.7591,89.06,2026-08-30 08:43:34.908991
684036899080574,2026-07-15 13:30:00,2026-07-15 15:30:00,DK1,561.32776,75.09,2026-08-30 08:43:34.908991
208989541102657,2026-07-15 12:30:00,2026-07-15 14:30:00,DK1,461.1574,61.69,2026-08-30 08:43:34.908991
478831867202532,2026-07-15 11:45:00,2026-07-15 13:45:00,DK1,417.6506,55.87,2026-08-30 08:43:34.908991
886085186712126,2026-07-15 10:45:00,2026-07-15 12:45:00,DK1,456.89645,61.12,2026-08-30 08:43:34.908991
880784891941219,2026-07-15 10:15:00,2026-07-15 12:15:00,DK1,542.8636,72.62,2026-08-30 08:43:34.908991
614617141989756,2026-07-15 10:00:00,2026-07-15 12:00:00,DK1,651.4064,87.14,2026-08-30 08:43:34.908991
28170361669917,2026-07-15 08:30:00,2026-07-15 10:30:00,DK1,762.4908,102.0,2026-08-30 08:43:34.908991
117124269039157,2026-07-15 08:00:00,2026-07-15 10:00:00,DK1,963.1305,128.84,2026-08-30 08:43:34.908991
704043422987550,2026-07-15 07:00:00,2026-07-15 09:00:00,DK1,1121.31,150.0,2026-08-30 08:43:34.908991
368780603406697,2026-07-15 05:15:00,2026-07-15 07:15:00,DK1,1247.719,166.91,2026-08-30 08:43:34.908991
540851084258658,2026-07-15 04:30:00,2026-07-15 06:30:00,DK1,1236.506,165.41,2026-08-30 08:43:34.908991
311574201323193,2026-07-15 03:00:00,2026-07-15 05:00:00,DK1,1046.855,140.04,2026-08-30 08:43:34.908991
73304112925047,2026-07-15 01:15:00,2026-07-15 03:15:00,DK1,1006.56256,134.65,2026-08-30 08:43:34.908991
522770658717348,2026-07-15 00:15:00,2026-07-15 02:15:00,DK1,1033.6984,138.28,2026-08-30 08:43:34.908991
270827514462645,2026-07-14 23:45:00,2026-07-15 01:45:00,DK1,1042.3698,139.44,2026-08-30 08:43:34.908991
792988890498337,2026-07-14 22:45:00,2026-07-15 00:45:00,DK1,1096.0431,146.62,2026-08-30 08:43:34.908991
852438491574274,2026-07-14 22:15:00,2026-07-15 00:15:00,DK1,1154.9493,154.5,2026-08-30 08:43:34.908991
430281718895840,2026-07-14 22:00:00,2026-07-15 00:00:00,DK1,1183.6548,158.34,2026-08-30 08:43:34.908991
776278972218827,2026-07-14 21:30:00,2026-07-14 23:30:00,DK1,1123.6123,150.31,2026-08-30 08:43:34.908991
515061723012197,2026-07-14 21:15:00,2026-07-14 23:15:00,DK1,1143.721,153.0,2026-08-30 08:43:34.908991
565474667874650,2026-07-14 21:00:00,2026-07-14 23:00:00,DK1,1184.9098,158.51,2026-08-30 08:43:34.908991
980882592559723,2026-07-14 20:45:00,2026-07-14 22:45:00,DK1,1188.0493,158.93,2026-08-30 08:43:34.908991
996749731674549,2026-07-14 19:45:00,2026-07-14 21:45:00,DK1,1285.4526,171.96,2026-08-30 08:43:34.908991
788982678546762,2026-07-14 17:00:00,2026-07-14 19:00:00,DK1,1059.3995,141.72,2026-08-30 08:43:34.908991
655145139008120,2026-07-14 16:45:00,2026-07-14 18:45:00,DK1,1149.4769,153.77,2026-08-30 08:43:34.908991
400080310862846,2026-07-14 15:00:00,2026-07-14 17:00:00,DK1,779.74854,104.31,2026-08-30 08:43:34.908991
923680920105468,2026-07-14 13:15:00,2026-07-14 15:15:00,DK1,448.89175,60.05,2026-08-30 08:43:34.908991
988765259108065,2026-07-14 12:45:00,2026-07-14 14:45:00,DK1,456.59134,61.08,2026-08-30 08:43:34.908991
764762898814747,2026-07-14 12:15:00,2026-07-14 14:15:00,DK1,370.92438,49.62,2026-08-30 08:43:34.908991
601205509965706,2026-07-14 11:00:00,2026-07-14 13:00:00,DK1,376.60562,50.38,2026-08-30 08:43:34.908991
404768203049716,2026-07-14 10:30:00,2026-07-14 12:30:00,DK1,407.1796,54.47,2026-08-30 08:43:34.908991
612509276269713,2026-07-14 10:00:00,2026-07-14 12:00:00,DK1,581.42883,77.78,2026-08-30 08:43:34.908991
447211416039559,2026-07-14 09:15:00,2026-07-14 11:15:00,DK1,716.95605,95.91,2026-08-30 08:43:34.908991
19268416236803,2026-07-14 09:00:00,2026-07-14 11:00:00,DK1,752.389,100.65,2026-08-30 08:43:34.908991
422322588477004,2026-07-14 08:15:00,2026-07-14 10:15:00,DK1,799.48334,106.95,2026-08-30 08:43:34.908991
827265605376539,2026-07-14 08:00:00,2026-07-14 10:00:00,DK1,916.397,122.59,2026-08-30 08:43:34.908991
395318228316439,2026-07-14 05:15:00,2026-07-14 07:15:00,DK1,1135.6476,151.92,2026-08-30 08:43:34.908991
746011552785606,2026-07-14 04:30:00,2026-07-14 06:30:00,DK1,1112.3247,148.8,2026-08-30 08:43:34.908991
518901932215058,2026-07-14 03:30:00,2026-07-14 05:30:00,DK1,1023.5928,136.93,2026-08-30 08:43:34.908991
631916274863824,2026-07-14 02:30:00,2026-07-14 04:30:00,DK1,958.5577,128.23,2026-08-30 08:43:34.908991
392930801069004,2026-07-14 00:30:00,2026-07-14 02:30:00,DK1,952.6522,127.44,2026-08-30 08:43:34.908991
211544158551428,2026-07-13 23:15:00,2026-07-14 01:15:00,DK1,1005.42786,134.5,2026-08-30 08:43:34.908991
375988136583688,2026-07-13 23:00:00,2026-07-14 01:00:00,DK1,1037.4968,138.79,2026-08-30 08:43:34.908991
731050073406015,2026-07-13 21:15:00,2026-07-13 23:15:00,DK1,1080.5112,144.55,2026-08-30 08:43:34.908991
415917042274934,2026-07-13 20:15:00,2026-07-13 22:15:00,DK1,1165.9504,155.98,2026-08-30 08:43:34.908991
182678272316723,2026-07-13 19:30:00,2026-07-13 21:30:00,DK1,1218.425,163.0,2026-08-30 08:43:34.908991
430329426956928,2026-07-13 19:15:00,2026-07-13 21:15:00,DK1,1325.9902,177.39,2026-08-30 08:43:34.908991
113197255740231,2026-07-13 18:45:00,2026-07-13 20:45:00,DK1,1346.995,180.2,2026-08-30 08:43:34.908991
31813365289611,2026-07-13 18:30:00,2026-07-13 20:30:00,DK1,1359.6277,181.89,2026-08-30 08:43:34.908991
314010245440042,2026-07-13 17:45:00,2026-07-13 19:45:00,DK1,1452.3177,194.29,2026-08-30 08:43:34.908991
583446611559565,2026-07-13 16:45:00,2026-07-13 18:45:00,DK1,1126.7067,150.73,2026-08-30 08:43:34.908991
782789644179603,2026-07-13 15:45:00,2026-07-13 17:45:00,DK1,1033.942,138.32,2026-08-30 08:43:34.908991
151219364224438,2026-07-13 15:00:00,2026-07-13 17:00:00,DK1,728.962,97.52,2026-08-30 08:43:34.908991
799017967367718,2026-07-13 14:00:00,2026-07-13 16:00:00,DK1,513.3082,68.67,2026-08-30 08:43:34.908991
437914007306137,2026-07-13 13:45:00,2026-07-13 15:45:00,DK1,621.24725,83.11,2026-08-30 08:43:34.908991
980188558114860,2026-07-13 13:00:00,2026-07-13 15:00:00,DK1,320.60275,42.89,2026-08-30 08:43:34.908991
520272949390188,2026-07-13 11:15:00,2026-07-13 13:15:00,DK1,449.77072,60.17,2026-08-30 08:43:34.908991
808899807394239,2026-07-13 10:15:00,2026-07-13 12:15:00,DK1,386.7565,51.74,2026-08-30 08:43:34.908991
164015213042401,2026-07-13 09:45:00,2026-07-13 11:45:00,DK1,447.97675,59.93,2026-08-30 08:43:34.908991
355816600184041,2026-07-13 06:45:00,2026-07-13 08:45:00,DK1,950.8947,127.21,2026-08-30 08:43:34.908991
7888670547437,2026-07-13 04:00:00,2026-07-13 06:00:00,DK1,1079.0162,144.35,2026-08-30 08:43:34.908991
533895637497049,2026-07-13 03:15:00,2026-07-13 05:15:00,DK1,972.4227,130.09,2026-08-30 08:43:34.908991
560618150963342,2026-07-13 02:45:00,2026-07-13 04:45:00,DK1,948.12897,126.84,2026-08-30 08:43:34.908991
887316823565472,2026-07-13 02:30:00,2026-07-13 04:30:00,DK1,939.98126,125.75,2026-08-30 08:43:34.908991
800158491318236,2026-07-13 02:15:00,2026-07-13 04:15:00,DK1,917.4815,122.74,2026-08-30 08:43:34.908991
265839861377131,2026-07-13 02:00:00,2026-07-13 04:00:00,DK1,887.133,118.68,2026-08-30 08:43:34.908991
938933217998661,2026-07-13 01:30:00,2026-07-13 03:30:00,DK1,911.352,121.92,2026-08-30 08:43:34.908991
266597939813998,2026-07-13 00:45:00,2026-07-13 02:45:00,DK1,900.7375,120.5,2026-08-30 08:43:34.908991
340543365618587,2026-07-12 23:30:00,2026-07-13 01:30:00,DK1,924.6575,123.7,2026-08-30 08:43:34.908991
312688896241327,2026-07-12 23:00:00,2026-07-13 01:00:00,DK1,959.9395,128.42,2026-08-30 08:43:34.908991
415781667589112,2026-07-12 22:30:00,2026-07-13 00:30:00,DK1,967.3398,129.41,2026-08-30 08:43:34.908991
261964595792005,2026-07-12 22:00:00,2026-07-13 00:00:00,DK1,986.2515,131.94,2026-08-30 08:43:34.908991
748862907142261,2026-07-12 18:45:00,2026-07-12 20:45:00,DK1,1077.3114,144.12,2026-08-30 08:43:34.908991
380637837805147,2026-07-12 18:00:00,2026-07-12 20:00:00,DK1,1025.9575,137.25,2026-08-30 08:43:34.908991
889396261213718,2026-07-12 17:30:00,2026-07-12 19:30:00,DK1,1022.96747,136.85,2026-08-30 08:43:34.908991
260728178921975,2026-07-12 14:30:00,2026-07-12 16:30:00,DK1,7.400349,0.99,2026-08-30 08:43:34.908991
63536996269878,2026-07-12 13:00:00,2026-07-12 15:00:00,DK1,-1.046514,-0.14,2026-08-30 08:43:34.908991
755061429319183,2026-07-12 12:45:00,2026-07-12 14:45:00,DK1,-0.598008,-0.08,2026-08-30 08:43:34.908991
563540252124707,2026-07-12 12:00:00,2026-07-12 14:00:00,DK1,-0.672759,-0.09,2026-08-30 08:43:34.908991
436970718084827,2026-07-12 11:30:00,2026-07-12 13:30:00,DK1,-0.672759,-0.09,2026-08-30 08:43:34.908991
792016839885592,2026-07-12 10:00:00,2026-07-12 12:00:00,DK1,-0.373755,-0.05,2026-08-30 08:43:34.908991
627181663028744,2026-07-12 09:15:00,2026-07-12 11:15:00,DK1,0.0,0.0,2026-08-30 08:43:34.908991
391676807420322,2026-07-12 08:45:00,2026-07-12 10:45:00,DK1,10.240887,1.37,2026-08-30 08:43:34.908991
711375471410408,2026-07-12 08:00:00,2026-07-12 10:00:00,DK1,14.9502,2.0,2026-08-30 08:43:34.908991
405840497336423,2026-07-12 06:45:00,2026-07-12 08:45:00,DK1,98.67132,13.2,2026-08-30 08:43:34.908991
687612714266702,2026-07-12 06:15:00,2026-07-12 08:15:00,DK1,594.1957,79.49,2026-08-30 08:43:34.908991
492576358946397,2026-07-12 06:00:00,2026-07-12 08:00:00,DK1,774.12134,103.56,2026-08-30 08:43:34.908991
679682581796711,2026-07-12 03:45:00,2026-07-12 05:45:00,DK1,846.1813,113.2,2026-08-30 08:43:34.908991
277678590064040,2026-07-12 03:15:00,2026-07-12 05:15:00,DK1,913.30774,122.18,2026-08-30 08:43:34.908991
821216313721053,2026-07-12 01:45:00,2026-07-12 03:45:00,DK1,909.71967,121.7,2026-08-30 08:43:34.908991
322703386183248,2026-07-12 00:00:00,2026-07-12 02:00:00,DK1,956.3643,127.94,2026-08-30 08:43:34.908991
493677257615631,2026-07-11 22:15:00,2026-07-12 00:15:00,DK1,1046.514,140.0,2026-08-30 08:43:34.908991
235805568101689,2026-07-11 21:45:00,2026-07-11 23:45:00,DK1,1052.3446,140.78,2026-08-30 08:43:34.908991
792530257148324,2026-07-11 21:30:00,2026-07-11 23:30:00,DK1,1083.8895,145.0,2026-08-30 08:43:34.908991
131615421955043,2026-07-11 21:15:00,2026-07-11 23:15:00,DK1,1085.6836,145.24,2026-08-30 08:43:34.908991
468293769512869,2026-07-11 21:00:00,2026-07-11 23:00:00,DK1,1131.5807,151.38,2026-08-30 08:43:34.908991
114370724885360,2026-07-11 20:30:00,2026-07-11 22:30:00,DK1,1160.7335,155.28,2026-08-30 08:43:34.908991
214777196722858,2026-07-11 19:45:00,2026-07-11 21:45:00,DK1,1170.1521,156.54,2026-08-30 08:43:34.908991
12613636675722,2026-07-11 18:30:00,2026-07-11 20:30:00,DK1,1147.5774,153.52,2026-08-30 08:43:34.908991
67822409761458,2026-07-11 18:00:00,2026-07-11 20:00:00,DK1,1107.6603,148.18,2026-08-30 08:43:34.908991
101970851153229,2026-07-11 17:45:00,2026-07-11 19:45:00,DK1,1114.2384,149.06,2026-08-30 08:43:34.908991
297298245600609,2026-07-11 14:30:00,2026-07-11 16:30:00,DK1,39.61803,5.3,2026-08-30 08:43:34.908991
508978972059778,2026-07-11 14:15:00,2026-07-11 16:15:00,DK1,30.64791,4.1,2026-08-30 08:43:34.908991
810568389918825,2026-07-11 12:00:00,2026-07-11 14:00:00,DK1,47.16788,6.31,2026-08-30 08:43:34.908991
412972093965428,2026-07-11 11:30:00,2026-07-11 13:30:00,DK1,41.71106,5.58,2026-08-30 08:43:34.908991
895226297247953,2026-07-11 11:00:00,2026-07-11 13:00:00,DK1,47.16788,6.31,2026-08-30 08:43:34.908991
196666974837481,2026-07-11 10:45:00,2026-07-11 12:45:00,DK1,47.16788,6.31,2026-08-30 08:43:34.908991
213369623806593,2026-07-11 09:00:00,2026-07-11 11:00:00,DK1,59.8008,8.0,2026-08-30 08:43:34.908991
768836324389471,2026-07-11 08:45:00,2026-07-11 10:45:00,DK1,30.64791,4.1,2026-08-30 08:43:34.908991
203593934881879,2026-07-11 08:30:00,2026-07-11 10:30:00,DK1,39.69278,5.31,2026-08-30 08:43:34.908991
280629445651130,2026-07-11 08:00:00,2026-07-11 10:00:00,DK1,299.004,40.0,2026-08-30 08:43:34.908991
340208307450952,2026-07-11 06:00:00,2026-07-11 08:00:00,DK1,1062.6603,142.16,2026-08-30 08:43:34.908991
743895009286313,2026-07-11 05:45:00,2026-07-11 07:45:00,DK1,864.34576,115.63,2026-08-30 08:43:34.908991
762766412403736,2026-07-11 04:45:00,2026-07-11 06:45:00,DK1,944.4041,126.34,2026-08-30 08:43:34.908991
128484767023899,2026-07-11 03:15:00,2026-07-11 05:15:00,DK1,1036.2732,138.63,2026-08-30 08:43:34.908991
278103666887354,2026-07-11 02:30:00,2026-07-11 04:30:00,DK1,1027.901,137.51,2026-08-30 08:43:34.908991
706580335942447,2026-07-11 02:15:00,2026-07-11 04:15:00,DK1,1080.6753,144.57,2026-08-30 08:43:34.908991
621809012557016,2026-07-11 01:45:00,2026-07-11 03:45:00,DK1,1037.7682,138.83,2026-08-30 08:43:34.908991
419780161615236,2026-07-11 01:15:00,2026-07-11 03:15:00,DK1,1059.8197,141.78,2026-08-30 08:43:34.908991
730200243461373,2026-07-10 22:15:00,2026-07-11 00:15:00,DK1,1148.8481,153.69,2026-08-30 08:43:34.908991
718716544653557,2026-07-10 22:00:00,2026-07-11 00:00:00,DK1,1198.3333,160.31,2026-08-30 08:43:34.908991
83928967817227,2026-07-10 21:45:00,2026-07-10 23:45:00,DK1,1090.6171,145.9,2026-08-30 08:43:34.908991
191138737689375,2026-07-10 21:00:00,2026-07-10 23:00:00,DK1,1212.9097,162.26,2026-08-30 08:43:34.908991
330461541471838,2026-07-10 20:15:00,2026-07-10 22:15:00,DK1,1264.4879,169.16,2026-08-30 08:43:34.908991
599552221771473,2026-07-10 18:15:00,2026-07-10 20:15:00,DK1,1377.2124,184.24,2026-08-30 08:43:34.908991
920185193334283,2026-07-10 17:00:00,2026-07-10 19:00:00,DK1,1071.107,143.29,2026-08-30 08:43:34.908991
659574801255489,2026-07-10 16:45:00,2026-07-10 18:45:00,DK1,1087.5524,145.49,2026-08-30 08:43:34.908991
341198674072091,2026-07-10 16:15:00,2026-07-10 18:15:00,DK1,905.83264,121.18,2026-08-30 08:43:34.908991
821495493560144,2026-07-10 15:45:00,2026-07-10 17:45:00,DK1,961.2979,128.6,2026-08-30 08:43:34.908991
420450957202931,2026-07-10 15:15:00,2026-07-10 17:15:00,DK1,796.4719,106.55,2026-08-30 08:43:34.908991
633364309912273,2026-07-10 14:30:00,2026-07-10 16:30:00,DK1,725.8322,97.1,2026-08-30 08:43:34.908991
411221901884485,2026-07-10 14:15:00,2026-07-10 16:15:00,DK1,621.25555,83.11,2026-08-30 08:43:34.908991
271421219217922,2026-07-10 12:30:00,2026-07-10 14:30:00,DK1,320.75653,42.91,2026-08-30 08:43:34.908991
943267786182043,2026-07-10 11:45:00,2026-07-10 13:45:00,DK1,224.253,30.0,2026-08-30 08:43:34.908991
449016999740832,2026-07-10 10:45:00,2026-07-10 12:45:00,DK1,299.1535,40.02,2026-08-30 08:43:34.908991
785021340012795,2026-07-10 09:15:00,2026-07-10 11:15:00,DK1,617.0695,82.55,2026-08-30 08:43:34.908991
63439014045428,2026-07-10 08:00:00,2026-07-10 10:00:00,DK1,849.39557,113.63,2026-08-30 08:43:34.908991
238086293787588,2026-07-10 07:15:00,2026-07-10 09:15:00,DK1,977.6683,130.79,2026-08-30 08:43:34.908991
156030765393730,2026-07-10 07:00:00,2026-07-10 09:00:00,DK1,1032.4608,138.12,2026-08-30 08:43:34.908991
820625527128710,2026-07-10 06:00:00,2026-07-10 08:00:00,DK1,1156.1737,154.67,2026-08-30 08:43:34.908991
821368124410649,2026-07-10 05:30:00,2026-07-10 07:30:00,DK1,1083.5906,144.96,2026-08-30 08:43:34.908991
28817652228379,2026-07-10 05:00:00,2026-07-10 07:00:00,DK1,1204.8365,161.18,2026-08-30 08:43:34.908991
367354622746271,2026-07-10 04:45:00,2026-07-10 06:45:00,DK1,1121.863,150.08,2026-08-30 08:43:34.908991
874381148333678,2026-07-10 03:30:00,2026-07-10 05:30:00,DK1,1064.6785,142.43,2026-08-30 08:43:34.908991
748633032878860,2026-07-10 03:15:00,2026-07-10 05:15:00,DK1,1058.1752,141.56,2026-08-30 08:43:34.908991
587862300842924,2026-07-10 00:30:00,2026-07-10 02:30:00,DK1,1030.2931,137.83,2026-08-30 08:43:34.908991
669607267921285,2026-07-09 22:30:00,2026-07-10 00:30:00,DK1,1118.275,149.6,2026-08-30 08:43:34.908991
2743893827821,2026-07-09 21:15:00,2026-07-09 23:15:00,DK1,1242.8434,166.26,2026-08-30 08:43:34.908991
442181911393475,2026-07-09 16:15:00,2026-07-09 18:15:00,DK1,923.34906,123.52,2026-08-30 08:43:34.908991
726031610445059,2026-07-09 14:45:00,2026-07-09 16:45:00,DK1,755.3791,101.05,2026-08-30 08:43:34.908991
690127248845467,2026-07-09 14:00:00,2026-07-09 16:00:00,DK1,484.54895,64.82,2026-08-30 08:43:34.908991
260671022521709,2026-07-09 13:30:00,2026-07-09 15:30:00,DK1,435.06247,58.2,2026-08-30 08:43:34.908991
41985646027127,2026-07-09 13:15:00,2026-07-09 15:15:00,DK1,335.86523,44.93,2026-08-30 08:43:34.908991
571321600720003,2026-07-09 12:00:00,2026-07-09 14:00:00,DK1,258.04736,34.52,2026-08-30 08:43:34.908991
888477454540063,2026-07-09 08:45:00,2026-07-09 10:45:00,DK1,671.73047,89.86,2026-08-30 08:43:34.908991
578434757552468,2026-07-09 08:15:00,2026-07-09 10:15:00,DK1,794.6244,106.3,2026-08-30 08:43:34.908991
917422866431587,2026-07-09 07:15:00,2026-07-09 09:15:00,DK1,903.1658,120.82,2026-08-30 08:43:34.908991
250278231636623,2026-07-09 06:30:00,2026-07-09 08:30:00,DK1,1008.64215,134.93,2026-08-30 08:43:34.908991
956783946724070,2026-07-09 05:00:00,2026-07-09 07:00:00,DK1,1218.4739,163.0,2026-08-30 08:43:34.908991
453376481875812,2026-07-09 04:00:00,2026-07-09 06:00:00,DK1,1042.8043,139.5,2026-08-30 08:43:34.908991
357866999634953,2026-07-09 03:30:00,2026-07-09 05:30:00,DK1,1009.1655,135.0,2026-08-30 08:43:34.908991
418837148999517,2026-07-09 02:30:00,2026-07-09 04:30:00,DK1,943.3828,126.2,2026-08-30 08:43:34.908991
535911597970459,2026-07-09 01:30:00,2026-07-09 03:30:00,DK1,931.49713,124.61,2026-08-30 08:43:34.908991
665928475040709,2026-07-09 01:15:00,2026-07-09 03:15:00,DK1,926.9372,124.0,2026-08-30 08:43:34.908991
603785776021691,2026-07-09 00:15:00,2026-07-09 02:15:00,DK1,952.27844,127.39,2026-08-30 08:43:34.908991
126738832638648,2026-07-08 23:45:00,2026-07-09 01:45:00,DK1,960.3518,128.47,2026-08-30 08:43:34.908991
559620458004517,2026-07-08 23:00:00,2026-07-09 01:00:00,DK1,1017.23883,136.08,2026-08-30 08:43:34.908991
864376013315789,2026-07-08 22:30:00,2026-07-09 00:30:00,DK1,1022.24725,136.75,2026-08-30 08:43:34.908991
632964884775700,2026-07-08 22:15:00,2026-07-09 00:15:00,DK1,1033.3107,138.23,2026-08-30 08:43:34.908991
505382968229440,2026-07-08 21:00:00,2026-07-08 23:00:00,DK1,1122.7303,150.19,2026-08-30 08:43:34.908991
350752433156351,2026-07-08 20:45:00,2026-07-08 22:45:00,DK1,1099.6313,147.1,2026-08-30 08:43:34.908991
187819383025354,2026-07-08 19:00:00,2026-07-08 21:00:00,DK1,1182.7578,158.22,2026-08-30 08:43:34.908991
537961484764576,2026-07-08 17:30:00,2026-07-08 19:30:00,DK1,941.4519,125.94,2026-08-30 08:43:34.908991
163778408040373,2026-07-08 16:15:00,2026-07-08 18:15:00,DK1,657.91,88.01,2026-08-30 08:43:34.908991
894587073067328,2026-07-08 15:45:00,2026-07-08 17:45:00,DK1,655.8916,87.74,2026-08-30 08:43:34.908991
170725109184389,2026-07-08 15:15:00,2026-07-08 17:15:00,DK1,599.07855,80.14,2026-08-30 08:43:34.908991
686874578591268,2026-07-08 15:00:00,2026-07-08 17:00:00,DK1,457.12073,61.15,2026-08-30 08:43:34.908991
176169092257362,2026-07-08 13:45:00,2026-07-08 15:45:00,DK1,178.73682,23.91,2026-08-30 08:43:34.908991
418087497876551,2026-07-08 11:00:00,2026-07-08 13:00:00,DK1,265.82523,35.56,2026-08-30 08:43:34.908991
728038692396552,2026-07-08 09:45:00,2026-07-08 11:45:00,DK1,395.0749,52.85,2026-08-30 08:43:34.908991
978911308666946,2026-07-08 09:15:00,2026-07-08 11:15:00,DK1,530.8282,71.01,2026-08-30 08:43:34.908991
479221753739873,2026-07-08 09:00:00,2026-07-08 11:00:00,DK1,603.4143,80.72,2026-08-30 08:43:34.908991
27611364036252,2026-07-08 08:45:00,2026-07-08 10:45:00,DK1,505.4118,67.61,2026-08-30 08:43:34.908991
894235520648227,2026-07-08 08:30:00,2026-07-08 10:30:00,DK1,563.86945,75.43,2026-08-30 08:43:34.908991
167884685072421,2026-07-08 07:45:00,2026-07-08 09:45:00,DK1,441.19812,59.02,2026-08-30 08:43:34.908991
517386697198081,2026-07-08 07:00:00,2026-07-08 09:00:00,DK1,757.6318,101.35,2026-08-30 08:43:34.908991
348194234792891,2026-07-08 06:45:00,2026-07-08 08:45:00,DK1,635.5585,85.02,2026-08-30 08:43:34.908991
696459035414472,2026-07-08 05:15:00,2026-07-08 07:15:00,DK1,868.49194,116.18,2026-08-30 08:43:34.908991
977789459052340,2026-07-08 05:00:00,2026-07-08 07:00:00,DK1,867.2212,116.01,2026-08-30 08:43:34.908991
979818502030054,2026-07-08 03:15:00,2026-07-08 05:15:00,DK1,818.1078,109.44,2026-08-30 08:43:34.908991
655891734465384,2026-07-08 02:45:00,2026-07-08 04:45:00,DK1,784.1695,104.9,2026-08-30 08:43:34.908991
319716933306288,2026-07-08 02:00:00,2026-07-08 04:00:00,DK1,803.0822,107.43,2026-08-30 08:43:34.908991
594994875823918,2026-07-08 01:30:00,2026-07-08 03:30:00,DK1,755.61346,101.08,2026-08-30 08:43:34.908991
82762156810991,2026-07-08 00:15:00,2026-07-08 02:15:00,DK1,743.57806,99.47,2026-08-30 08:43:34.908991
810881082165479,2026-07-08 00:00:00,2026-07-08 02:00:00,DK1,736.3269,98.5,2026-08-30 08:43:34.908991
820926284741462,2026-07-07 23:30:00,2026-07-08 01:30:00,DK1,732.29016,97.96,2026-08-30 08:43:34.908991
342932541807611,2026-07-07 22:15:00,2026-07-08 00:15:00,DK1,752.0252,100.6,2026-08-30 08:43:34.908991
842171919449090,2026-07-07 22:00:00,2026-07-08 00:00:00,DK1,719.0587,96.19,2026-08-30 08:43:34.908991
735928302704235,2026-07-07 21:30:00,2026-07-07 23:30:00,DK1,593.55804,79.41,2026-08-30 08:43:34.908991
352408024281542,2026-07-07 21:15:00,2026-07-07 23:15:00,DK1,592.661,79.29,2026-08-30 08:43:34.908991
701164788272925,2026-07-07 18:00:00,2026-07-07 20:00:00,DK1,551.0275,73.72,2026-08-30 08:43:34.908991
831113923052854,2026-07-07 17:45:00,2026-07-07 19:45:00,DK1,711.43243,95.18,2026-08-30 08:43:34.908991
782168568905212,2026-07-07 17:30:00,2026-07-07 19:30:00,DK1,640.94696,85.75,2026-08-30 08:43:34.908991
517575645144305,2026-07-07 17:15:00,2026-07-07 19:15:00,DK1,603.8729,80.79,2026-08-30 08:43:34.908991
223435692128369,2026-07-07 17:00:00,2026-07-07 19:00:00,DK1,501.24667,67.06,2026-08-30 08:43:34.908991
235356370782118,2026-07-07 15:45:00,2026-07-07 17:45:00,DK1,47.23947,6.32,2026-08-30 08:43:34.908991
915166625156789,2026-07-07 15:00:00,2026-07-07 17:00:00,DK1,15.69666,2.1,2026-08-30 08:43:34.908991
709764051691495,2026-07-07 12:00:00,2026-07-07 14:00:00,DK1,-0.074746,-0.01,2026-08-30 08:43:34.908991
683725363113651,2026-07-07 11:30:00,2026-07-07 13:30:00,DK1,9.941218,1.33,2026-08-30 08:43:34.908991
397087211919304,2026-07-07 10:45:00,2026-07-07 12:45:00,DK1,0.0,0.0,2026-08-30 08:43:34.908991
445852358579128,2026-07-07 10:30:00,2026-07-07 12:30:00,DK1,9.34325,1.25,2026-08-30 08:43:34.908991
895262050399631,2026-07-07 10:15:00,2026-07-07 12:15:00,DK1,9.866472,1.32,2026-08-30 08:43:34.908991
179461605772493,2026-07-07 09:45:00,2026-07-07 11:45:00,DK1,9.71698,1.3,2026-08-30 08:43:34.908991
62228073884300,2026-07-07 07:30:00,2026-07-07 09:30:00,DK1,704.8548,94.3,2026-08-30 08:43:34.908991
588481836590038,2026-07-07 07:15:00,2026-07-07 09:15:00,DK1,805.0892,107.71,2026-08-30 08:43:34.908991
682707972977603,2026-07-07 06:00:00,2026-07-07 08:00:00,DK1,742.153,99.29,2026-08-30 08:43:34.908991
67682961086663,2026-07-07 05:30:00,2026-07-07 07:30:00,DK1,834.01587,111.58,2026-08-30 08:43:34.908991
18597613365420,2026-07-07 03:45:00,2026-07-07 05:45:00,DK1,709.9375,94.98,2026-08-30 08:43:34.908991
281525511267064,2026-07-07 02:15:00,2026-07-07 04:15:00,DK1,707.6951,94.68,2026-08-30 08:43:34.908991
476686567291243,2026-07-07 00:30:00,2026-07-07 02:30:00,DK1,761.96075,101.94,2026-08-30 08:43:34.908991
445338780445719,2026-07-07 00:00:00,2026-07-07 02:00:00,DK1,786.3279,105.2,2026-08-30 08:43:34.908991
792779795502820,2026-07-06 22:45:00,2026-07-07 00:45:00,DK1,799.85693,107.01,2026-08-30 08:43:34.908991
118394115919385,2026-07-06 22:30:00,2026-07-07 00:30:00,DK1,824.2241,110.27,2026-08-30 08:43:34.908991
141888065234847,2026-07-06 22:15:00,2026-07-07 00:15:00,DK1,770.25757,103.05,2026-08-30 08:43:34.908991
996066161010191,2026-07-06 20:30:00,2026-07-06 22:30:00,DK1,969.33203,129.68,2026-08-30 08:43:34.908991
412000264141341,2026-07-06 20:00:00,2026-07-06 22:00:00,DK1,987.86957,132.16,2026-08-30 08:43:34.908991
15913729974693,2026-07-06 19:45:00,2026-07-06 21:45:00,DK1,987.1221,132.06,2026-08-30 08:43:34.908991
17805232831363,2026-07-06 19:30:00,2026-07-06 21:30:00,DK1,988.019,132.18,2026-08-30 08:43:34.908991
958398639310565,2026-07-06 18:45:00,2026-07-06 20:45:00,DK1,1024.6456,137.08,2026-08-30 08:43:34.908991
402332043521164,2026-07-06 18:15:00,2026-07-06 20:15:00,DK1,987.49585,132.11,2026-08-30 08:43:34.908991
78428930695348,2026-07-06 18:00:00,2026-07-06 20:00:00,DK1,927.24896,124.05,2026-08-30 08:43:34.908991
690148916645941,2026-07-06 16:45:00,2026-07-06 18:45:00,DK1,886.2123,118.56,2026-08-30 08:43:34.908991
535369747578189,2026-07-06 15:30:00,2026-07-06 17:30:00,DK1,617.79224,82.65,2026-08-30 08:43:34.908991
61263417601369,2026-07-06 15:00:00,2026-07-06 17:00:00,DK1,229.25212,30.67,2026-08-30 08:43:34.908991
33319870704386,2026-07-06 14:45:00,2026-07-06 16:45:00,DK1,387.79263,51.88,2026-08-30 08:43:34.908991
932002156779669,2026-07-06 14:15:00,2026-07-06 16:15:00,DK1,216.69446,28.99,2026-08-30 08:43:34.908991
88989729248297,2026-07-06 12:45:00,2026-07-06 14:45:00,DK1,189.85992,25.4,2026-08-30 08:43:34.908991
411270256583806,2026-07-06 12:30:00,2026-07-06 14:30:00,DK1,185.37503,24.8,2026-08-30 08:43:34.908991
352686951144678,2026-07-06 11:15:00,2026-07-06 13:15:00,DK1,210.78937,28.2,2026-08-30 08:43:34.908991
184323817853727,2026-07-06 10:15:00,2026-07-06 12:15:00,DK1,349.82065,46.8,2026-08-30 08:43:34.908991
326794298412786,2026-07-06 09:15:00,2026-07-06 11:15:00,DK1,614.72754,82.24,2026-08-30 08:43:34.908991
940404111371754,2026-07-06 07:45:00,2026-07-06 09:45:00,DK1,716.75854,95.89,2026-08-30 08:43:34.908991
32949310113637,2026-07-06 07:15:00,2026-07-06 09:15:00,DK1,880.38196,117.78,2026-08-30 08:43:34.908991
104123423372958,2026-07-06 05:45:00,2026-07-06 07:45:00,DK1,1001.0999,133.93,2026-08-30 08:43:34.908991
685324061304149,2026-07-06 05:30:00,2026-07-06 07:30:00,DK1,1003.79083,134.29,2026-08-30 08:43:34.908991
726132667406306,2026-07-06 04:45:00,2026-07-06 06:45:00,DK1,1021.282,136.63,2026-08-30 08:43:34.908991
982047368797519,2026-07-06 04:30:00,2026-07-06 06:30:00,DK1,1038.4739,138.93,2026-08-30 08:43:34.908991
839626295387653,2026-07-06 01:30:00,2026-07-06 03:30:00,DK1,855.6404,114.47,2026-08-30 08:43:34.908991
839694834399232,2026-07-05 23:00:00,2026-07-06 01:00:00,DK1,952.738,127.46,2026-08-30 08:43:34.908991
679038966222266,2026-07-05 22:45:00,2026-07-06 00:45:00,DK1,926.12775,123.9,2026-08-30 08:43:34.908991
293853290191212,2026-07-05 22:00:00,2026-07-06 00:00:00,DK1,1112.2502,148.8,2026-08-30 08:43:34.908991
83862861187109,2026-07-05 21:45:00,2026-07-05 23:45:00,DK1,759.56885,101.62,2026-08-30 08:43:34.908991
140715217278084,2026-07-05 21:00:00,2026-07-05 23:00:00,DK1,765.39905,102.4,2026-08-30 08:43:34.908991
830112585393014,2026-07-05 20:45:00,2026-07-05 22:45:00,DK1,756.4295,101.2,2026-08-30 08:43:34.908991
241025433349927,2026-07-05 19:45:00,2026-07-05 21:45:00,DK1,614.3374,82.19,2026-08-30 08:43:34.908991
328610237274107,2026-07-05 19:30:00,2026-07-05 21:30:00,DK1,666.5101,89.17,2026-08-30 08:43:34.908991
756740079870996,2026-07-05 19:15:00,2026-07-05 21:15:00,DK1,764.8011,102.32,2026-08-30 08:43:34.908991
422203470304594,2026-07-05 17:30:00,2026-07-05 19:30:00,DK1,324.39764,43.4,2026-08-30 08:43:34.908991
751443182052839,2026-07-05 17:15:00,2026-07-05 19:15:00,DK1,159.73221,21.37,2026-08-30 08:43:34.908991
906305089024420,2026-07-05 17:00:00,2026-07-05 19:00:00,DK1,68.01886,9.1,2026-08-30 08:43:34.908991
678744695205103,2026-07-05 15:00:00,2026-07-05 17:00:00,DK1,-0.074746,-0.01,2026-08-30 08:43:34.908991
502977956093241,2026-07-05 14:00:00,2026-07-05 16:00:00,DK1,-0.597968,-0.08,2026-08-30 08:43:34.908991
194670496795976,2026-07-05 12:45:00,2026-07-05 14:45:00,DK1,-7.698838,-1.03,2026-08-30 08:43:34.908991
303144239385812,2026-07-05 12:30:00,2026-07-05 14:30:00,DK1,-8.072568,-1.08,2026-08-30 08:43:34.908991
999251728030902,2026-07-05 11:45:00,2026-07-05 13:45:00,DK1,-7.84833,-1.05,2026-08-30 08:43:34.908991
328112809454417,2026-07-05 09:00:00,2026-07-05 11:00:00,DK1,-0.074746,-0.01,2026-08-30 08:43:34.908991
630791596930945,2026-07-05 08:45:00,2026-07-05 10:45:00,DK1,-0.074746,-0.01,2026-08-30 08:43:34.908991
196022971165044,2026-07-05 08:30:00,2026-07-05 10:30:00,DK1,0.0,0.0,2026-08-30 08:43:34.908991
614603433682909,2026-07-05 08:15:00,2026-07-05 10:15:00,DK1,0.0,0.0,2026-08-30 08:43:34.908991
451195645652762,2026-07-05 07:45:00,2026-07-05 09:45:00,DK1,0.0,0.0,2026-08-30 08:43:34.908991
192372120310571,2026-07-05 05:45:00,2026-07-05 07:45:00,DK1,81.84687,10.95,2026-08-30 08:43:34.908991
664355629123201,2026-07-05 05:00:00,2026-07-05 07:00:00,DK1,206.82219,27.67,2026-08-30 08:43:34.908991
280649224785056,2026-07-05 04:30:00,2026-07-05 06:30:00,DK1,227.52682,30.44,2026-08-30 08:43:34.908991
268464721519637,2026-07-05 04:15:00,2026-07-05 06:15:00,DK1,312.13928,41.76,2026-08-30 08:43:34.908991
444314515304809,2026-07-05 03:45:00,2026-07-05 05:45:00,DK1,379.18646,50.73,2026-08-30 08:43:34.908991
567685219037781,2026-07-05 01:30:00,2026-07-05 03:30:00,DK1,523.521,70.04,2026-08-30 08:43:34.908991
98637850527903,2026-07-05 01:15:00,2026-07-05 03:15:00,DK1,591.3156,79.11,2026-08-30 08:43:34.908991
54488873518987,2026-07-05 00:00:00,2026-07-05 02:00:00,DK1,670.2474,89.67,2026-08-30 08:43:34.908991
217476728377435,2026-07-04 23:15:00,2026-07-05 01:15:00,DK1,707.99414,94.72,2026-08-30 08:43:34.908991
194136328346162,2026-07-04 22:30:00,2026-07-05 00:30:00,DK1,805.3134,107.74,2026-08-30 08:43:34.908991
726021302686777,2026-07-04 22:15:00,2026-07-05 00:15:00,DK1,823.7009,110.2,2026-08-30 08:43:34.908991
809086964363160,2026-07-04 21:30:00,2026-07-04 23:30:00,DK1,856.66394,114.61,2026-08-30 08:43:34.908991
630446227219662,2026-07-04 20:30:00,2026-07-04 22:30:00,DK1,898.2974,120.18,2026-08-30 08:43:34.908991
824599425309075,2026-07-04 19:45:00,2026-07-04 21:45:00,DK1,863.2415,115.49,2026-08-30 08:43:34.908991
279575533424787,2026-07-04 19:00:00,2026-07-04 21:00:00,DK1,900.4651,120.47,2026-08-30 08:43:34.908991
215535546180950,2026-07-04 16:45:00,2026-07-04 18:45:00,DK1,700.14575,93.67,2026-08-30 08:43:34.908991
159731272169210,2026-07-04 15:15:00,2026-07-04 17:15:00,DK1,1.719158,0.23,2026-08-30 08:43:34.908991
690525076469370,2026-07-04 13:45:00,2026-07-04 15:45:00,DK1,-3.961538,-0.53,2026-08-30 08:43:34.908991
724504439191710,2026-07-04 13:00:00,2026-07-04 15:00:00,DK1,-29.973146,-4.01,2026-08-30 08:43:34.908991
298293340375273,2026-07-04 11:45:00,2026-07-04 13:45:00,DK1,-29.8984,-4.0,2026-08-30 08:43:34.908991
96807001841059,2026-07-04 10:15:00,2026-07-04 12:15:00,DK1,-0.298984,-0.04,2026-08-30 08:43:34.908991
355737089031328,2026-07-04 10:00:00,2026-07-04 12:00:00,DK1,-0.074746,-0.01,2026-08-30 08:43:34.908991
983360102161937,2026-07-04 09:45:00,2026-07-04 11:45:00,DK1,-3.587808,-0.48,2026-08-30 08:43:34.908991
927013014457550,2026-07-04 08:00:00,2026-07-04 10:00:00,DK1,0.0,0.0,2026-08-30 08:43:34.908991
52105012223699,2026-07-04 07:30:00,2026-07-04 09:30:00,DK1,0.0,0.0,2026-08-30 08:43:34.908991
381992436450299,2026-07-04 07:15:00,2026-07-04 09:15:00,DK1,0.37373,0.05,2026-08-30 08:43:34.908991
835268217103837,2026-07-04 05:45:00,2026-07-04 07:45:00,DK1,329.4056,44.07,2026-08-30 08:43:34.908991
148969839425420,2026-07-04 05:30:00,2026-07-04 07:30:00,DK1,445.1872,59.56,2026-08-30 08:43:34.908991
311253330893487,2026-07-04 05:00:00,2026-07-04 07:00:00,DK1,597.669,79.96,2026-08-30 08:43:34.908991
738567918033318,2026-07-04 04:00:00,2026-07-04 06:00:00,DK1,523.74524,70.07,2026-08-30 08:43:34.908991
565962395133093,2026-07-04 03:45:00,2026-07-04 05:45:00,DK1,596.4731,79.8,2026-08-30 08:43:34.908991
656066842415044,2026-07-04 03:00:00,2026-07-04 05:00:00,DK1,553.04565,73.99,2026-08-30 08:43:34.908991
612844579588685,2026-07-04 01:45:00,2026-07-04 03:45:00,DK1,652.2336,87.26,2026-08-30 08:43:34.908991
581117934547030,2026-07-04 01:00:00,2026-07-04 03:00:00,DK1,597.89325,79.99,2026-08-30 08:43:34.908991
3446730714265,2026-07-04 00:15:00,2026-07-04 02:15:00,DK1,624.7271,83.58,2026-08-30 08:43:34.908991
384818018234594,2026-07-03 23:45:00,2026-07-04 01:45:00,DK1,709.33954,94.9,2026-08-30 08:43:34.908991
865055591559058,2026-07-03 23:30:00,2026-07-04 01:30:00,DK1,707.8446,94.7,2026-08-30 08:43:34.908991
277374698863262,2026-07-03 23:00:00,2026-07-04 01:00:00,DK1,528.6037,70.72,2026-08-30 08:43:34.908991
580406842490196,2026-07-03 22:15:00,2026-07-04 00:15:00,DK1,525.91284,70.36,2026-08-30 08:43:34.908991
24234595483299,2026-07-03 22:00:00,2026-07-04 00:00:00,DK1,377.39258,50.49,2026-08-30 08:43:34.908991
961886075065220,2026-07-03 19:45:00,2026-07-03 21:45:00,DK1,505.28296,67.6,2026-08-30 08:43:34.908991
530356009658764,2026-07-03 19:15:00,2026-07-03 21:15:00,DK1,440.32867,58.91,2026-08-30 08:43:34.908991
738592381813972,2026-07-03 18:45:00,2026-07-03 20:45:00,DK1,441.15088,59.02,2026-08-30 08:43:34.908991
709849092940253,2026-07-03 18:00:00,2026-07-03 20:00:00,DK1,411.17773,55.01,2026-08-30 08:43:34.908991
279859823978489,2026-07-03 17:45:00,2026-07-03 19:45:00,DK1,403.55368,53.99,2026-08-30 08:43:34.908991
794278169178066,2026-07-03 17:30:00,2026-07-03 19:30:00,DK1,355.94046,47.62,2026-08-30 08:43:34.908991
261333254859575,2026-07-03 16:45:00,2026-07-03 18:45:00,DK1,313.78372,41.98,2026-08-30 08:43:34.908991
154281267840208,2026-07-03 16:15:00,2026-07-03 18:15:00,DK1,37.373,5.0,2026-08-30 08:43:34.908991
371541531586029,2026-07-03 15:45:00,2026-07-03 17:45:00,DK1,-0.074746,-0.01,2026-08-30 08:43:34.908991
591366546384959,2026-07-03 15:30:00,2026-07-03 17:30:00,DK1,-0.074746,-0.01,2026-08-30 08:43:34.908991
256759324233783,2026-07-03 15:15:00,2026-07-03 17:15:00,DK1,-0.074746,-0.01,2026-08-30 08:43:34.908991
242534620678935,2026-07-03 15:00:00,2026-07-03 17:00:00,DK1,-0.074746,-0.01,2026-08-30 08:43:34.908991
393154083293240,2026-07-03 13:30:00,2026-07-03 15:30:00,DK1,-0.74746,-0.1,2026-08-30 08:43:34.908991
698106933932222,2026-07-03 13:15:00,2026-07-03 15:15:00,DK1,-0.74746,-0.1,2026-08-30 08:43:34.908991
171796006279273,2026-07-03 11:45:00,2026-07-03 13:45:00,DK1,-0.672714,-0.09,2026-08-30 08:43:34.908991
447512904078461,2026-07-03 10:45:00,2026-07-03 12:45:00,DK1,-0.971698,-0.13,2026-08-30 08:43:34.908991
315440937738776,2026-07-03 10:15:00,2026-07-03 12:15:00,DK1,-0.74746,-0.1,2026-08-30 08:43:34.908991
119081358979983,2026-07-03 09:00:00,2026-07-03 11:00:00,DK1,-0.149492,-0.02,2026-08-30 08:43:34.908991
332480482896269,2026-07-03 07:00:00,2026-07-03 09:00:00,DK1,237.61754,31.79,2026-08-30 08:43:34.908991
551114664930670,2026-07-03 06:00:00,2026-07-03 08:00:00,DK1,474.3381,63.46,2026-08-30 08:43:34.908991
774068238723476,2026-07-03 05:30:00,2026-07-03 07:30:00,DK1,239.1872,32.0,2026-08-30 08:43:34.908991
342666716481046,2026-07-03 05:00:00,2026-07-03 07:00:00,DK1,305.41217,40.86,2026-08-30 08:43:34.908991
478254162308869,2026-07-03 04:00:00,2026-07-03 06:00:00,DK1,412.67267,55.21,2026-08-30 08:43:34.908991
274346274820836,2026-07-03 03:45:00,2026-07-03 05:45:00,DK1,298.6103,39.95,2026-08-30 08:43:34.908991
834430621645,2026-07-03 03:30:00,2026-07-03 05:30:00,DK1,335.60956,44.9,2026-08-30 08:43:34.908991
659326642773305,2026-07-03 03:00:00,2026-07-03 05:00:00,DK1,316.92307,42.4,2026-08-30 08:43:34.908991
704731289865997,2026-07-03 02:30:00,2026-07-03 04:30:00,DK1,293.75177,39.3,2026-08-30 08:43:34.908991
530580462612308,2026-07-02 23:45:00,2026-07-03 01:45:00,DK1,392.49124,52.51,2026-08-30 08:43:34.908991
625340521806500,2026-07-02 22:15:00,2026-07-03 00:15:00,DK1,620.54126,83.02,2026-08-30 08:43:34.908991
620196222873509,2026-07-02 20:45:00,2026-07-02 22:45:00,DK1,201.9664,27.02,2026-08-30 08:43:34.908991
668707190701916,2026-07-02 20:15:00,2026-07-02 22:15:00,DK1,305.93948,40.93,2026-08-30 08:43:34.908991
507347174185428,2026-07-02 19:15:00,2026-07-02 21:15:00,DK1,441.68002,59.09,2026-08-30 08:43:34.908991
258578124338106,2026-07-02 18:30:00,2026-07-02 20:30:00,DK1,288.00018,38.53,2026-08-30 08:43:34.908991
401433377956068,2026-07-02 17:30:00,2026-07-02 19:30:00,DK1,424.93668,56.85,2026-08-30 08:43:34.908991
261035162309659,2026-07-02 17:00:00,2026-07-02 19:00:00,DK1,284.18808,38.02,2026-08-30 08:43:34.908991
791471732719784,2026-07-02 16:30:00,2026-07-02 18:30:00,DK1,369.1007,49.38,2026-08-30 08:43:34.908991
217533217745618,2026-07-02 15:45:00,2026-07-02 17:45:00,DK1,-0.074747,-0.01,2026-08-30 08:43:34.908991
251259278605200,2026-07-02 15:15:00,2026-07-02 17:15:00,DK1,-0.298988,-0.04,2026-08-30 08:43:34.908991
357366081955868,2026-07-02 12:00:00,2026-07-02 14:00:00,DK1,7.4747,1.0,2026-08-30 08:43:34.908991
893168100495803,2026-07-02 11:45:00,2026-07-02 13:45:00,DK1,14.9494,2.0,2026-08-30 08:43:34.908991
470691667717166,2026-07-02 08:15:00,2026-07-02 10:15:00,DK1,25.937208,3.47,2026-08-30 08:43:34.908991
86734429741129,2026-07-02 07:45:00,2026-07-02 09:45:00,DK1,14.20193,1.9,2026-08-30 08:43:34.908991
410306155575832,2026-07-02 06:30:00,2026-07-02 08:30:00,DK1,664.7998,88.94,2026-08-30 08:43:34.908991
199151063121011,2026-07-02 06:15:00,2026-07-02 08:15:00,DK1,769.66986,102.97,2026-08-30 08:43:34.908991
969092056069564,2026-07-02 06:00:00,2026-07-02 08:00:00,DK1,874.6894,117.02,2026-08-30 08:43:34.908991
704595876420707,2026-07-02 05:30:00,2026-07-02 07:30:00,DK1,808.53827,108.17,2026-08-30 08:43:34.908991
105633282103780,2026-07-02 04:45:00,2026-07-02 06:45:00,DK1,816.013,109.17,2026-08-30 08:43:34.908991
855154350772052,2026-07-02 02:30:00,2026-07-02 04:30:00,DK1,833.5038,111.51,2026-08-30 08:43:34.908991
411444290167874,2026-07-02 01:45:00,2026-07-02 03:45:00,DK1,851.5926,113.93,2026-08-30 08:43:34.908991
256804118629932,2026-07-02 01:00:00,2026-07-02 03:00:00,DK1,927.75977,124.12,2026-08-30 08:43:34.908991
159024286184240,2026-07-01 23:15:00,2026-07-02 01:15:00,DK1,1093.3992,146.28,2026-08-30 08:43:34.908991
250322910334040,2026-07-01 22:00:00,2026-07-02 00:00:00,DK1,1251.0405,167.37,2026-08-30 08:43:34.908991
472632332332455,2026-07-01 21:30:00,2026-07-01 23:30:00,DK1,1095.7617,146.6,2026-08-30 08:43:34.908991
824053063015438,2026-07-01 20:30:00,2026-07-01 22:30:00,DK1,1359.2379,181.85,2026-08-30 08:43:34.908991
119748418423270,2026-07-01 19:30:00,2026-07-01 21:30:00,DK1,1931.3362,258.39,2026-08-30 08:43:34.908991
45674304210942,2026-07-01 18:15:00,2026-07-01 20:15:00,DK1,1638.7095,219.24,2026-08-30 08:43:34.908991
241261683261206,2026-07-01 16:45:00,2026-07-01 18:45:00,DK1,1053.157,140.9,2026-08-30 08:43:34.908991
806244494167515,2026-07-01 16:30:00,2026-07-01 18:30:00,DK1,988.87634,132.3,2026-08-30 08:43:34.908991
614234683274917,2026-07-01 15:30:00,2026-07-01 17:30:00,DK1,794.98785,106.36,2026-08-30 08:43:34.908991
302569614761874,2026-07-01 15:00:00,2026-07-01 17:00:00,DK1,703.49994,94.12,2026-08-30 08:43:34.908991
155313137086623,2026-07-01 14:30:00,2026-07-01 16:30:00,DK1,759.3344,101.59,2026-08-30 08:43:34.908991
901763854116541,2026-07-01 12:45:00,2026-07-01 14:45:00,DK1,732.87476,98.05,2026-08-30 08:43:34.908991
786190939679339,2026-07-01 12:30:00,2026-07-01 14:30:00,DK1,732.57574,98.01,2026-08-30 08:43:34.908991
54229429257951,2026-07-01 11:45:00,2026-07-01 13:45:00,DK1,765.61304,102.43,2026-08-30 08:43:34.908991
747364918686762,2026-07-01 11:15:00,2026-07-01 13:15:00,DK1,812.40344,108.69,2026-08-30 08:43:34.908991
728127819175281,2026-07-01 09:30:00,2026-07-01 11:30:00,DK1,856.35345,114.57,2026-08-30 08:43:34.908991
878388154028914,2026-07-01 09:15:00,2026-07-01 11:15:00,DK1,873.8438,116.91,2026-08-30 08:43:34.908991
481837766989719,2026-07-01 07:30:00,2026-07-01 09:30:00,DK1,981.9998,131.38,2026-08-30 08:43:34.908991
601004263560559,2026-07-01 07:15:00,2026-07-01 09:15:00,DK1,1148.6812,153.68,2026-08-30 08:43:34.908991
177545600443176,2026-07-01 06:45:00,2026-07-01 08:45:00,DK1,1122.0719,150.12,2026-08-30 08:43:34.908991
229468166314465,2026-07-01 03:45:00,2026-07-01 05:45:00,DK1,1245.6254,166.65,2026-08-30 08:43:34.908991
586621580926662,2026-07-01 03:00:00,2026-07-01 05:00:00,DK1,1150.6245,153.94,2026-08-30 08:43:34.908991
972070117835457,2026-07-01 01:00:00,2026-07-01 03:00:00,DK1,1113.1772,148.93,2026-08-30 08:43:34.908991
409220106095714,2026-06-30 23:45:00,2026-07-01 01:45:00,DK1,1058.0155,141.55,2026-08-30 08:43:34.908991
585532521800472,2026-06-30 23:15:00,2026-07-01 01:15:00,DK1,1140.9077,152.64,2026-08-30 08:43:34.908991
115399912839526,2026-06-30 22:15:00,2026-07-01 00:15:00,DK1,1243.9062,166.42,2026-08-30 08:43:34.908991
839921614409401,2026-06-30 20:15:00,2026-06-30 22:15:00,DK1,2201.5845,294.55,2026-08-30 08:43:34.908991
643477658525597,2026-06-30 19:30:00,2026-06-30 21:30:00,DK1,3058.0012,409.13,2026-08-30 08:43:34.908991
50409812428020,2026-06-30 18:30:00,2026-06-30 20:30:00,DK1,4206.966,562.85,2026-08-30 08:43:34.908991
939119848694291,2026-06-30 18:15:00,2026-06-30 20:15:00,DK1,3846.8494,514.67,2026-08-30 08:43:34.908991
2857349789948,2026-06-30 17:30:00,2026-06-30 19:30:00,DK1,3689.289,493.59,2026-08-30 08:43:34.908991
674727409029046,2026-06-30 17:00:00,2026-06-30 19:00:00,DK1,2777.5618,371.61,2026-08-30 08:43:34.908991
61859292255334,2026-06-30 16:15:00,2026-06-30 18:15:00,DK1,1370.4313,183.35,2026-08-30 08:43:34.908991
731470060074316,2026-06-30 15:45:00,2026-06-30 17:45:00,DK1,1595.4106,213.45,2026-08-30 08:43:34.908991
207116474873522,2026-06-30 14:30:00,2026-06-30 16:30:00,DK1,941.10175,125.91,2026-08-30 08:43:34.908991
395227745086417,2026-06-30 13:00:00,2026-06-30 15:00:00,DK1,801.40515,107.22,2026-08-30 08:43:34.908991
570585296522726,2026-06-30 11:15:00,2026-06-30 13:15:00,DK1,749.45807,100.27,2026-08-30 08:43:34.908991
630471762614946,2026-06-30 11:00:00,2026-06-30 13:00:00,DK1,726.2127,97.16,2026-08-30 08:43:34.908991
133597652680058,2026-06-30 10:00:00,2026-06-30 12:00:00,DK1,745.1229,99.69,2026-08-30 08:43:34.908991
852338919416569,2026-06-30 09:30:00,2026-06-30 11:30:00,DK1,740.86255,99.12,2026-08-30 08:43:34.908991
271887896673381,2026-06-30 08:45:00,2026-06-30 10:45:00,DK1,747.44,100.0,2026-08-30 08:43:34.908991
417583153293851,2026-06-30 08:30:00,2026-06-30 10:30:00,DK1,805.44135,107.76,2026-08-30 08:43:34.908991
354252823650970,2026-06-30 08:15:00,2026-06-30 10:15:00,DK1,818.82056,109.55,2026-08-30 08:43:34.908991
726702722583971,2026-06-30 07:45:00,2026-06-30 09:45:00,DK1,785.55945,105.1,2026-08-30 08:43:34.908991
67505221083175,2026-06-30 05:30:00,2026-06-30 07:30:00,DK1,1406.7568,188.21,2026-08-30 08:43:34.908991
596328673484455,2026-06-30 04:45:00,2026-06-30 06:45:00,DK1,1485.7612,198.78,2026-08-30 08:43:34.908991
738711927976234,2026-06-30 03:30:00,2026-06-30 05:30:00,DK1,1150.4596,153.92,2026-08-30 08:43:34.908991
419837496914573,2026-06-30 02:30:00,2026-06-30 04:30:00,DK1,1058.2256,141.58,2026-08-30 08:43:34.908991
875266727328460,2026-06-30 02:00:00,2026-06-30 04:00:00,DK1,1078.3317,144.27,2026-08-30 08:43:34.908991
29135457673170,2026-06-30 01:15:00,2026-06-30 03:15:00,DK1,1057.2539,141.45,2026-08-30 08:43:34.908991
155193638270331,2026-06-30 00:45:00,2026-06-30 02:45:00,DK1,1047.0139,140.08,2026-08-30 08:43:34.908991
111568608412602,2026-06-29 22:30:00,2026-06-30 00:30:00,DK1,1181.7773,158.11,2026-08-30 08:43:34.908991
444274031287826,2026-06-29 21:00:00,2026-06-29 23:00:00,DK1,1533.6926,205.19,2026-08-30 08:43:34.908991
316661492104166,2026-06-29 20:30:00,2026-06-29 22:30:00,DK1,1558.0594,208.45,2026-08-30 08:43:34.908991
138989850981805,2026-06-29 20:00:00,2026-06-29 22:00:00,DK1,2265.0725,303.04,2026-08-30 08:43:34.908991
247288971283158,2026-06-29 18:45:00,2026-06-29 20:45:00,DK1,2733.7983,365.75,2026-08-30 08:43:34.908991
434046089479390,2026-06-29 18:15:00,2026-06-29 20:15:00,DK1,2066.8486,276.52,2026-08-30 08:43:34.908991
310226094201813,2026-06-29 17:45:00,2026-06-29 19:45:00,DK1,2073.576,277.42,2026-08-30 08:43:34.908991
13581835631357,2026-06-29 17:15:00,2026-06-29 19:15:00,DK1,1307.8132,174.97,2026-08-30 08:43:34.908991
673113908919998,2026-06-29 16:45:00,2026-06-29 18:45:00,DK1,1340.3274,179.32,2026-08-30 08:43:34.908991
995942996664089,2026-06-29 15:15:00,2026-06-29 17:15:00,DK1,795.3616,106.41,2026-08-30 08:43:34.908991
799800055855362,2026-06-29 14:00:00,2026-06-29 16:00:00,DK1,698.8657,93.5,2026-08-30 08:43:34.908991
189266377276313,2026-06-29 13:45:00,2026-06-29 15:45:00,DK1,796.2585,106.53,2026-08-30 08:43:34.908991
775777388477228,2026-06-29 13:15:00,2026-06-29 15:15:00,DK1,692.1387,92.6,2026-08-30 08:43:34.908991
395053530264567,2026-06-29 13:00:00,2026-06-29 15:00:00,DK1,663.7356,88.8,2026-08-30 08:43:34.908991
571174646004358,2026-06-29 11:15:00,2026-06-29 13:15:00,DK1,618.66437,82.77,2026-08-30 08:43:34.908991
15778466799359,2026-06-29 10:45:00,2026-06-29 12:45:00,DK1,618.9633,82.81,2026-08-30 08:43:34.908991
639896314781107,2026-06-29 10:15:00,2026-06-29 12:15:00,DK1,689.2984,92.22,2026-08-30 08:43:34.908991
699543961211323,2026-06-29 09:30:00,2026-06-29 11:30:00,DK1,728.39,97.45,2026-08-30 08:43:34.908991
810601703704580,2026-06-29 08:15:00,2026-06-29 10:15:00,DK1,814.57104,108.98,2026-08-30 08:43:34.908991
949679428690519,2026-06-29 07:45:00,2026-06-29 09:45:00,DK1,822.41925,110.03,2026-08-30 08:43:34.908991
171231751114044,2026-06-29 06:00:00,2026-06-29 08:00:00,DK1,1204.0671,161.09,2026-08-30 08:43:34.908991
962434457223571,2026-06-29 04:30:00,2026-06-29 06:30:00,DK1,1127.0051,150.78,2026-08-30 08:43:34.908991
956214848366587,2026-06-29 02:45:00,2026-06-29 04:45:00,DK1,898.1359,120.16,2026-08-30 08:43:34.908991
17864989905703,2026-06-29 02:15:00,2026-06-29 04:15:00,DK1,832.2856,111.35,2026-08-30 08:43:34.908991
624570354154726,2026-06-29 02:00:00,2026-06-29 04:00:00,DK1,831.9866,111.31,2026-08-30 08:43:34.908991
923155126339108,2026-06-29 01:30:00,2026-06-29 03:30:00,DK1,818.9062,109.56,2026-08-30 08:43:34.908991
173114475323372,2026-06-29 00:45:00,2026-06-29 02:45:00,DK1,826.6049,110.59,2026-08-30 08:43:34.908991
868316415324572,2026-06-29 00:15:00,2026-06-29 02:15:00,DK1,852.093,114.0,2026-08-30 08:43:34.908991
950440148352405,2026-06-28 22:45:00,2026-06-29 00:45:00,DK1,852.093,114.0,2026-08-30 08:43:34.908991
130872509180423,2026-06-28 21:00:00,2026-06-28 23:00:00,DK1,1139.8765,152.5,2026-08-30 08:43:34.908991
40617330332176,2026-06-28 19:00:00,2026-06-28 21:00:00,DK1,1221.4244,163.41,2026-08-30 08:43:34.908991
835805245432019,2026-06-28 18:30:00,2026-06-28 20:30:00,DK1,1181.5101,158.07,2026-08-30 08:43:34.908991
976381449311060,2026-06-28 17:15:00,2026-06-28 19:15:00,DK1,1016.76984,136.03,2026-08-30 08:43:34.908991
9904422850219,2026-06-28 17:00:00,2026-06-28 19:00:00,DK1,853.2256,114.15,2026-08-30 08:43:34.908991
722190237960693,2026-06-28 16:00:00,2026-06-28 18:00:00,DK1,786.9259,105.28,2026-08-30 08:43:34.908991
857158451577466,2026-06-28 15:30:00,2026-06-28 17:30:00,DK1,793.2793,106.13,2026-08-30 08:43:34.908991
48510326422710,2026-06-28 14:15:00,2026-06-28 16:15:00,DK1,63.01088,8.43,2026-08-30 08:43:34.908991
94484075633826,2026-06-28 13:30:00,2026-06-28 15:30:00,DK1,7.399854,0.99,2026-08-30 08:43:34.908991
381131042065614,2026-06-28 11:45:00,2026-06-28 13:45:00,DK1,14.9492,2.0,2026-08-30 08:43:34.908991
120128821576105,2026-06-28 11:30:00,2026-06-28 13:30:00,DK1,14.9492,2.0,2026-08-30 08:43:34.908991
685770234125028,2026-06-28 11:15:00,2026-06-28 13:15:00,DK1,15.023946,2.01,2026-08-30 08:43:34.908991
245228085106746,2026-06-28 10:15:00,2026-06-28 12:15:00,DK1,30.64586,4.1,2026-08-30 08:43:34.908991
534883576271065,2026-06-28 09:45:00,2026-06-28 11:45:00,DK1,47.164726,6.31,2026-08-30 08:43:34.908991
428519885509419,2026-06-28 08:45:00,2026-06-28 10:45:00,DK1,143.73656,19.23,2026-08-30 08:43:34.908991
775090758033793,2026-06-28 06:30:00,2026-06-28 08:30:00,DK1,526.51086,70.44,2026-08-30 08:43:34.908991
385241327424624,2026-06-28 04:45:00,2026-06-28 06:45:00,DK1,796.49335,106.56,2026-08-30 08:43:34.908991
497476013076679,2026-06-28 03:00:00,2026-06-28 05:00:00,DK1,863.6153,115.54,2026-08-30 08:43:34.908991
398438794885721,2026-06-28 02:45:00,2026-06-28 04:45:00,DK1,857.8598,114.77,2026-08-30 08:43:34.908991
719197660808219,2026-06-28 02:00:00,2026-06-28 04:00:00,DK1,856.5892,114.6,2026-08-30 08:43:34.908991
718301892262892,2026-06-28 00:45:00,2026-06-28 02:45:00,DK1,870.7909,116.5,2026-08-30 08:43:34.908991
720302795076891,2026-06-27 23:00:00,2026-06-28 01:00:00,DK1,978.20087,130.87,2026-08-30 08:43:34.908991
469105432260674,2026-06-27 22:45:00,2026-06-28 00:45:00,DK1,933.42804,124.88,2026-08-30 08:43:34.908991
418479374564941,2026-06-27 22:00:00,2026-06-28 00:00:00,DK1,1084.415,145.08,2026-08-30 08:43:34.908991
455254838917823,2026-06-27 20:30:00,2026-06-27 22:30:00,DK1,1257.9752,168.3,2026-08-30 08:43:34.908991
517955552328754,2026-06-27 18:15:00,2026-06-27 20:15:00,DK1,1588.8009,212.56,2026-08-30 08:43:34.908991
705769923783772,2026-06-27 15:45:00,2026-06-27 17:45:00,DK1,962.95276,128.83,2026-08-30 08:43:34.908991
171548631287984,2026-06-27 14:15:00,2026-06-27 16:15:00,DK1,261.611,35.0,2026-08-30 08:43:34.908991
107495486903097,2026-06-27 14:00:00,2026-06-27 16:00:00,DK1,68.01886,9.1,2026-08-30 08:43:34.908991
635216738269280,2026-06-27 12:00:00,2026-06-27 14:00:00,DK1,14.9492,2.0,2026-08-30 08:43:34.908991
121473954826370,2026-06-27 11:30:00,2026-06-27 13:30:00,DK1,33.560955,4.49,2026-08-30 08:43:34.908991
322412855686527,2026-06-27 08:45:00,2026-06-27 10:45:00,DK1,107.858475,14.43,2026-08-30 08:43:34.908991
375544678414523,2026-06-27 08:30:00,2026-06-27 10:30:00,DK1,167.65527,22.43,2026-08-30 08:43:34.908991
462738709165399,2026-06-27 07:45:00,2026-06-27 09:45:00,DK1,246.73653,33.01,2026-08-30 08:43:34.908991
741513323281469,2026-06-27 06:45:00,2026-06-27 08:45:00,DK1,605.51733,81.01,2026-08-30 08:43:34.908991
193806440279746,2026-06-27 04:30:00,2026-06-27 06:30:00,DK1,837.23,112.01,2026-08-30 08:43:34.908991
621523207152410,2026-06-27 03:45:00,2026-06-27 05:45:00,DK1,843.9571,112.91,2026-08-30 08:43:34.908991
359058515253267,2026-06-27 03:15:00,2026-06-27 05:15:00,DK1,850.9832,113.85,2026-08-30 08:43:34.908991
448759679014054,2026-06-27 02:00:00,2026-06-27 04:00:00,DK1,857.8598,114.77,2026-08-30 08:43:34.908991
390172736909525,2026-06-27 01:45:00,2026-06-27 03:45:00,DK1,859.579,115.0,2026-08-30 08:43:34.908991
435161492452445,2026-06-27 01:30:00,2026-06-27 03:30:00,DK1,867.8758,116.11,2026-08-30 08:43:34.908991
119508216669642,2026-06-26 23:15:00,2026-06-27 01:15:00,DK1,940.60364,125.84,2026-08-30 08:43:34.908991
691590825685168,2026-06-26 21:45:00,2026-06-26 23:45:00,DK1,1043.6036,139.62,2026-08-30 08:43:34.908991
467397914558607,2026-06-26 21:15:00,2026-06-26 23:15:00,DK1,1177.0253,157.47,2026-08-30 08:43:34.908991
761146198098869,2026-06-26 19:45:00,2026-06-26 21:45:00,DK1,1455.6036,194.74,2026-08-30 08:43:34.908991
983012938587409,2026-06-26 19:15:00,2026-06-26 21:15:00,DK1,2544.0547,340.36,2026-08-30 08:43:34.908991
960241651438044,2026-06-26 19:00:00,2026-06-26 21:00:00,DK1,3088.1309,413.15,2026-08-30 08:43:34.908991
652299102221698,2026-06-26 18:45:00,2026-06-26 20:45:00,DK1,3112.7974,416.45,2026-08-30 08:43:34.908991
493653142875574,2026-06-26 16:45:00,2026-06-26 18:45:00,DK1,1597.0978,213.67,2026-08-30 08:43:34.908991
107639369650829,2026-06-26 15:45:00,2026-06-26 17:45:00,DK1,988.1421,132.2,2026-08-30 08:43:34.908991
23766781191756,2026-06-26 14:30:00,2026-06-26 16:30:00,DK1,746.0398,99.81,2026-08-30 08:43:34.908991
703566154003909,2026-06-26 14:00:00,2026-06-26 16:00:00,DK1,515.37366,68.95,2026-08-30 08:43:34.908991
550577427202613,2026-06-26 12:30:00,2026-06-26 14:30:00,DK1,297.78806,39.84,2026-08-30 08:43:34.908991
860435060736749,2026-06-26 08:30:00,2026-06-26 10:30:00,DK1,655.3729,87.68,2026-08-30 08:43:34.908991
733972302797606,2026-06-26 04:45:00,2026-06-26 06:45:00,DK1,1052.1995,140.77,2026-08-30 08:43:34.908991
360106550125439,2026-06-26 04:15:00,2026-06-26 06:15:00,DK1,1131.7292,151.41,2026-08-30 08:43:34.908991
505769761070925,2026-06-26 03:45:00,2026-06-26 05:45:00,DK1,1009.8185,135.1,2026-08-30 08:43:34.908991
860063976526879,2026-06-26 03:15:00,2026-06-26 05:15:00,DK1,941.42584,125.95,2026-08-30 08:43:34.908991
403514338965399,2026-06-26 01:45:00,2026-06-26 03:45:00,DK1,898.4469,120.2,2026-08-30 08:43:34.908991
636273706722629,2026-06-26 01:00:00,2026-06-26 03:00:00,DK1,932.3069,124.73,2026-08-30 08:43:34.908991
64491599827823,2026-06-26 00:30:00,2026-06-26 02:30:00,DK1,902.1842,120.7,2026-08-30 08:43:34.908991
812739166999891,2026-06-25 23:15:00,2026-06-26 01:15:00,DK1,985.45123,131.84,2026-08-30 08:43:34.908991
343707798822549,2026-06-25 22:15:00,2026-06-26 00:15:00,DK1,1120.4425,149.9,2026-08-30 08:43:34.908991
453349207488944,2026-06-25 21:00:00,2026-06-25 23:00:00,DK1,1301.8336,174.17,2026-08-30 08:43:34.908991
616927389500373,2026-06-25 18:45:00,2026-06-25 20:45:00,DK1,2421.2148,323.93,2026-08-30 08:43:34.908991
382667048974936,2026-06-25 18:30:00,2026-06-25 20:30:00,DK1,2370.4631,317.14,2026-08-30 08:43:34.908991
701159930984675,2026-06-25 17:15:00,2026-06-25 19:15:00,DK1,1297.7227,173.62,2026-08-30 08:43:34.908991
876174662476823,2026-06-25 16:30:00,2026-06-25 18:30:00,DK1,1060.7063,141.91,2026-08-30 08:43:34.908991
804409672757452,2026-06-25 16:15:00,2026-06-25 18:15:00,DK1,854.9333,114.38,2026-08-30 08:43:34.908991
849624334552209,2026-06-25 16:00:00,2026-06-25 18:00:00,DK1,685.4864,91.71,2026-08-30 08:43:34.908991
679260378546196,2026-06-25 14:45:00,2026-06-25 16:45:00,DK1,846.4871,113.25,2026-08-30 08:43:34.908991
53983598370240,2026-06-25 14:30:00,2026-06-25 16:30:00,DK1,709.18054,94.88,2026-08-30 08:43:34.908991
636448794252009,2026-06-25 13:15:00,2026-06-25 15:15:00,DK1,451.08606,60.35,2026-08-30 08:43:34.908991
396460937760948,2026-06-25 13:00:00,2026-06-25 15:00:00,DK1,292.77615,39.17,2026-08-30 08:43:34.908991
643734368407040,2026-06-25 12:15:00,2026-06-25 14:15:00,DK1,177.66887,23.77,2026-08-30 08:43:34.908991
476424554413748,2026-06-25 09:15:00,2026-06-25 11:15:00,DK1,527.326,70.55,2026-08-30 08:43:34.908991
590946008607658,2026-06-25 07:00:00,2026-06-25 09:00:00,DK1,906.3579,121.26,2026-08-30 08:43:34.908991
511715826515487,2026-06-25 04:45:00,2026-06-25 06:45:00,DK1,1148.0084,153.59,2026-08-30 08:43:34.908991
657734116749110,2026-06-25 03:45:00,2026-06-25 05:45:00,DK1,1101.1434,147.32,2026-08-30 08:43:34.908991
469705021486465,2026-06-25 02:45:00,2026-06-25 04:45:00,DK1,1043.0665,139.55,2026-08-30 08:43:34.908991
334646323810414,2026-06-24 22:45:00,2026-06-25 00:45:00,DK1,1143.0752,152.93,2026-08-30 08:43:34.908991
226369089210551,2026-06-24 22:30:00,2026-06-25 00:30:00,DK1,1150.8488,153.97,2026-08-30 08:43:34.908991
184445481842380,2026-06-24 21:45:00,2026-06-24 23:45:00,DK1,1403.4504,187.74,2026-08-30 08:43:34.908991
244267751100422,2026-06-24 21:30:00,2026-06-24 23:30:00,DK1,1782.6825,238.47,2026-08-30 08:43:34.908991
607568584652165,2026-06-24 21:00:00,2026-06-24 23:00:00,DK1,2705.7573,361.95,2026-08-30 08:43:34.908991
459940354706430,2026-06-24 17:30:00,2026-06-24 19:30:00,DK1,4402.7705,588.96,2026-08-30 08:43:34.908991
449431282971507,2026-06-24 17:15:00,2026-06-24 19:15:00,DK1,2383.5632,318.85,2026-08-30 08:43:34.908991
784086064645858,2026-06-24 16:45:00,2026-06-24 18:45:00,DK1,2169.0164,290.15,2026-08-30 08:43:34.908991
760607129784135,2026-06-24 16:30:00,2026-06-24 18:30:00,DK1,1534.6454,205.29,2026-08-30 08:43:34.908991
371787750589012,2026-06-24 15:00:00,2026-06-24 17:00:00,DK1,814.7547,108.99,2026-08-30 08:43:34.908991
115564076819957,2026-06-24 14:00:00,2026-06-24 16:00:00,DK1,716.00336,95.78,2026-08-30 08:43:34.908991
928214863025011,2026-06-24 13:30:00,2026-06-24 15:30:00,DK1,702.02423,93.91,2026-08-30 08:43:34.908991
681825432067119,2026-06-24 12:45:00,2026-06-24 14:45:00,DK1,621.8121,83.18,2026-08-30 08:43:34.908991
573129846167399,2026-06-24 12:00:00,2026-06-24 14:00:00,DK1,464.9761,62.2,2026-08-30 08:43:34.908991
263944559710730,2026-06-24 10:00:00,2026-06-24 12:00:00,DK1,640.6503,85.7,2026-08-30 08:43:34.908991
4208978865438,2026-06-24 09:30:00,2026-06-24 11:30:00,DK1,580.8463,77.7,2026-08-30 08:43:34.908991
372245798604640,2026-06-24 08:15:00,2026-06-24 10:15:00,DK1,814.0072,108.89,2026-08-30 08:43:34.908991
442363896977101,2026-06-24 07:45:00,2026-06-24 09:45:00,DK1,766.5378,102.54,2026-08-30 08:43:34.908991
492956610487064,2026-06-24 06:45:00,2026-06-24 08:45:00,DK1,859.533,114.98,2026-08-30 08:43:34.908991
23476506960684,2026-06-24 01:45:00,2026-06-24 03:45:00,DK1,1083.7233,144.97,2026-08-30 08:43:34.908991
487660657885582,2026-06-24 01:30:00,2026-06-24 03:30:00,DK1,1084.8445,145.12,2026-08-30 08:43:34.908991
11055666847039,2026-06-24 01:00:00,2026-06-24 03:00:00,DK1,1085.2931,145.18,2026-08-30 08:43:34.908991
130268559966300,2026-06-24 00:30:00,2026-06-24 02:30:00,DK1,1107.869,148.2,2026-08-30 08:43:34.908991
265555667850882,2026-06-24 00:15:00,2026-06-24 02:15:00,DK1,1109.6632,148.44,2026-08-30 08:43:34.908991
717015894626531,2026-06-23 22:30:00,2026-06-24 00:30:00,DK1,1247.8104,166.92,2026-08-30 08:43:34.908991
456767134893158,2026-06-23 22:15:00,2026-06-24 00:15:00,DK1,1356.8779,181.51,2026-08-30 08:43:34.908991
956889377606209,2026-06-23 22:00:00,2026-06-24 00:00:00,DK1,1626.1455,217.53,2026-08-30 08:43:34.908991
686571551963867,2026-06-23 21:00:00,2026-06-23 23:00:00,DK1,1636.9283,218.99,2026-08-30 08:43:34.908991
896861498630867,2026-06-23 20:15:00,2026-06-23 22:15:00,DK1,3233.0437,432.52,2026-08-30 08:43:34.908991
906363608434319,2026-06-23 20:00:00,2026-06-23 22:00:00,DK1,3553.717,475.42,2026-08-30 08:43:34.908991
117772229443718,2026-06-23 19:45:00,2026-06-23 21:45:00,DK1,3464.6162,463.5,2026-08-30 08:43:34.908991
902901291635527,2026-06-23 19:15:00,2026-06-23 21:15:00,DK1,4291.639,574.14,2026-08-30 08:43:34.908991
384622775075269,2026-06-23 18:45:00,2026-06-23 20:45:00,DK1,4768.6123,637.95,2026-08-30 08:43:34.908991
14866661457449,2026-06-23 17:00:00,2026-06-23 19:00:00,DK1,1352.7327,180.97,2026-08-30 08:43:34.908991
849520533456228,2026-06-23 16:45:00,2026-06-23 18:45:00,DK1,1744.268,233.35,2026-08-30 08:43:34.908991
716520299910382,2026-06-23 15:15:00,2026-06-23 17:15:00,DK1,873.06836,116.8,2026-08-30 08:43:34.908991
573229682429234,2026-06-23 14:15:00,2026-06-23 16:15:00,DK1,705.63055,94.4,2026-08-30 08:43:34.908991
38568353000121,2026-06-23 13:00:00,2026-06-23 15:00:00,DK1,451.33447,60.38,2026-08-30 08:43:34.908991
244130851984405,2026-06-23 12:45:00,2026-06-23 14:45:00,DK1,565.1772,75.61,2026-08-30 08:43:34.908991
518881714556102,2026-06-23 12:30:00,2026-06-23 14:30:00,DK1,508.21844,67.99,2026-08-30 08:43:34.908991
373893881557393,2026-06-23 10:45:00,2026-06-23 12:45:00,DK1,440.49585,58.93,2026-08-30 08:43:34.908991
956128530608714,2026-06-23 10:15:00,2026-06-23 12:15:00,DK1,498.9496,66.75,2026-08-30 08:43:34.908991
975673920046778,2026-06-23 10:00:00,2026-06-23 12:00:00,DK1,573.47437,76.72,2026-08-30 08:43:34.908991
540392228472603,2026-06-23 09:45:00,2026-06-23 11:45:00,DK1,516.2913,69.07,2026-08-30 08:43:34.908991
559913950272492,2026-06-23 09:30:00,2026-06-23 11:30:00,DK1,529.1482,70.79,2026-08-30 08:43:34.908991
412230504834762,2026-06-23 09:15:00,2026-06-23 11:15:00,DK1,594.1051,79.48,2026-08-30 08:43:34.908991
757388243260582,2026-06-23 08:45:00,2026-06-23 10:45:00,DK1,615.558,82.35,2026-08-30 08:43:34.908991
800457784684944,2026-06-23 08:30:00,2026-06-23 10:30:00,DK1,672.36725,89.95,2026-08-30 08:43:34.908991
825559471059632,2026-06-23 05:00:00,2026-06-23 07:00:00,DK1,1372.4664,183.61,2026-08-30 08:43:34.908991
603542225625373,2026-06-23 04:45:00,2026-06-23 06:45:00,DK1,1322.2351,176.89,2026-08-30 08:43:34.908991
95683608077011,2026-06-23 04:30:00,2026-06-23 06:30:00,DK1,1277.6846,170.93,2026-08-30 08:43:34.908991
387270789536447,2026-06-23 03:30:00,2026-06-23 05:30:00,DK1,1068.6864,142.97,2026-08-30 08:43:34.908991
822328659534935,2026-06-23 02:15:00,2026-06-23 04:15:00,DK1,1015.4652,135.85,2026-08-30 08:43:34.908991
777782917922983,2026-06-23 01:45:00,2026-06-23 03:45:00,DK1,1018.9036,136.31,2026-08-30 08:43:34.908991
303403450649155,2026-06-23 01:15:00,2026-06-23 03:15:00,DK1,1017.3339,136.1,2026-08-30 08:43:34.908991
670608133651593,2026-06-23 01:00:00,2026-06-23 03:00:00,DK1,1006.7195,134.68,2026-08-30 08:43:34.908991
17387101450563,2026-06-22 22:30:00,2026-06-23 00:30:00,DK1,1068.4623,142.94,2026-08-30 08:43:34.908991
400215938154695,2026-06-22 21:30:00,2026-06-22 23:30:00,DK1,1157.7562,154.89,2026-08-30 08:43:34.908991
234273162017389,2026-06-22 21:00:00,2026-06-22 23:00:00,DK1,1227.57,164.23,2026-08-30 08:43:34.908991
158019335417167,2026-06-22 20:00:00,2026-06-22 22:00:00,DK1,1734.5042,232.05,2026-08-30 08:43:34.908991
600730301985967,2026-06-22 17:45:00,2026-06-22 19:45:00,DK1,1998.2114,267.33,2026-08-30 08:43:34.908991
129114636667712,2026-06-22 17:15:00,2026-06-22 19:15:00,DK1,1239.978,165.89,2026-08-30 08:43:34.908991
604993408393862,2026-06-22 16:15:00,2026-06-22 18:15:00,DK1,981.8019,131.35,2026-08-30 08:43:34.908991
200348181965803,2026-06-22 16:00:00,2026-06-22 18:00:00,DK1,889.04083,118.94,2026-08-30 08:43:34.908991
813845172040887,2026-06-22 15:30:00,2026-06-22 17:30:00,DK1,894.3479,119.65,2026-08-30 08:43:34.908991
338425061040043,2026-06-22 12:45:00,2026-06-22 14:45:00,DK1,384.57333,51.45,2026-08-30 08:43:34.908991
885976824895175,2026-06-22 12:00:00,2026-06-22 14:00:00,DK1,211.534,28.3,2026-08-30 08:43:34.908991
638428210773779,2026-06-22 11:30:00,2026-06-22 13:30:00,DK1,226.03493,30.24,2026-08-30 08:43:34.908991
270489569853473,2026-06-22 09:45:00,2026-06-22 11:45:00,DK1,343.8362,46.0,2026-08-30 08:43:34.908991
498020450536216,2026-06-22 09:30:00,2026-06-22 11:30:00,DK1,381.2097,51.0,2026-08-30 08:43:34.908991
188636043617440,2026-06-22 09:15:00,2026-06-22 11:15:00,DK1,457.45166,61.2,2026-08-30 08:43:34.908991
955692752537625,2026-06-22 08:45:00,2026-06-22 10:45:00,DK1,485.8555,65.0,2026-08-30 08:43:34.908991
412814377392394,2026-06-22 07:00:00,2026-06-22 09:00:00,DK1,923.1254,123.5,2026-08-30 08:43:34.908991
332971301397369,2026-06-22 06:00:00,2026-06-22 08:00:00,DK1,1099.5284,147.1,2026-08-30 08:43:34.908991
133742956729168,2026-06-22 03:15:00,2026-06-22 05:15:00,DK1,902.79425,120.78,2026-08-30 08:43:34.908991
501346392265368,2026-06-22 03:00:00,2026-06-22 05:00:00,DK1,881.7156,117.96,2026-08-30 08:43:34.908991
61982638285144,2026-06-22 02:00:00,2026-06-22 04:00:00,DK1,849.5744,113.66,2026-08-30 08:43:34.908991
890455388064485,2026-06-22 01:30:00,2026-06-22 03:30:00,DK1,853.31177,114.16,2026-08-30 08:43:34.908991
270780553799221,2026-06-22 01:00:00,2026-06-22 03:00:00,DK1,853.237,114.15,2026-08-30 08:43:34.908991
723998887106114,2026-06-21 22:45:00,2026-06-22 00:45:00,DK1,907.20435,121.37,2026-08-30 08:43:34.908991
446573359893464,2026-06-21 22:00:00,2026-06-22 00:00:00,DK1,1029.9388,137.79,2026-08-30 08:43:34.908991
689615177817691,2026-06-21 21:00:00,2026-06-21 23:00:00,DK1,1076.8657,144.07,2026-08-30 08:43:34.908991
470601684625931,2026-06-21 19:45:00,2026-06-21 21:45:00,DK1,1109.1559,148.39,2026-08-30 08:43:34.908991
90203245824155,2026-06-21 19:15:00,2026-06-21 21:15:00,DK1,1128.2909,150.95,2026-08-30 08:43:34.908991
850876545339882,2026-06-21 18:00:00,2026-06-21 20:00:00,DK1,1064.9062,142.47,2026-08-30 08:43:34.908991
623262637364247,2026-06-21 17:15:00,2026-06-21 19:15:00,DK1,1004.06305,134.33,2026-08-30 08:43:34.908991
821803582283534,2026-06-21 16:30:00,2026-06-21 18:30:00,DK1,880.0594,117.74,2026-08-30 08:43:34.908991
320584332837210,2026-06-21 16:00:00,2026-06-21 18:00:00,DK1,741.92883,99.26,2026-08-30 08:43:34.908991
589795975935701,2026-06-21 15:45:00,2026-06-21 17:45:00,DK1,911.079,121.89,2026-08-30 08:43:34.908991
339112803337870,2026-06-21 12:45:00,2026-06-21 14:45:00,DK1,0.0,0.0,2026-08-30 08:43:34.908991
728760308455668,2026-06-21 12:00:00,2026-06-21 14:00:00,DK1,0.0,0.0,2026-08-30 08:43:34.908991
433652573799527,2026-06-21 11:45:00,2026-06-21 13:45:00,DK1,0.0,0.0,2026-08-30 08:43:34.908991
54582420699257,2026-06-21 11:30:00,2026-06-21 13:30:00,DK1,0.0,0.0,2026-08-30 08:43:34.908991
640565908988578,2026-06-21 10:00:00,2026-06-21 12:00:00,DK1,0.224238,0.03,2026-08-30 08:43:34.908991
376607304143347,2026-06-21 09:15:00,2026-06-21 11:15:00,DK1,0.74746,0.1,2026-08-30 08:43:34.908991
848596758560146,2026-06-21 04:00:00,2026-06-21 06:00:00,DK1,892.69147,119.43,2026-08-30 08:43:34.908991
870245490752837,2026-06-21 03:45:00,2026-06-21 05:45:00,DK1,846.1247,113.2,2026-08-30 08:43:34.908991
574464027054369,2026-06-21 02:30:00,2026-06-21 04:30:00,DK1,909.7336,121.71,2026-08-30 08:43:34.908991
149590619126291,2026-06-21 02:00:00,2026-06-21 04:00:00,DK1,912.87286,122.13,2026-08-30 08:43:34.908991
767335234637731,2026-06-21 01:30:00,2026-06-21 03:30:00,DK1,922.2161,123.38,2026-08-30 08:43:34.908991
227255728508831,2026-06-21 01:15:00,2026-06-21 03:15:00,DK1,929.91504,124.41,2026-08-30 08:43:34.908991
993867885198216,2026-06-20 22:00:00,2026-06-21 00:00:00,DK1,1113.4165,148.96,2026-08-30 08:43:34.908991
639495320262984,2026-06-20 21:15:00,2026-06-20 23:15:00,DK1,1115.1356,149.19,2026-08-30 08:43:34.908991
112096646346519,2026-06-20 17:45:00,2026-06-20 19:45:00,DK1,1268.7386,169.74,2026-08-30 08:43:34.908991
410021575313575,2026-06-20 17:30:00,2026-06-20 19:30:00,DK1,1138.7554,152.35,2026-08-30 08:43:34.908991
79836633797392,2026-06-20 16:30:00,2026-06-20 18:30:00,DK1,937.01587,125.36,2026-08-30 08:43:34.908991
899732828670595,2026-06-20 14:45:00,2026-06-20 16:45:00,DK1,383.2975,51.28,2026-08-30 08:43:34.908991
68692041064830,2026-06-20 13:30:00,2026-06-20 15:30:00,DK1,0.0,0.0,2026-08-30 08:43:34.908991
114451250759790,2026-06-20 12:45:00,2026-06-20 14:45:00,DK1,-0.074746,-0.01,2026-08-30 08:43:34.908991
572416336650208,2026-06-20 12:30:00,2026-06-20 14:30:00,DK1,-0.074746,-0.01,2026-08-30 08:43:34.908991
24185437504254,2026-06-20 11:45:00,2026-06-20 13:45:00,DK1,-0.149492,-0.02,2026-08-30 08:43:34.908991
96755418251641,2026-06-20 10:00:00,2026-06-20 12:00:00,DK1,-0.074746,-0.01,2026-08-30 08:43:34.908991
504832107070514,2026-06-20 09:00:00,2026-06-20 11:00:00,DK1,0.0,0.0,2026-08-30 08:43:34.908991
972806260542971,2026-06-20 07:30:00,2026-06-20 09:30:00,DK1,187.98619,25.15,2026-08-30 08:43:34.908991
983905945142184,2026-06-20 06:45:00,2026-06-20 08:45:00,DK1,485.99847,65.02,2026-08-30 08:43:34.908991
346652140690351,2026-06-20 06:15:00,2026-06-20 08:15:00,DK1,762.93243,102.07,2026-08-30 08:43:34.908991
40198638866540,2026-06-20 06:00:00,2026-06-20 08:00:00,DK1,876.39685,117.25,2026-08-30 08:43:34.908991
603029110059962,2026-06-20 05:45:00,2026-06-20 07:45:00,DK1,645.7307,86.39,2026-08-30 08:43:34.908991
521646649249224,2026-06-20 04:30:00,2026-06-20 06:30:00,DK1,818.095,109.45,2026-08-30 08:43:34.908991
102842415225847,2026-06-20 03:15:00,2026-06-20 05:15:00,DK1,861.5971,115.27,2026-08-30 08:43:34.908991
261780481032533,2026-06-20 02:45:00,2026-06-20 04:45:00,DK1,860.177,115.08,2026-08-30 08:43:34.908991
556566329003903,2026-06-20 02:15:00,2026-06-20 04:15:00,DK1,859.20526,114.95,2026-08-30 08:43:34.908991
220680078224864,2026-06-20 01:45:00,2026-06-20 03:45:00,DK1,858.30835,114.83,2026-08-30 08:43:34.908991
389690578904028,2026-06-20 01:30:00,2026-06-20 03:30:00,DK1,871.31415,116.57,2026-08-30 08:43:34.908991
528939517421176,2026-06-20 01:15:00,2026-06-20 03:15:00,DK1,871.68787,116.62,2026-08-30 08:43:34.908991
754472328567643,2026-06-20 00:45:00,2026-06-20 02:45:00,DK1,870.4172,116.45,2026-08-30 08:43:34.908991
577323674317686,2026-06-20 00:30:00,2026-06-20 02:30:00,DK1,881.629,117.95,2026-08-30 08:43:34.908991
306940808936740,2026-06-20 00:15:00,2026-06-20 02:15:00,DK1,892.84094,119.45,2026-08-30 08:43:34.908991
155474492719924,2026-06-19 23:30:00,2026-06-20 01:30:00,DK1,897.849,120.12,2026-08-30 08:43:34.908991
862219433162772,2026-06-19 23:00:00,2026-06-20 01:00:00,DK1,923.86053,123.6,2026-08-30 08:43:34.908991
793114565866361,2026-06-19 22:15:00,2026-06-20 00:15:00,DK1,994.2713,133.02,2026-08-30 08:43:34.908991
352899210957772,2026-06-19 22:00:00,2026-06-20 00:00:00,DK1,1064.682,142.44,2026-08-30 08:43:34.908991
651652023086172,2026-06-19 20:00:00,2026-06-19 22:00:00,DK1,1306.859,174.84,2026-08-30 08:43:34.908991
775065838561196,2026-06-19 18:45:00,2026-06-19 20:45:00,DK1,1631.1819,218.23,2026-08-30 08:43:34.908991
843258917782972,2026-06-19 18:30:00,2026-06-19 20:30:00,DK1,1594.4817,213.32,2026-08-30 08:43:34.908991
5476130880142,2026-06-19 18:15:00,2026-06-19 20:15:00,DK1,1531.3961,204.88,2026-08-30 08:43:34.908991
704537963207223,2026-06-19 18:00:00,2026-06-19 20:00:00,DK1,1433.0303,191.72,2026-08-30 08:43:34.908991
402178795149981,2026-06-19 17:00:00,2026-06-19 19:00:00,DK1,1054.2924,141.05,2026-08-30 08:43:34.908991
164329552995732,2026-06-19 16:00:00,2026-06-19 18:00:00,DK1,821.98175,109.97,2026-08-30 08:43:34.908991
150182615565760,2026-06-19 15:15:00,2026-06-19 17:15:00,DK1,799.33374,106.94,2026-08-30 08:43:34.908991
543615134303590,2026-06-19 14:30:00,2026-06-19 16:30:00,DK1,690.05505,92.32,2026-08-30 08:43:34.908991
393077094375166,2026-06-19 13:45:00,2026-06-19 15:45:00,DK1,577.5623,77.27,2026-08-30 08:43:34.908991
871505083591574,2026-06-19 13:15:00,2026-06-19 15:15:00,DK1,250.02538,33.45,2026-08-30 08:43:34.908991
120918953829305,2026-06-19 12:15:00,2026-06-19 14:15:00,DK1,103.97169,13.91,2026-08-30 08:43:34.908991
446301207927319,2026-06-19 10:00:00,2026-06-19 12:00:00,DK1,162.94627,21.8,2026-08-30 08:43:34.908991
184779128188369,2026-06-19 08:30:00,2026-06-19 10:30:00,DK1,516.19586,69.06,2026-08-30 08:43:34.908991
362636621298382,2026-06-19 08:15:00,2026-06-19 10:15:00,DK1,635.11676,84.97,2026-08-30 08:43:34.908991
557827209177667,2026-06-19 08:00:00,2026-06-19 10:00:00,DK1,701.0427,93.79,2026-08-30 08:43:34.908991
347797616021884,2026-06-19 07:45:00,2026-06-19 09:45:00,DK1,596.62256,79.82,2026-08-30 08:43:34.908991
615332116166603,2026-06-19 07:00:00,2026-06-19 09:00:00,DK1,850.759,113.82,2026-08-30 08:43:34.908991
242583159294913,2026-06-19 06:45:00,2026-06-19 08:45:00,DK1,762.55865,102.02,2026-08-30 08:43:34.908991
664027088699282,2026-06-19 06:15:00,2026-06-19 08:15:00,DK1,858.6073,114.87,2026-08-30 08:43:34.908991
569210199005756,2026-06-19 05:00:00,2026-06-19 07:00:00,DK1,1048.5369,140.28,2026-08-30 08:43:34.908991
829636537058460,2026-06-19 03:45:00,2026-06-19 05:45:00,DK1,926.9252,124.01,2026-08-30 08:43:34.908991
402907278615676,2026-06-19 03:00:00,2026-06-19 05:00:00,DK1,878.86346,117.58,2026-08-30 08:43:34.908991
169980729764508,2026-06-18 23:45:00,2026-06-19 01:45:00,DK1,928.42004,124.21,2026-08-30 08:43:34.908991
916081869493427,2026-06-18 23:15:00,2026-06-19 01:15:00,DK1,1020.3576,136.51,2026-08-30 08:43:34.908991
930419946874946,2026-06-18 21:45:00,2026-06-18 23:45:00,DK1,1099.0798,147.04,2026-08-30 08:43:34.908991
6211619089712,2026-06-18 20:45:00,2026-06-18 22:45:00,DK1,1236.4648,165.42,2026-08-30 08:43:34.908991
581145436348229,2026-06-18 20:00:00,2026-06-18 22:00:00,DK1,3077.8572,411.77,2026-08-30 08:43:34.908991
982361469250993,2026-06-18 19:45:00,2026-06-18 21:45:00,DK1,2661.5166,356.07,2026-08-30 08:43:34.908991
611998183798180,2026-06-18 18:45:00,2026-06-18 20:45:00,DK1,4196.371,561.41,2026-08-30 08:43:34.908991
552301424716554,2026-06-18 15:45:00,2026-06-18 17:45:00,DK1,954.0707,127.64,2026-08-30 08:43:34.908991
884111347977469,2026-06-18 14:45:00,2026-06-18 16:45:00,DK1,781.2556,104.52,2026-08-30 08:43:34.908991
939844786968330,2026-06-18 14:30:00,2026-06-18 16:30:00,DK1,683.8603,91.49,2026-08-30 08:43:34.908991
923256152256258,2026-06-18 13:45:00,2026-06-18 15:45:00,DK1,532.8714,71.29,2026-08-30 08:43:34.908991
175561331151271,2026-06-18 13:15:00,2026-06-18 15:15:00,DK1,313.9374,42.0,2026-08-30 08:43:34.908991
870414960255307,2026-06-18 13:00:00,2026-06-18 15:00:00,DK1,186.8675,25.0,2026-08-30 08:43:34.908991
413083559442956,2026-06-18 12:15:00,2026-06-18 14:15:00,DK1,177.59888,23.76,2026-08-30 08:43:34.908991
134143336825461,2026-06-18 10:45:00,2026-06-18 12:45:00,DK1,146.8031,19.64,2026-08-30 08:43:34.908991
854299161545738,2026-06-18 10:15:00,2026-06-18 12:15:00,DK1,214.37439,28.68,2026-08-30 08:43:34.908991
19005736081137,2026-06-18 10:00:00,2026-06-18 12:00:00,DK1,311.17175,41.63,2026-08-30 08:43:34.908991
922815682748975,2026-06-18 08:45:00,2026-06-18 10:45:00,DK1,351.7594,47.06,2026-08-30 08:43:34.908991
282714358240105,2026-06-18 06:45:00,2026-06-18 08:45:00,DK1,771.76276,103.25,2026-08-30 08:43:34.908991
375295959383564,2026-06-18 05:30:00,2026-06-18 07:30:00,DK1,1018.12897,136.21,2026-08-30 08:43:34.908991
756972353171211,2026-06-18 05:00:00,2026-06-18 07:00:00,DK1,1077.777,144.19,2026-08-30 08:43:34.908991
244118394685337,2026-06-18 04:15:00,2026-06-18 06:15:00,DK1,1030.4622,137.86,2026-08-30 08:43:34.908991
971543170874542,2026-06-18 04:00:00,2026-06-18 06:00:00,DK1,1004.3754,134.37,2026-08-30 08:43:34.908991
727894159258831,2026-06-18 03:15:00,2026-06-18 05:15:00,DK1,934.26276,124.99,2026-08-30 08:43:34.908991
390907754223957,2026-06-18 02:15:00,2026-06-18 04:15:00,DK1,883.5095,118.2,2026-08-30 08:43:34.908991
281579070751552,2026-06-18 00:30:00,2026-06-18 02:30:00,DK1,905.48517,121.14,2026-08-30 08:43:34.908991
269509496382770,2026-06-18 00:15:00,2026-06-18 02:15:00,DK1,908.9235,121.6,2026-08-30 08:43:34.908991
158376131646259,2026-06-17 22:30:00,2026-06-18 00:30:00,DK1,1000.56335,133.86,2026-08-30 08:43:34.908991
723561831684590,2026-06-17 21:45:00,2026-06-17 23:45:00,DK1,1004.6265,134.4,2026-08-30 08:43:34.908991
72364472964272,2026-06-17 21:15:00,2026-06-17 23:15:00,DK1,1085.0565,145.16,2026-08-30 08:43:34.908991
241566417451210,2026-06-17 21:00:00,2026-06-17 23:00:00,DK1,1134.9888,151.84,2026-08-30 08:43:34.908991
858616548757000,2026-06-17 20:45:00,2026-06-17 22:45:00,DK1,1097.8385,146.87,2026-08-30 08:43:34.908991
803591446851902,2026-06-17 19:30:00,2026-06-17 21:30:00,DK1,1203.0851,160.95,2026-08-30 08:43:34.908991
510395466509485,2026-06-17 18:30:00,2026-06-17 20:30:00,DK1,1282.0948,171.52,2026-08-30 08:43:34.908991
268115106858950,2026-06-17 18:00:00,2026-06-17 20:00:00,DK1,1094.1011,146.37,2026-08-30 08:43:34.908991
117153655214408,2026-06-17 17:30:00,2026-06-17 19:30:00,DK1,1106.4347,148.02,2026-08-30 08:43:34.908991
856838162964753,2026-06-17 17:15:00,2026-06-17 19:15:00,DK1,1017.3339,136.1,2026-08-30 08:43:34.908991
162759750166404,2026-06-17 17:00:00,2026-06-17 19:00:00,DK1,962.24384,128.73,2026-08-30 08:43:34.908991
403620688665320,2026-06-17 15:45:00,2026-06-17 17:45:00,DK1,897.287,120.04,2026-08-30 08:43:34.908991
171392918678941,2026-06-17 15:15:00,2026-06-17 17:15:00,DK1,777.9876,104.08,2026-08-30 08:43:34.908991
146799251884484,2026-06-17 13:30:00,2026-06-17 15:30:00,DK1,589.17163,78.82,2026-08-30 08:43:34.908991
602601855171967,2026-06-17 11:45:00,2026-06-17 13:45:00,DK1,461.57507,61.75,2026-08-30 08:43:34.908991
900209264600757,2026-06-17 11:30:00,2026-06-17 13:30:00,DK1,498.42633,66.68,2026-08-30 08:43:34.908991
968461752314184,2026-06-17 08:00:00,2026-06-17 10:00:00,DK1,790.8444,105.8,2026-08-30 08:43:34.908991
498046897757226,2026-06-17 07:30:00,2026-06-17 09:30:00,DK1,770.6622,103.1,2026-08-30 08:43:34.908991
624829073909843,2026-06-17 05:45:00,2026-06-17 07:45:00,DK1,921.6552,123.3,2026-08-30 08:43:34.908991
882721032692885,2026-06-17 04:00:00,2026-06-17 06:00:00,DK1,1025.6311,137.21,2026-08-30 08:43:34.908991
793697654293684,2026-06-17 03:00:00,2026-06-17 05:00:00,DK1,940.11816,125.77,2026-08-30 08:43:34.908991
10412654700664,2026-06-17 02:00:00,2026-06-17 04:00:00,DK1,940.4172,125.81,2026-08-30 08:43:34.908991
105237618305535,2026-06-17 01:45:00,2026-06-17 03:45:00,DK1,944.90216,126.41,2026-08-30 08:43:34.908991
621392352652121,2026-06-17 01:30:00,2026-06-17 03:30:00,DK1,952.975,127.49,2026-08-30 08:43:34.908991
727268655263758,2026-06-17 01:15:00,2026-06-17 03:15:00,DK1,949.53656,127.03,2026-08-30 08:43:34.908991
381209664184454,2026-06-17 01:00:00,2026-06-17 03:00:00,DK1,959.02966,128.3,2026-08-30 08:43:34.908991
697256634832674,2026-06-17 00:15:00,2026-06-17 02:15:00,DK1,961.4964,128.63,2026-08-30 08:43:34.908991
806800452014094,2026-06-16 23:15:00,2026-06-17 01:15:00,DK1,1003.20636,134.21,2026-08-30 08:43:34.908991
719763924160491,2026-06-16 22:30:00,2026-06-17 00:30:00,DK1,1037.6656,138.82,2026-08-30 08:43:34.908991
849383711392114,2026-06-16 21:00:00,2026-06-16 23:00:00,DK1,1141.5361,152.72,2026-08-30 08:43:34.908991
507896829533004,2026-06-16 20:30:00,2026-06-16 22:30:00,DK1,1151.029,153.99,2026-08-30 08:43:34.908991
296326810322513,2026-06-16 18:45:00,2026-06-16 20:45:00,DK1,1478.4209,197.79,2026-08-30 08:43:34.908991
706599215770075,2026-06-16 18:15:00,2026-06-16 20:15:00,DK1,1273.9131,170.43,2026-08-30 08:43:34.908991
910671810577153,2026-06-16 15:45:00,2026-06-16 17:45:00,DK1,928.8062,124.26,2026-08-30 08:43:34.908991
320595969055524,2026-06-16 15:30:00,2026-06-16 17:30:00,DK1,852.26526,114.02,2026-08-30 08:43:34.908991
977938186006927,2026-06-16 13:45:00,2026-06-16 15:45:00,DK1,563.6672,75.41,2026-08-30 08:43:34.908991
130663044150264,2026-06-16 12:00:00,2026-06-16 14:00:00,DK1,377.02386,50.44,2026-08-30 08:43:34.908991
104462968411259,2026-06-16 10:30:00,2026-06-16 12:30:00,DK1,486.90195,65.14,2026-08-30 08:43:34.908991
448954398201562,2026-06-16 10:00:00,2026-06-16 12:00:00,DK1,593.4912,79.4,2026-08-30 08:43:34.908991
679123325572308,2026-06-16 09:45:00,2026-06-16 11:45:00,DK1,507.23315,67.86,2026-08-30 08:43:34.908991
664891735007013,2026-06-16 09:00:00,2026-06-16 11:00:00,DK1,742.3872,99.32,2026-08-30 08:43:34.908991
602186931673193,2026-06-16 08:45:00,2026-06-16 10:45:00,DK1,750.9831,100.47,2026-08-30 08:43:34.908991
611769907930915,2026-06-16 08:15:00,2026-06-16 10:15:00,DK1,806.4454,107.89,2026-08-30 08:43:34.908991
624906024174520,2026-06-16 08:00:00,2026-06-16 10:00:00,DK1,866.4672,115.92,2026-08-30 08:43:34.908991
531831673666563,2026-06-16 07:15:00,2026-06-16 09:15:00,DK1,863.55206,115.53,2026-08-30 08:43:34.908991
277831133697317,2026-06-16 05:45:00,2026-06-16 07:45:00,DK1,919.3881,123.0,2026-08-30 08:43:34.908991
179394557721905,2026-06-16 04:30:00,2026-06-16 06:30:00,DK1,966.2545,129.27,2026-08-30 08:43:34.908991
807194598083076,2026-06-16 00:30:00,2026-06-16 02:30:00,DK1,847.93,113.44,2026-08-30 08:43:34.908991
836161106116640,2026-06-16 00:15:00,2026-06-16 02:15:00,DK1,859.142,114.94,2026-08-30 08:43:34.908991
937195994155694,2026-06-15 22:15:00,2026-06-16 00:15:00,DK1,949.13745,126.98,2026-08-30 08:43:34.908991
960371860661255,2026-06-15 22:00:00,2026-06-16 00:00:00,DK1,985.61395,131.86,2026-08-30 08:43:34.908991
694204361026463,2026-06-15 21:45:00,2026-06-15 23:45:00,DK1,951.2907,127.28,2026-08-30 08:43:34.908991
419111157953892,2026-06-15 19:15:00,2026-06-15 21:15:00,DK1,1178.2013,157.64,2026-08-30 08:43:34.908991
291376861177195,2026-06-15 18:15:00,2026-06-15 20:15:00,DK1,1026.8529,137.39,2026-08-30 08:43:34.908991
763587842079390,2026-06-15 17:15:00,2026-06-15 19:15:00,DK1,910.55743,121.83,2026-08-30 08:43:34.908991
804454273061669,2026-06-15 17:00:00,2026-06-15 19:00:00,DK1,803.2308,107.47,2026-08-30 08:43:34.908991
555475377336268,2026-06-15 15:15:00,2026-06-15 17:15:00,DK1,232.51614,31.11,2026-08-30 08:43:34.908991
994577252986112,2026-06-15 14:30:00,2026-06-15 16:30:00,DK1,32.21294,4.31,2026-08-30 08:43:34.908991
308939799704540,2026-06-15 12:30:00,2026-06-15 14:30:00,DK1,10.23938,1.37,2026-08-30 08:43:34.908991
884072433610125,2026-06-15 11:45:00,2026-06-15 13:45:00,DK1,12.03314,1.61,2026-08-30 08:43:34.908991
307642537694601,2026-06-15 11:15:00,2026-06-15 13:15:00,DK1,14.948,2.0,2026-08-30 08:43:34.908991
829539193570639,2026-06-15 10:45:00,2026-06-15 12:45:00,DK1,14.948,2.0,2026-08-30 08:43:34.908991
181200470512689,2026-06-15 10:15:00,2026-06-15 12:15:00,DK1,14.948,2.0,2026-08-30 08:43:34.908991
401671464902711,2026-06-15 09:15:00,2026-06-15 11:15:00,DK1,45.89036,6.14,2026-08-30 08:43:34.908991
950614396813531,2026-06-15 08:15:00,2026-06-15 10:15:00,DK1,165.99753,22.21,2026-08-30 08:43:34.908991
303335756137566,2026-06-15 07:15:00,2026-06-15 09:15:00,DK1,544.7051,72.88,2026-08-30 08:43:34.908991
765542903992225,2026-06-15 06:45:00,2026-06-15 08:45:00,DK1,471.60938,63.1,2026-08-30 08:43:34.908991
885355816398383,2026-06-15 05:15:00,2026-06-15 07:15:00,DK1,780.5846,104.44,2026-08-30 08:43:34.908991
913041877818446,2026-06-15 02:45:00,2026-06-15 04:45:00,DK1,412.9385,55.25,2026-08-30 08:43:34.908991
6254059658010,2026-06-15 02:00:00,2026-06-15 04:00:00,DK1,337.89954,45.21,2026-08-30 08:43:34.908991
883525678070336,2026-06-15 01:30:00,2026-06-15 03:30:00,DK1,375.718,50.27,2026-08-30 08:43:34.908991
755997304051912,2026-06-14 23:45:00,2026-06-15 01:45:00,DK1,391.71234,52.41,2026-08-30 08:43:34.908991
259201695426507,2026-06-14 21:15:00,2026-06-14 23:15:00,DK1,580.6114,77.68,2026-08-30 08:43:34.908991
430653988536398,2026-06-14 19:15:00,2026-06-14 21:15:00,DK1,659.69055,88.26,2026-08-30 08:43:34.908991
400169987905465,2026-06-14 18:00:00,2026-06-14 20:00:00,DK1,582.181,77.89,2026-08-30 08:43:34.908991
115671040178592,2026-06-14 15:45:00,2026-06-14 17:45:00,DK1,10.015696,1.34,2026-08-30 08:43:34.908991
742482362986899,2026-06-14 13:45:00,2026-06-14 15:45:00,DK1,-0.672696,-0.09,2026-08-30 08:43:34.908991
116993566814736,2026-06-14 13:00:00,2026-06-14 15:00:00,DK1,-4.409896,-0.59,2026-08-30 08:43:34.908991
96137382998822,2026-06-14 12:30:00,2026-06-14 14:30:00,DK1,-3.512968,-0.47,2026-08-30 08:43:34.908991
105041901898028,2026-06-14 12:15:00,2026-06-14 14:15:00,DK1,-3.587712,-0.48,2026-08-30 08:43:34.908991
652557987106202,2026-06-14 11:30:00,2026-06-14 13:30:00,DK1,0.0,0.0,2026-08-30 08:43:34.908991
639839913561342,2026-06-14 10:00:00,2026-06-14 12:00:00,DK1,0.0,0.0,2026-08-30 08:43:34.908991
827806292994545,2026-06-14 08:45:00,2026-06-14 10:45:00,DK1,0.0,0.0,2026-08-30 08:43:34.908991
574891297233878,2026-06-14 08:30:00,2026-06-14 10:30:00,DK1,0.0,0.0,2026-08-30 08:43:34.908991
33793943005597,2026-06-14 04:15:00,2026-06-14 06:15:00,DK1,73.99656,9.9,2026-08-30 08:43:34.908991
207282242153895,2026-06-14 04:00:00,2026-06-14 06:00:00,DK1,103.89416,13.9,2026-08-30 08:43:34.908991
687279052854035,2026-06-14 03:45:00,2026-06-14 05:45:00,DK1,138.72485,18.56,2026-08-30 08:43:34.908991
463122370891057,2026-06-14 03:30:00,2026-06-14 05:30:00,DK1,161.22281,21.57,2026-08-30 08:43:34.908991
281789490393765,2026-06-14 03:15:00,2026-06-14 05:15:00,DK1,150.60916,20.15,2026-08-30 08:43:34.908991
969562604633329,2026-06-14 02:45:00,2026-06-14 04:45:00,DK1,207.0409,27.7,2026-08-30 08:43:34.908991
561358442207733,2026-06-14 02:15:00,2026-06-14 04:15:00,DK1,183.64601,24.57,2026-08-30 08:43:34.908991
162155205548017,2026-06-14 01:30:00,2026-06-14 03:30:00,DK1,208.83475,27.94,2026-08-30 08:43:34.908991
146453143959790,2026-06-13 22:45:00,2026-06-14 00:45:00,DK1,338.44083,45.28,2026-08-30 08:43:34.908991
870477059520468,2026-06-13 21:15:00,2026-06-13 23:15:00,DK1,592.8694,79.32,2026-08-30 08:43:34.908991
805927599089052,2026-06-13 21:00:00,2026-06-13 23:00:00,DK1,593.76636,79.44,2026-08-30 08:43:34.908991
689649718177988,2026-06-13 13:45:00,2026-06-13 15:45:00,DK1,-182.52484,-24.42,2026-08-30 08:43:34.908991
604521224144921,2026-06-13 13:15:00,2026-06-13 15:15:00,DK1,-200.01494,-26.76,2026-08-30 08:43:34.908991
838685432681931,2026-06-13 13:00:00,2026-06-13 15:00:00,DK1,-189.47604,-25.35,2026-08-30 08:43:34.908991
669647356993043,2026-06-13 12:45:00,2026-06-13 14:45:00,DK1,-217.20605,-29.06,2026-08-30 08:43:34.908991
509370008672455,2026-06-13 12:15:00,2026-06-13 14:15:00,DK1,-214.51529,-28.7,2026-08-30 08:43:34.908991
339353989127359,2026-06-13 12:00:00,2026-06-13 14:00:00,DK1,-200.08969,-26.77,2026-08-30 08:43:34.908991
358998835022957,2026-06-13 11:45:00,2026-06-13 13:45:00,DK1,-192.09209,-25.7,2026-08-30 08:43:34.908991
882634941716198,2026-06-13 11:00:00,2026-06-13 13:00:00,DK1,-123.85081,-16.57,2026-08-30 08:43:34.908991
828354926526292,2026-06-13 08:15:00,2026-06-13 10:15:00,DK1,-2.167576,-0.29,2026-08-30 08:43:34.908991
912521842014768,2026-06-13 08:00:00,2026-06-13 10:00:00,DK1,-0.597952,-0.08,2026-08-30 08:43:34.908991
112396051999090,2026-06-13 07:45:00,2026-06-13 09:45:00,DK1,-12.631736,-1.69,2026-08-30 08:43:34.908991
473257003038000,2026-06-13 07:30:00,2026-06-13 09:30:00,DK1,-0.971672,-0.13,2026-08-30 08:43:34.908991
970183414790926,2026-06-13 06:15:00,2026-06-13 08:15:00,DK1,0.74744,0.1,2026-08-30 08:43:34.908991
877019452496521,2026-06-13 05:45:00,2026-06-13 07:45:00,DK1,15.69624,2.1,2026-08-30 08:43:34.908991
605845733068422,2026-06-13 04:30:00,2026-06-13 06:30:00,DK1,200.23918,26.79,2026-08-30 08:43:34.908991
569339312896710,2026-06-13 02:00:00,2026-06-13 04:00:00,DK1,309.36542,41.39,2026-08-30 08:43:34.908991
121108106825624,2026-06-13 01:15:00,2026-06-13 03:15:00,DK1,447.34283,59.85,2026-08-30 08:43:34.908991
135934431053324,2026-06-13 00:15:00,2026-06-13 02:15:00,DK1,475.2971,63.59,2026-08-30 08:43:34.908991
490639206121480,2026-06-13 00:00:00,2026-06-13 02:00:00,DK1,519.39606,69.49,2026-08-30 08:43:34.908991
803525766059152,2026-06-12 23:00:00,2026-06-13 01:00:00,DK1,637.26733,85.26,2026-08-30 08:43:34.908991
271296824771634,2026-06-12 22:00:00,2026-06-13 00:00:00,DK1,814.5601,108.98,2026-08-30 08:43:34.908991
125278556355383,2026-06-12 20:15:00,2026-06-12 22:15:00,DK1,841.46796,112.58,2026-08-30 08:43:34.908991
367953485472808,2026-06-12 20:00:00,2026-06-12 22:00:00,DK1,846.62524,113.27,2026-08-30 08:43:34.908991
137541820465095,2026-06-12 17:15:00,2026-06-12 19:15:00,DK1,719.7847,96.3,2026-08-30 08:43:34.908991
824970754723817,2026-06-12 16:45:00,2026-06-12 18:45:00,DK1,676.58264,90.52,2026-08-30 08:43:34.908991
467134094822845,2026-06-12 14:00:00,2026-06-12 16:00:00,DK1,361.08826,48.31,2026-08-30 08:43:34.908991
209254946199179,2026-06-12 12:45:00,2026-06-12 14:45:00,DK1,404.58926,54.13,2026-08-30 08:43:34.908991
166859086538143,2026-06-12 12:15:00,2026-06-12 14:15:00,DK1,400.7026,53.61,2026-08-30 08:43:34.908991
520281520982063,2026-06-12 11:45:00,2026-06-12 13:45:00,DK1,476.6425,63.77,2026-08-30 08:43:34.908991
103082322132152,2026-06-12 11:15:00,2026-06-12 13:15:00,DK1,527.54315,70.58,2026-08-30 08:43:34.908991
757342004133909,2026-06-12 09:00:00,2026-06-12 11:00:00,DK1,701.024,93.79,2026-08-30 08:43:34.908991
693171447657735,2026-06-12 07:15:00,2026-06-12 09:15:00,DK1,885.7164,118.5,2026-08-30 08:43:34.908991
877872798391388,2026-06-12 06:45:00,2026-06-12 08:45:00,DK1,875.40173,117.12,2026-08-30 08:43:34.908991
359638020605043,2026-06-12 06:30:00,2026-06-12 08:30:00,DK1,903.50543,120.88,2026-08-30 08:43:34.908991
570649247461155,2026-06-12 04:00:00,2026-06-12 06:00:00,DK1,780.2526,104.39,2026-08-30 08:43:34.908991
612207643654263,2026-06-12 03:00:00,2026-06-12 05:00:00,DK1,651.61816,87.18,2026-08-30 08:43:34.908991
285063790058275,2026-06-12 01:15:00,2026-06-12 03:15:00,DK1,677.5544,90.65,2026-08-30 08:43:34.908991
43591272025507,2026-06-12 00:30:00,2026-06-12 02:30:00,DK1,694.89496,92.97,2026-08-30 08:43:34.908991
860971045963815,2026-06-12 00:15:00,2026-06-12 02:15:00,DK1,712.3851,95.31,2026-08-30 08:43:34.908991
106582134183932,2026-06-12 00:00:00,2026-06-12 02:00:00,DK1,751.4762,100.54,2026-08-30 08:43:34.908991
135619137079278,2026-06-11 23:30:00,2026-06-12 01:30:00,DK1,735.63043,98.42,2026-08-30 08:43:34.908991
268336360252670,2026-06-11 22:45:00,2026-06-12 00:45:00,DK1,779.87885,104.34,2026-08-30 08:43:34.908991
471917905511262,2026-06-11 22:00:00,2026-06-12 00:00:00,DK1,945.8106,126.54,2026-08-30 08:43:34.908991
595015258798140,2026-06-11 21:15:00,2026-06-11 23:15:00,DK1,889.5912,119.02,2026-08-30 08:43:34.908991
645532605283028,2026-06-11 21:00:00,2026-06-11 23:00:00,DK1,945.7979,126.54,2026-08-30 08:43:34.908991
510536589828607,2026-06-11 20:15:00,2026-06-11 22:15:00,DK1,1074.879,143.81,2026-08-30 08:43:34.908991
908924470477633,2026-06-11 19:45:00,2026-06-11 21:45:00,DK1,1097.601,146.85,2026-08-30 08:43:34.908991
122715731487514,2026-06-11 18:30:00,2026-06-11 20:30:00,DK1,1396.4235,186.83,2026-08-30 08:43:34.908991
562063684572062,2026-06-11 18:15:00,2026-06-11 20:15:00,DK1,1292.2317,172.89,2026-08-30 08:43:34.908991
439581856819888,2026-06-11 18:00:00,2026-06-11 20:00:00,DK1,1218.3109,163.0,2026-08-30 08:43:34.908991
92813978369958,2026-06-11 17:15:00,2026-06-11 19:15:00,DK1,1046.6262,140.03,2026-08-30 08:43:34.908991
744876891777545,2026-06-11 17:00:00,2026-06-11 19:00:00,DK1,958.35474,128.22,2026-08-30 08:43:34.908991
285826576135913,2026-06-11 15:00:00,2026-06-11 17:00:00,DK1,593.9079,79.46,2026-08-30 08:43:34.908991
259838674802561,2026-06-11 14:45:00,2026-06-11 16:45:00,DK1,764.91986,102.34,2026-08-30 08:43:34.908991
635810495571132,2026-06-11 13:45:00,2026-06-11 15:45:00,DK1,511.5411,68.44,2026-08-30 08:43:34.908991
97636303165041,2026-06-11 13:15:00,2026-06-11 15:15:00,DK1,407.27463,54.49,2026-08-30 08:43:34.908991
19784107735709,2026-06-11 12:15:00,2026-06-11 14:15:00,DK1,318.55466,42.62,2026-08-30 08:43:34.908991
695167812267622,2026-06-11 11:15:00,2026-06-11 13:15:00,DK1,415.94482,55.65,2026-08-30 08:43:34.908991
774975576221144,2026-06-11 10:15:00,2026-06-11 12:15:00,DK1,480.74698,64.32,2026-08-30 08:43:34.908991
212569026291820,2026-06-11 10:00:00,2026-06-11 12:00:00,DK1,541.7373,72.48,2026-08-30 08:43:34.908991
44948619346513,2026-06-11 09:45:00,2026-06-11 11:45:00,DK1,490.83728,65.67,2026-08-30 08:43:34.908991
501038637983535,2026-06-11 09:30:00,2026-06-11 11:30:00,DK1,548.09045,73.33,2026-08-30 08:43:34.908991
410978024948428,2026-06-11 06:30:00,2026-06-11 08:30:00,DK1,944.30304,126.34,2026-08-30 08:43:34.908991
72628231938846,2026-06-11 06:15:00,2026-06-11 08:15:00,DK1,1029.4353,137.73,2026-08-30 08:43:34.908991
163178803446709,2026-06-11 04:00:00,2026-06-11 06:00:00,DK1,1043.7113,139.64,2026-08-30 08:43:34.908991
178149072333829,2026-06-11 03:15:00,2026-06-11 05:15:00,DK1,930.8493,124.54,2026-08-30 08:43:34.908991
677638481647084,2026-06-11 02:45:00,2026-06-11 04:45:00,DK1,952.2258,127.4,2026-08-30 08:43:34.908991
728716887355287,2026-06-11 00:45:00,2026-06-11 02:45:00,DK1,927.41113,124.08,2026-08-30 08:43:34.908991
373383437730556,2026-06-10 23:45:00,2026-06-11 01:45:00,DK1,971.88324,130.03,2026-08-30 08:43:34.908991
892061541096399,2026-06-10 23:15:00,2026-06-11 01:15:00,DK1,1017.1774,136.09,2026-08-30 08:43:34.908991
404738300516624,2026-06-10 22:45:00,2026-06-11 00:45:00,DK1,1032.2756,138.11,2026-08-30 08:43:34.908991
91820870504807,2026-06-10 22:00:00,2026-06-11 00:00:00,DK1,1123.2378,150.28,2026-08-30 08:43:34.908991
848938830171733,2026-06-10 20:15:00,2026-06-10 22:15:00,DK1,1316.9321,176.19,2026-08-30 08:43:34.908991
37103056675081,2026-06-10 18:45:00,2026-06-10 20:45:00,DK1,1791.4882,239.68,2026-08-30 08:43:34.908991
198485834286192,2026-06-10 18:30:00,2026-06-10 20:30:00,DK1,1690.1339,226.12,2026-08-30 08:43:34.908991
937985534529818,2026-06-10 17:45:00,2026-06-10 19:45:00,DK1,1515.6044,202.77,2026-08-30 08:43:34.908991
244636651697350,2026-06-10 16:45:00,2026-06-10 18:45:00,DK1,1132.5363,151.52,2026-08-30 08:43:34.908991
926247483989759,2026-06-10 16:00:00,2026-06-10 18:00:00,DK1,924.96936,123.75,2026-08-30 08:43:34.908991
401919794543831,2026-06-10 14:45:00,2026-06-10 16:45:00,DK1,914.05664,122.29,2026-08-30 08:43:34.908991
389265192061199,2026-06-10 12:45:00,2026-06-10 14:45:00,DK1,674.1999,90.2,2026-08-30 08:43:34.908991
330365287109325,2026-06-10 11:30:00,2026-06-10 13:30:00,DK1,537.49133,71.91,2026-08-30 08:43:34.908991
472329814002311,2026-06-10 10:45:00,2026-06-10 12:45:00,DK1,531.2875,71.08,2026-08-30 08:43:34.908991
152185475341769,2026-06-10 10:00:00,2026-06-10 12:00:00,DK1,522.6918,69.93,2026-08-30 08:43:34.908991
358201640239695,2026-06-10 09:45:00,2026-06-10 11:45:00,DK1,478.368,64.0,2026-08-30 08:43:34.908991
228703448795346,2026-06-10 08:30:00,2026-06-10 10:30:00,DK1,612.61,81.96,2026-08-30 08:43:34.908991
606206086566771,2026-06-10 07:30:00,2026-06-10 09:30:00,DK1,667.02435,89.24,2026-08-30 08:43:34.908991
676661358721247,2026-06-10 06:15:00,2026-06-10 08:15:00,DK1,930.5005,124.49,2026-08-30 08:43:34.908991
991915103924445,2026-06-10 05:45:00,2026-06-10 07:45:00,DK1,897.68744,120.1,2026-08-30 08:43:34.908991
159303747641806,2026-06-10 05:00:00,2026-06-10 07:00:00,DK1,952.25134,127.4,2026-08-30 08:43:34.908991
615827586203203,2026-06-10 04:45:00,2026-06-10 06:45:00,DK1,927.13696,124.04,2026-08-30 08:43:34.908991
74641683952268,2026-06-10 04:15:00,2026-06-10 06:15:00,DK1,918.2423,122.85,2026-08-30 08:43:34.908991
767658687325444,2026-06-10 04:00:00,2026-06-10 06:00:00,DK1,891.03516,119.21,2026-08-30 08:43:34.908991
499575560286153,2026-06-10 03:30:00,2026-06-10 05:30:00,DK1,830.118,111.06,2026-08-30 08:43:34.908991
230335016031770,2026-06-10 02:30:00,2026-06-10 04:30:00,DK1,788.186,105.45,2026-08-30 08:43:34.908991
172177725504613,2026-06-10 02:15:00,2026-06-10 04:15:00,DK1,794.53937,106.3,2026-08-30 08:43:34.908991
120884559535166,2026-06-10 01:00:00,2026-06-10 03:00:00,DK1,812.10443,108.65,2026-08-30 08:43:34.908991
75832404114979,2026-06-10 00:30:00,2026-06-10 02:30:00,DK1,810.23584,108.4,2026-08-30 08:43:34.908991
632632941209821,2026-06-09 23:45:00,2026-06-10 01:45:00,DK1,816.5891,109.25,2026-08-30 08:43:34.908991
843105789081865,2026-06-09 23:15:00,2026-06-10 01:15:00,DK1,843.8711,112.9,2026-08-30 08:43:34.908991
64540503308001,2026-06-09 23:00:00,2026-06-10 01:00:00,DK1,874.4417,116.99,2026-08-30 08:43:34.908991
511334805111742,2026-06-09 20:45:00,2026-06-09 22:45:00,DK1,996.83405,133.37,2026-08-30 08:43:34.908991
223429083338425,2026-06-09 20:30:00,2026-06-09 22:30:00,DK1,1075.911,143.95,2026-08-30 08:43:34.908991
567601015989227,2026-06-09 20:00:00,2026-06-09 22:00:00,DK1,1141.0114,152.66,2026-08-30 08:43:34.908991
536987901258217,2026-06-09 19:15:00,2026-06-09 21:15:00,DK1,1183.3154,158.32,2026-08-30 08:43:34.908991
411809835268532,2026-06-09 17:30:00,2026-06-09 19:30:00,DK1,1034.803,138.45,2026-08-30 08:43:34.908991
194225204529176,2026-06-09 17:00:00,2026-06-09 19:00:00,DK1,896.45557,119.94,2026-08-30 08:43:34.908991
452206319881942,2026-06-09 16:45:00,2026-06-09 18:45:00,DK1,1018.80817,136.31,2026-08-30 08:43:34.908991
66803792793383,2026-06-09 16:00:00,2026-06-09 18:00:00,DK1,701.67786,93.88,2026-08-30 08:43:34.908991
547282414065852,2026-06-09 15:15:00,2026-06-09 17:15:00,DK1,537.02124,71.85,2026-08-30 08:43:34.908991
531957743740943,2026-06-09 15:00:00,2026-06-09 17:00:00,DK1,224.37549,30.02,2026-08-30 08:43:34.908991
612319050692983,2026-06-09 14:30:00,2026-06-09 16:30:00,DK1,303.90097,40.66,2026-08-30 08:43:34.908991
640768964887252,2026-06-09 14:00:00,2026-06-09 16:00:00,DK1,25.337538,3.39,2026-08-30 08:43:34.908991
596127987590280,2026-06-09 13:45:00,2026-06-09 15:45:00,DK1,33.6339,4.5,2026-08-30 08:43:34.908991
122904698242384,2026-06-09 13:00:00,2026-06-09 15:00:00,DK1,6.72678,0.9,2026-08-30 08:43:34.908991
505233432368744,2026-06-09 12:15:00,2026-06-09 14:15:00,DK1,10.015428,1.34,2026-08-30 08:43:34.908991
348879577099527,2026-06-09 12:00:00,2026-06-09 14:00:00,DK1,10.762848,1.44,2026-08-30 08:43:34.908991
221337216785431,2026-06-09 08:30:00,2026-06-09 10:30:00,DK1,589.7144,78.9,2026-08-30 08:43:34.908991
388729784555541,2026-06-09 07:45:00,2026-06-09 09:45:00,DK1,662.96155,88.7,2026-08-30 08:43:34.908991
383054120227325,2026-06-09 06:00:00,2026-06-09 08:00:00,DK1,1033.8314,138.32,2026-08-30 08:43:34.908991
417093090934471,2026-06-09 05:30:00,2026-06-09 07:30:00,DK1,1002.21545,134.09,2026-08-30 08:43:34.908991
593669332212202,2026-06-09 05:15:00,2026-06-09 07:15:00,DK1,1010.96027,135.26,2026-08-30 08:43:34.908991
497544390240710,2026-06-09 03:15:00,2026-06-09 05:15:00,DK1,853.8526,114.24,2026-08-30 08:43:34.908991
172727454206865,2026-06-09 02:30:00,2026-06-09 04:30:00,DK1,822.0872,109.99,2026-08-30 08:43:34.908991
442833509268756,2026-06-09 02:00:00,2026-06-09 04:00:00,DK1,833.3733,111.5,2026-08-30 08:43:34.908991
919638253413189,2026-06-09 01:00:00,2026-06-09 03:00:00,DK1,853.5536,114.2,2026-08-30 08:43:34.908991
641259543779519,2026-06-09 00:15:00,2026-06-09 02:15:00,DK1,859.45825,114.99,2026-08-30 08:43:34.908991
9192745503428,2026-06-08 22:45:00,2026-06-09 00:45:00,DK1,886.1411,118.56,2026-08-30 08:43:34.908991
440605384462136,2026-06-08 21:15:00,2026-06-08 23:15:00,DK1,956.7467,128.01,2026-08-30 08:43:34.908991
210519009690484,2026-06-08 20:00:00,2026-06-08 22:00:00,DK1,1338.8923,179.14,2026-08-30 08:43:34.908991
647583373381654,2026-06-08 18:00:00,2026-06-08 20:00:00,DK1,1552.4246,207.71,2026-08-30 08:43:34.908991
811883560557210,2026-06-08 17:15:00,2026-06-08 19:15:00,DK1,1422.3022,190.3,2026-08-30 08:43:34.908991
192879775889714,2026-06-08 17:00:00,2026-06-08 19:00:00,DK1,1279.0256,171.13,2026-08-30 08:43:34.908991
434989326137919,2026-06-08 16:30:00,2026-06-08 18:30:00,DK1,1160.4132,155.26,2026-08-30 08:43:34.908991
718869544219919,2026-06-08 16:15:00,2026-06-08 18:15:00,DK1,1038.6617,138.97,2026-08-30 08:43:34.908991
107221025976769,2026-06-08 14:45:00,2026-06-08 16:45:00,DK1,882.0815,118.02,2026-08-30 08:43:34.908991
94686021190922,2026-06-08 14:15:00,2026-06-08 16:15:00,DK1,737.5343,98.68,2026-08-30 08:43:34.908991
473254981194768,2026-06-08 13:15:00,2026-06-08 15:15:00,DK1,611.5227,81.82,2026-08-30 08:43:34.908991
612238108374085,2026-06-08 13:00:00,2026-06-08 15:00:00,DK1,562.71747,75.29,2026-08-30 08:43:34.908991
34165973151043,2026-06-08 12:30:00,2026-06-08 14:30:00,DK1,584.8405,78.25,2026-08-30 08:43:34.908991
668418257715701,2026-06-08 12:00:00,2026-06-08 14:00:00,DK1,506.51297,67.77,2026-08-30 08:43:34.908991
515653735004167,2026-06-08 11:30:00,2026-06-08 13:30:00,DK1,544.55566,72.86,2026-08-30 08:43:34.908991
305407113213461,2026-06-08 10:15:00,2026-06-08 12:15:00,DK1,584.4668,78.2,2026-08-30 08:43:34.908991
903693218073470,2026-06-08 09:15:00,2026-06-08 11:15:00,DK1,609.80365,81.59,2026-08-30 08:43:34.908991
218297561195025,2026-06-08 08:00:00,2026-06-08 10:00:00,DK1,710.6279,95.08,2026-08-30 08:43:34.908991
991948521387214,2026-06-08 07:00:00,2026-06-08 09:00:00,DK1,874.8317,117.05,2026-08-30 08:43:34.908991
218865783599894,2026-06-08 05:45:00,2026-06-08 07:45:00,DK1,961.00696,128.58,2026-08-30 08:43:34.908991
358549201407815,2026-06-08 05:30:00,2026-06-08 07:30:00,DK1,1050.097,140.5,2026-08-30 08:43:34.908991
727350836791310,2026-06-08 04:15:00,2026-06-08 06:15:00,DK1,1149.5012,153.8,2026-08-30 08:43:34.908991
657870280765000,2026-06-08 03:00:00,2026-06-08 05:00:00,DK1,985.82056,131.9,2026-08-30 08:43:34.908991
622047530924380,2026-06-08 02:30:00,2026-06-08 04:30:00,DK1,964.146,129.0,2026-08-30 08:43:34.908991
143769329618781,2026-06-08 02:15:00,2026-06-08 04:15:00,DK1,964.146,129.0,2026-08-30 08:43:34.908991
683848323069734,2026-06-08 01:15:00,2026-06-08 03:15:00,DK1,954.65405,127.73,2026-08-30 08:43:34.908991
710615405399941,2026-06-07 23:00:00,2026-06-08 01:00:00,DK1,1047.0326,140.09,2026-08-30 08:43:34.908991
420672396635874,2026-06-07 21:30:00,2026-06-07 23:30:00,DK1,1012.5299,135.47,2026-08-30 08:43:34.908991
803927725214091,2026-06-07 20:15:00,2026-06-07 22:15:00,DK1,1070.6792,143.25,2026-08-30 08:43:34.908991
993483257067548,2026-06-07 20:00:00,2026-06-07 22:00:00,DK1,1092.1301,146.12,2026-08-30 08:43:34.908991
152432172025874,2026-06-07 18:15:00,2026-06-07 20:15:00,DK1,938.909,125.62,2026-08-30 08:43:34.908991
342196698561296,2026-06-07 18:00:00,2026-06-07 20:00:00,DK1,920.14874,123.11,2026-08-30 08:43:34.908991
11898590587550,2026-06-07 16:15:00,2026-06-07 18:15:00,DK1,159.12573,21.29,2026-08-30 08:43:34.908991
177534391888559,2026-06-07 13:30:00,2026-06-07 15:30:00,DK1,-225.79558,-30.21,2026-08-30 08:43:34.908991
681111219364383,2026-06-07 12:45:00,2026-06-07 14:45:00,DK1,-70.855415,-9.48,2026-08-30 08:43:34.908991
366679033710062,2026-06-07 12:30:00,2026-06-07 14:30:00,DK1,-70.55645,-9.44,2026-08-30 08:43:34.908991
219628439477297,2026-06-07 12:00:00,2026-06-07 14:00:00,DK1,-29.971542,-4.01,2026-08-30 08:43:34.908991
790278354176344,2026-06-07 11:45:00,2026-06-07 13:45:00,DK1,-40.06171,-5.36,2026-08-30 08:43:34.908991
379476047310565,2026-06-07 11:30:00,2026-06-07 13:30:00,DK1,-2.24226,-0.3,2026-08-30 08:43:34.908991
931726350596130,2026-06-07 11:15:00,2026-06-07 13:15:00,DK1,-2.391744,-0.32,2026-08-30 08:43:34.908991
424027274910479,2026-06-07 09:00:00,2026-06-07 11:00:00,DK1,-28.177734,-3.77,2026-08-30 08:43:34.908991
206557375540803,2026-06-07 08:30:00,2026-06-07 10:30:00,DK1,-69.73428,-9.33,2026-08-30 08:43:34.908991
5499115957878,2026-06-07 08:00:00,2026-06-07 10:00:00,DK1,-30.64422,-4.1,2026-08-30 08:43:34.908991
522442058049981,2026-06-07 05:00:00,2026-06-07 07:00:00,DK1,13.752528,1.84,2026-08-30 08:43:34.908991
990339425892789,2026-06-07 04:30:00,2026-06-07 06:30:00,DK1,33.110706,4.43,2026-08-30 08:43:34.908991
145060669758885,2026-06-07 00:45:00,2026-06-07 02:45:00,DK1,627.98224,84.02,2026-08-30 08:43:34.908991
410666476672883,2026-06-06 22:15:00,2026-06-07 00:15:00,DK1,816.33215,109.22,2026-08-30 08:43:34.908991
151182075512871,2026-06-06 21:15:00,2026-06-06 23:15:00,DK1,929.342,124.34,2026-08-30 08:43:34.908991
823899844459531,2026-06-06 20:30:00,2026-06-06 22:30:00,DK1,977.4759,130.78,2026-08-30 08:43:34.908991
790177741238377,2026-06-06 19:30:00,2026-06-06 21:30:00,DK1,1084.5812,145.11,2026-08-30 08:43:34.908991
304046049015431,2026-06-06 19:00:00,2026-06-06 21:00:00,DK1,1213.4364,162.35,2026-08-30 08:43:34.908991
55479528260072,2026-06-06 17:15:00,2026-06-06 19:15:00,DK1,976.6537,130.67,2026-08-30 08:43:34.908991
855529917022792,2026-06-06 16:15:00,2026-06-06 18:15:00,DK1,894.66174,119.7,2026-08-30 08:43:34.908991
554334252580627,2026-06-06 16:00:00,2026-06-06 18:00:00,DK1,829.56146,110.99,2026-08-30 08:43:34.908991
651502171729120,2026-06-06 15:45:00,2026-06-06 17:45:00,DK1,934.20026,124.99,2026-08-30 08:43:34.908991
426606943850059,2026-06-06 14:45:00,2026-06-06 16:45:00,DK1,544.12177,72.8,2026-08-30 08:43:34.908991
772099272674272,2026-06-06 14:30:00,2026-06-06 16:30:00,DK1,429.0938,57.41,2026-08-30 08:43:34.908991
741137544163283,2026-06-06 13:45:00,2026-06-06 15:45:00,DK1,300.08914,40.15,2026-08-30 08:43:34.908991
256081032591124,2026-06-06 13:00:00,2026-06-06 15:00:00,DK1,174.14885,23.3,2026-08-30 08:43:34.908991
290647830092723,2026-06-06 12:15:00,2026-06-06 14:15:00,DK1,155.38863,20.79,2026-08-30 08:43:34.908991
402754425917872,2026-06-06 12:00:00,2026-06-06 14:00:00,DK1,150.00719,20.07,2026-08-30 08:43:34.908991
795195335900412,2026-06-06 11:15:00,2026-06-06 13:15:00,DK1,159.64893,21.36,2026-08-30 08:43:34.908991
962895478470037,2026-06-06 10:30:00,2026-06-06 12:30:00,DK1,163.61023,21.89,2026-08-30 08:43:34.908991
646076242221673,2026-06-06 10:15:00,2026-06-06 12:15:00,DK1,205.31627,27.47,2026-08-30 08:43:34.908991
751036747734771,2026-06-06 10:00:00,2026-06-06 12:00:00,DK1,182.07152,24.36,2026-08-30 08:43:34.908991
824921055320094,2026-06-06 08:45:00,2026-06-06 10:45:00,DK1,171.75711,22.98,2026-08-30 08:43:34.908991
150545090994556,2026-06-06 07:00:00,2026-06-06 09:00:00,DK1,516.7662,69.14,2026-08-30 08:43:34.908991
855240720817225,2026-06-06 06:45:00,2026-06-06 08:45:00,DK1,402.3362,53.83,2026-08-30 08:43:34.908991
331614121040014,2026-06-06 05:15:00,2026-06-06 07:15:00,DK1,839.35266,112.3,2026-08-30 08:43:34.908991
932499100690169,2026-06-06 04:45:00,2026-06-06 06:45:00,DK1,809.08215,108.25,2026-08-30 08:43:34.908991
323060901110103,2026-06-06 03:00:00,2026-06-06 05:00:00,DK1,998.1046,133.54,2026-08-30 08:43:34.908991
630174993166840,2026-06-06 02:45:00,2026-06-06 04:45:00,DK1,971.2723,129.95,2026-08-30 08:43:34.908991
745363195499517,2026-06-06 01:30:00,2026-06-06 03:30:00,DK1,862.44794,115.39,2026-08-30 08:43:34.908991
547738214712073,2026-06-05 23:30:00,2026-06-06 01:30:00,DK1,1007.52216,134.8,2026-08-30 08:43:34.908991
342976362315764,2026-06-05 21:00:00,2026-06-05 23:00:00,DK1,1223.9003,163.75,2026-08-30 08:43:34.908991
500804519717455,2026-06-05 19:15:00,2026-06-05 21:15:00,DK1,1438.5593,192.47,2026-08-30 08:43:34.908991
951373284470845,2026-06-05 18:30:00,2026-06-05 20:30:00,DK1,1411.8016,188.89,2026-08-30 08:43:34.908991
234357811701490,2026-06-05 18:00:00,2026-06-05 20:00:00,DK1,1232.3462,164.88,2026-08-30 08:43:34.908991
162855911693321,2026-06-05 17:15:00,2026-06-05 19:15:00,DK1,1078.5271,144.3,2026-08-30 08:43:34.908991
270095343207536,2026-06-05 15:45:00,2026-06-05 17:45:00,DK1,991.00415,132.59,2026-08-30 08:43:34.908991
42496689002387,2026-06-05 15:30:00,2026-06-05 17:30:00,DK1,859.45825,114.99,2026-08-30 08:43:34.908991
929273387862223,2026-06-05 14:30:00,2026-06-05 16:30:00,DK1,593.6757,79.43,2026-08-30 08:43:34.908991
588463862227005,2026-06-05 14:00:00,2026-06-05 16:00:00,DK1,343.589,45.97,2026-08-30 08:43:34.908991
83235180650928,2026-06-05 13:45:00,2026-06-05 15:45:00,DK1,474.46222,63.48,2026-08-30 08:43:34.908991
559175220209028,2026-06-05 12:45:00,2026-06-05 14:45:00,DK1,234.61513,31.39,2026-08-30 08:43:34.908991
322902371834210,2026-06-05 08:30:00,2026-06-05 10:30:00,DK1,565.498,75.66,2026-08-30 08:43:34.908991
159770232463924,2026-06-05 06:45:00,2026-06-05 08:45:00,DK1,785.16473,105.05,2026-08-30 08:43:34.908991
296636722958620,2026-06-05 06:30:00,2026-06-05 08:30:00,DK1,840.6233,112.47,2026-08-30 08:43:34.908991
71104115142313,2026-06-05 05:30:00,2026-06-05 07:30:00,DK1,839.0537,112.26,2026-08-30 08:43:34.908991
449151892341062,2026-06-05 04:30:00,2026-06-05 06:30:00,DK1,759.3787,101.6,2026-08-30 08:43:34.908991
667452983347753,2026-06-05 04:15:00,2026-06-05 06:15:00,DK1,772.1596,103.31,2026-08-30 08:43:34.908991
858224791157852,2026-06-05 03:30:00,2026-06-05 05:30:00,DK1,656.459,87.83,2026-08-30 08:43:34.908991
337599597519652,2026-06-05 03:00:00,2026-06-05 05:00:00,DK1,601.89734,80.53,2026-08-30 08:43:34.908991
150117219090794,2026-06-05 02:45:00,2026-06-05 04:45:00,DK1,656.0105,87.77,2026-08-30 08:43:34.908991
87169856830977,2026-06-05 00:45:00,2026-06-05 02:45:00,DK1,652.0492,87.24,2026-08-30 08:43:34.908991
13602571643852,2026-06-04 22:30:00,2026-06-05 00:30:00,DK1,561.0882,75.07,2026-08-30 08:43:34.908991
667960308326891,2026-06-04 20:45:00,2026-06-04 22:45:00,DK1,799.7394,107.0,2026-08-30 08:43:34.908991
343261245649514,2026-06-04 20:30:00,2026-06-04 22:30:00,DK1,834.7186,111.68,2026-08-30 08:43:34.908991
547265825159566,2026-06-04 18:45:00,2026-06-04 20:45:00,DK1,901.08954,120.56,2026-08-30 08:43:34.908991
434325621338049,2026-06-04 18:15:00,2026-06-04 20:15:00,DK1,877.9195,117.46,2026-08-30 08:43:34.908991
952690113416801,2026-06-04 16:30:00,2026-06-04 18:30:00,DK1,878.2933,117.51,2026-08-30 08:43:34.908991
817034316863099,2026-06-04 16:00:00,2026-06-04 18:00:00,DK1,556.0805,74.4,2026-08-30 08:43:34.908991
502787047263372,2026-06-04 15:30:00,2026-06-04 17:30:00,DK1,628.80444,84.13,2026-08-30 08:43:34.908991
712008572127201,2026-06-04 14:30:00,2026-06-04 16:30:00,DK1,261.4475,34.98,2026-08-30 08:43:34.908991
958294401661685,2026-06-04 13:30:00,2026-06-04 15:30:00,DK1,79.8992,10.69,2026-08-30 08:43:34.908991
972648354992564,2026-06-04 12:15:00,2026-06-04 14:15:00,DK1,66.59512,8.91,2026-08-30 08:43:34.908991
784123828135784,2026-06-04 12:00:00,2026-06-04 14:00:00,DK1,58.97144,7.89,2026-08-30 08:43:34.908991
415278453102945,2026-06-04 11:30:00,2026-06-04 13:30:00,DK1,71.0049,9.5,2026-08-30 08:43:34.908991
297895490414864,2026-06-04 10:45:00,2026-06-04 12:45:00,DK1,70.18274,9.39,2026-08-30 08:43:34.908991
699097157827177,2026-06-04 09:45:00,2026-06-04 11:45:00,DK1,57.700825,7.72,2026-08-30 08:43:34.908991
361198278405885,2026-06-04 09:15:00,2026-06-04 11:15:00,DK1,64.9508,8.69,2026-08-30 08:43:34.908991
578599907950176,2026-06-04 08:00:00,2026-06-04 10:00:00,DK1,176.83957,23.66,2026-08-30 08:43:34.908991
133614589356739,2026-06-04 06:30:00,2026-06-04 08:30:00,DK1,516.84094,69.15,2026-08-30 08:43:34.908991
904253208911342,2026-06-04 04:30:00,2026-06-04 06:30:00,DK1,573.64484,76.75,2026-08-30 08:43:34.908991
815094108053251,2026-06-04 03:45:00,2026-06-04 05:45:00,DK1,479.39517,64.14,2026-08-30 08:43:34.908991
228639226186132,2026-06-04 03:15:00,2026-06-04 05:15:00,DK1,502.042,67.17,2026-08-30 08:43:34.908991
794908381288803,2026-06-04 03:00:00,2026-06-04 05:00:00,DK1,502.93893,67.29,2026-08-30 08:43:34.908991
995933075189294,2026-08-29 19:30:00,2026-08-29 21:30:00,DK1,1233.4916,165.02,2026-08-30 08:43:34.908991
199561241395665,2026-08-29 19:15:00,2026-08-29 21:15:00,DK1,1323.7871,177.1,2026-08-30 08:43:34.908991
373325118795448,2026-08-29 18:15:00,2026-08-29 20:15:00,DK1,1499.5944,200.62,2026-08-30 08:43:34.908991
835118469095148,2026-08-29 17:15:00,2026-08-29 19:15:00,DK1,1408.3271,188.41,2026-08-30 08:43:34.908991
781692590661721,2026-08-29 15:15:00,2026-08-29 17:15:00,DK1,749.49817,100.27,2026-08-30 08:43:34.908991
688943499513505,2026-08-29 13:00:00,2026-08-29 15:00:00,DK1,5.008116,0.67,2026-08-30 08:43:34.908991
979516805277101,2026-08-29 12:45:00,2026-08-29 14:45:00,DK1,0.74748,0.1,2026-08-30 08:43:34.908991
470381213620274,2026-08-29 12:30:00,2026-08-29 14:30:00,DK1,4.260636,0.57,2026-08-30 08:43:34.908991
965932355435810,2026-08-29 12:15:00,2026-08-29 14:15:00,DK1,4.11114,0.55,2026-08-30 08:43:34.908991
760126960084958,2026-08-29 10:30:00,2026-08-29 12:30:00,DK1,11.511192,1.54,2026-08-30 08:43:34.908991
518172256254205,2026-08-29 09:30:00,2026-08-29 11:30:00,DK1,15.547584,2.08,2026-08-30 08:43:34.908991
716669957856296,2026-08-29 08:45:00,2026-08-29 10:45:00,DK1,18.089016,2.42,2026-08-30 08:43:34.908991
843110174108482,2026-08-29 08:15:00,2026-08-29 10:15:00,DK1,20.5557,2.75,2026-08-30 08:43:34.908991
190958602544299,2026-08-29 07:15:00,2026-08-29 09:15:00,DK1,26.236547,3.51,2026-08-30 08:43:34.908991
524276875549849,2026-08-29 07:00:00,2026-08-29 09:00:00,DK1,138.20905,18.49,2026-08-30 08:43:34.908991
851622747338743,2026-08-29 06:30:00,2026-08-29 08:30:00,DK1,312.96988,41.87,2026-08-30 08:43:34.908991
542124814113947,2026-08-29 06:15:00,2026-08-29 08:15:00,DK1,628.8549,84.13,2026-08-30 08:43:34.908991
122633904011269,2026-08-29 05:45:00,2026-08-29 07:45:00,DK1,696.1281,93.13,2026-08-30 08:43:34.908991
316286836959412,2026-08-29 05:30:00,2026-08-29 07:30:00,DK1,754.50635,100.94,2026-08-30 08:43:34.908991
164791952723370,2026-08-29 02:00:00,2026-08-29 04:00:00,DK1,721.9162,96.58,2026-08-30 08:43:34.908991
674671748737869,2026-08-29 01:30:00,2026-08-29 03:30:00,DK1,675.12396,90.32,2026-08-30 08:43:34.908991
264237402341024,2026-08-28 21:30:00,2026-08-28 23:30:00,DK1,1049.6115,140.42,2026-08-30 08:43:34.908991
933360316848685,2026-08-28 20:30:00,2026-08-28 22:30:00,DK1,1205.9843,161.34,2026-08-30 08:43:34.908991
288547519951982,2026-08-28 19:45:00,2026-08-28 21:45:00,DK1,1148.802,153.69,2026-08-30 08:43:34.908991
697452534773067,2026-08-28 19:30:00,2026-08-28 21:30:00,DK1,1238.6492,165.71,2026-08-30 08:43:34.908991
865167268687566,2026-08-28 19:15:00,2026-08-28 21:15:00,DK1,1252.8512,167.61,2026-08-30 08:43:34.908991
551018125537770,2026-08-28 18:00:00,2026-08-28 20:00:00,DK1,1303.5304,174.39,2026-08-30 08:43:34.908991
915251918487546,2026-08-28 16:00:00,2026-08-28 18:00:00,DK1,1071.7368,143.38,2026-08-30 08:43:34.908991
969339910771666,2026-08-28 15:30:00,2026-08-28 17:30:00,DK1,1162.481,155.52,2026-08-30 08:43:34.908991
158593114024069,2026-08-28 15:00:00,2026-08-28 17:00:00,DK1,862.2929,115.36,2026-08-30 08:43:34.908991
430358743028484,2026-08-28 14:30:00,2026-08-28 16:30:00,DK1,895.85474,119.85,2026-08-30 08:43:34.908991
871660713004875,2026-08-28 12:15:00,2026-08-28 14:15:00,DK1,766.24176,102.51,2026-08-30 08:43:34.908991
864118910712342,2026-08-28 11:00:00,2026-08-28 13:00:00,DK1,755.8518,101.12,2026-08-30 08:43:34.908991
237345834307656,2026-08-28 09:45:00,2026-08-28 11:45:00,DK1,917.30743,122.72,2026-08-30 08:43:34.908991
144392065729743,2026-08-28 09:15:00,2026-08-28 11:15:00,DK1,945.4127,126.48,2026-08-30 08:43:34.908991
214308316906827,2026-08-28 09:00:00,2026-08-28 11:00:00,DK1,989.66345,132.4,2026-08-30 08:43:34.908991
855466788416686,2026-08-28 08:15:00,2026-08-28 10:15:00,DK1,1084.8177,145.13,2026-08-30 08:43:34.908991
487466051862797,2026-08-28 07:00:00,2026-08-28 09:00:00,DK1,1143.6444,153.0,2026-08-30 08:43:34.908991
173201212519690,2026-08-28 06:00:00,2026-08-28 08:00:00,DK1,1165.8446,155.97,2026-08-30 08:43:34.908991
616805839963709,2026-08-28 04:30:00,2026-08-28 06:30:00,DK1,1078.3894,144.27,2026-08-30 08:43:34.908991
454655932328094,2026-08-28 03:15:00,2026-08-28 05:15:00,DK1,911.70135,121.97,2026-08-30 08:43:34.908991
734253855376279,2026-08-28 03:00:00,2026-08-28 05:00:00,DK1,896.7518,119.97,2026-08-30 08:43:34.908991
332432604664566,2026-08-28 02:30:00,2026-08-28 04:30:00,DK1,852.1272,114.0,2026-08-30 08:43:34.908991
299100946614670,2026-08-28 02:00:00,2026-08-28 04:00:00,DK1,854.9676,114.38,2026-08-30 08:43:34.908991
441776441447699,2026-08-28 00:45:00,2026-08-28 02:45:00,DK1,840.98975,112.51,2026-08-30 08:43:34.908991
348275838155106,2026-08-28 00:00:00,2026-08-28 02:00:00,DK1,857.5838,114.73,2026-08-30 08:43:34.908991
708609145628474,2026-08-27 23:00:00,2026-08-28 01:00:00,DK1,824.8442,110.35,2026-08-30 08:43:34.908991
260479320029654,2026-08-27 21:15:00,2026-08-27 23:15:00,DK1,960.7979,128.54,2026-08-30 08:43:34.908991
884491248412486,2026-08-27 20:45:00,2026-08-27 22:45:00,DK1,916.772,122.65,2026-08-30 08:43:34.908991
937714666839536,2026-08-27 20:00:00,2026-08-27 22:00:00,DK1,994.95734,133.11,2026-08-30 08:43:34.908991
566614175673918,2026-08-27 19:15:00,2026-08-27 21:15:00,DK1,1033.9752,138.33,2026-08-30 08:43:34.908991
898043165514928,2026-08-27 18:30:00,2026-08-27 20:30:00,DK1,1095.0436,146.5,2026-08-30 08:43:34.908991
345358634057691,2026-08-27 17:00:00,2026-08-27 19:00:00,DK1,1173.7521,157.03,2026-08-30 08:43:34.908991
697787590335094,2026-08-27 16:45:00,2026-08-27 18:45:00,DK1,1173.9016,157.05,2026-08-30 08:43:34.908991
637369001953187,2026-08-27 13:30:00,2026-08-27 15:30:00,DK1,261.53976,34.99,2026-08-30 08:43:34.908991
271405258365677,2026-08-27 12:45:00,2026-08-27 14:45:00,DK1,15.921111,2.13,2026-08-30 08:43:34.908991
994684414490883,2026-08-27 12:00:00,2026-08-27 14:00:00,DK1,10.016098,1.34,2026-08-30 08:43:34.908991
666198104302723,2026-08-27 11:30:00,2026-08-27 13:30:00,DK1,10.46458,1.4,2026-08-30 08:43:34.908991
976348371708595,2026-08-27 10:15:00,2026-08-27 12:15:00,DK1,18.537256,2.48,2026-08-30 08:43:34.908991
351811433737371,2026-08-27 07:30:00,2026-08-27 09:30:00,DK1,861.16016,115.21,2026-08-30 08:43:34.908991
430220196805256,2026-08-27 07:15:00,2026-08-27 09:15:00,DK1,973.8039,130.28,2026-08-30 08:43:34.908991
910476982918905,2026-08-27 07:00:00,2026-08-27 09:00:00,DK1,1084.2799,145.06,2026-08-30 08:43:34.908991
803827180653560,2026-08-27 05:45:00,2026-08-27 07:45:00,DK1,1253.5072,167.7,2026-08-30 08:43:34.908991
156768713997100,2026-08-27 05:15:00,2026-08-27 07:15:00,DK1,1261.0566,168.71,2026-08-30 08:43:34.908991
67773206542638,2026-08-27 03:45:00,2026-08-27 05:45:00,DK1,1089.3628,145.74,2026-08-30 08:43:34.908991
21304711179232,2026-08-27 02:00:00,2026-08-27 04:00:00,DK1,994.06036,132.99,2026-08-30 08:43:34.908991
119099632774051,2026-08-27 01:45:00,2026-08-27 03:45:00,DK1,995.1069,133.13,2026-08-30 08:43:34.908991
572508286520720,2026-08-26 22:30:00,2026-08-27 00:30:00,DK1,1092.278,146.13,2026-08-30 08:43:34.908991
283652770631202,2026-08-26 20:00:00,2026-08-26 22:00:00,DK1,1284.7738,171.86,2026-08-30 08:43:34.908991
440501332994058,2026-08-26 18:15:00,2026-08-26 20:15:00,DK1,1525.5662,204.07,2026-08-30 08:43:34.908991
947719396754517,2026-08-26 18:00:00,2026-08-26 20:00:00,DK1,1623.8716,217.22,2026-08-30 08:43:34.908991
308470854357477,2026-08-26 17:00:00,2026-08-26 19:00:00,DK1,1445.6509,193.38,2026-08-30 08:43:34.908991
437880127971018,2026-08-26 16:15:00,2026-08-26 18:15:00,DK1,1299.2019,173.79,2026-08-30 08:43:34.908991
289052730842052,2026-08-26 15:45:00,2026-08-26 17:45:00,DK1,1352.5784,180.93,2026-08-30 08:43:34.908991
887703738639898,2026-08-26 14:45:00,2026-08-26 16:45:00,DK1,1055.5688,141.2,2026-08-30 08:43:34.908991
182775607893606,2026-08-26 14:30:00,2026-08-26 16:30:00,DK1,910.316,121.77,2026-08-30 08:43:34.908991
303655748635209,2026-08-26 13:15:00,2026-08-26 15:15:00,DK1,736.5807,98.53,2026-08-30 08:43:34.908991
864602896270864,2026-08-26 12:15:00,2026-08-26 14:15:00,DK1,644.4801,86.21,2026-08-30 08:43:34.908991
143161154373022,2026-08-26 12:00:00,2026-08-26 14:00:00,DK1,639.9199,85.6,2026-08-30 08:43:34.908991
955357117982121,2026-08-26 07:30:00,2026-08-26 09:30:00,DK1,1166.583,156.05,2026-08-30 08:43:34.908991
548086379423818,2026-08-26 06:30:00,2026-08-26 08:30:00,DK1,1394.5918,186.55,2026-08-30 08:43:34.908991
495778030747735,2026-08-26 05:45:00,2026-08-26 07:45:00,DK1,1415.8976,189.4,2026-08-30 08:43:34.908991
669098746053162,2026-08-26 05:00:00,2026-08-26 07:00:00,DK1,1492.0002,199.58,2026-08-30 08:43:34.908991
997976139424606,2026-08-26 04:00:00,2026-08-26 06:00:00,DK1,1298.0806,173.64,2026-08-30 08:43:34.908991
433730369552247,2026-08-26 01:30:00,2026-08-26 03:30:00,DK1,1117.6919,149.51,2026-08-30 08:43:34.908991
169086330606940,2026-08-26 00:30:00,2026-08-26 02:30:00,DK1,1127.4103,150.81,2026-08-30 08:43:34.908991
458667558296974,2026-08-25 21:15:00,2026-08-25 23:15:00,DK1,1199.8604,160.51,2026-08-30 08:43:34.908991
698460879358535,2026-08-25 21:00:00,2026-08-25 23:00:00,DK1,1240.0028,165.88,2026-08-30 08:43:34.908991
441070655472552,2026-08-25 19:45:00,2026-08-25 21:45:00,DK1,1287.3214,172.21,2026-08-30 08:43:34.908991
252635985363229,2026-08-25 19:30:00,2026-08-25 21:30:00,DK1,1330.6781,178.01,2026-08-30 08:43:34.908991
139382398514500,2026-08-25 19:00:00,2026-08-25 21:00:00,DK1,1439.8175,192.61,2026-08-30 08:43:34.908991
811231114776493,2026-08-25 18:00:00,2026-08-25 20:00:00,DK1,1499.3209,200.57,2026-08-30 08:43:34.908991
788834758917868,2026-08-25 16:45:00,2026-08-25 18:45:00,DK1,1506.5719,201.54,2026-08-30 08:43:34.908991
154894347388824,2026-08-25 16:30:00,2026-08-25 18:30:00,DK1,1400.5723,187.36,2026-08-30 08:43:34.908991
560053308534849,2026-08-25 16:15:00,2026-08-25 18:15:00,DK1,1289.1155,172.45,2026-08-30 08:43:34.908991
465659845929709,2026-08-25 15:45:00,2026-08-25 17:45:00,DK1,1288.4427,172.36,2026-08-30 08:43:34.908991
646049554793691,2026-08-25 15:15:00,2026-08-25 17:15:00,DK1,1043.5519,139.6,2026-08-30 08:43:34.908991
604865048405044,2026-08-25 15:00:00,2026-08-25 17:00:00,DK1,900.1756,120.42,2026-08-30 08:43:34.908991
177797585771126,2026-08-25 14:15:00,2026-08-25 16:15:00,DK1,819.0686,109.57,2026-08-30 08:43:34.908991
165620979163708,2026-08-25 12:45:00,2026-08-25 14:45:00,DK1,639.06335,85.49,2026-08-30 08:43:34.908991
509675278402195,2026-08-25 12:30:00,2026-08-25 14:30:00,DK1,509.96497,68.22,2026-08-30 08:43:34.908991
712479624113051,2026-08-25 12:15:00,2026-08-25 14:15:00,DK1,471.24292,63.04,2026-08-30 08:43:34.908991
827295889664578,2026-08-25 10:45:00,2026-08-25 12:45:00,DK1,400.37708,53.56,2026-08-30 08:43:34.908991
632972189349688,2026-08-25 09:15:00,2026-08-25 11:15:00,DK1,636.07324,85.09,2026-08-30 08:43:34.908991
119889535870405,2026-08-25 07:45:00,2026-08-25 09:45:00,DK1,969.39685,129.68,2026-08-30 08:43:34.908991
886303585512795,2026-08-25 07:00:00,2026-08-25 09:00:00,DK1,1227.3695,164.19,2026-08-30 08:43:34.908991
905158552902425,2026-08-25 06:45:00,2026-08-25 08:45:00,DK1,1176.3132,157.36,2026-08-30 08:43:34.908991
610812983748065,2026-08-25 06:00:00,2026-08-25 08:00:00,DK1,1394.7415,186.58,2026-08-30 08:43:34.908991
945183648592841,2026-08-25 05:30:00,2026-08-25 07:30:00,DK1,1355.272,181.3,2026-08-30 08:43:34.908991
467989120968805,2026-08-25 05:15:00,2026-08-25 07:15:00,DK1,1380.0898,184.62,2026-08-30 08:43:34.908991
821512558328925,2026-08-25 04:45:00,2026-08-25 06:45:00,DK1,1323.128,177.0,2026-08-30 08:43:34.908991
776073177933228,2026-08-25 04:15:00,2026-08-25 06:15:00,DK1,1281.7897,171.47,2026-08-30 08:43:34.908991
764013969959163,2026-08-25 03:30:00,2026-08-25 05:30:00,DK1,1123.0143,150.23,2026-08-30 08:43:34.908991
169555352765283,2026-08-25 03:00:00,2026-08-25 05:00:00,DK1,1080.9285,144.6,2026-08-30 08:43:34.908991
619891435235245,2026-08-25 02:45:00,2026-08-25 04:45:00,DK1,1072.3318,143.45,2026-08-30 08:43:34.908991
95845849145551,2026-08-25 01:45:00,2026-08-25 03:45:00,DK1,1046.6167,140.01,2026-08-30 08:43:34.908991
639892435630040,2026-08-25 01:30:00,2026-08-25 03:30:00,DK1,1042.2063,139.42,2026-08-30 08:43:34.908991
556782096086315,2026-08-25 00:45:00,2026-08-25 02:45:00,DK1,1057.0073,141.4,2026-08-30 08:43:34.908991
199122946946845,2026-08-25 00:30:00,2026-08-25 02:30:00,DK1,1062.0159,142.07,2026-08-30 08:43:34.908991
829812816090802,2026-08-24 22:45:00,2026-08-25 00:45:00,DK1,1099.841,147.13,2026-08-30 08:43:34.908991
188272656097597,2026-08-24 21:45:00,2026-08-24 23:45:00,DK1,1078.5193,144.27,2026-08-30 08:43:34.908991
216554217986528,2026-08-24 21:30:00,2026-08-24 23:30:00,DK1,1149.9869,153.83,2026-08-30 08:43:34.908991
419111222959648,2026-08-24 21:00:00,2026-08-24 23:00:00,DK1,1215.6982,162.62,2026-08-30 08:43:34.908991
598696681152684,2026-08-24 20:45:00,2026-08-24 22:45:00,DK1,1248.5914,167.02,2026-08-30 08:43:34.908991
575551739108669,2026-08-24 20:15:00,2026-08-24 22:15:00,DK1,1294.0437,173.1,2026-08-30 08:43:34.908991
503596972671605,2026-08-24 17:15:00,2026-08-24 19:15:00,DK1,1576.326,210.86,2026-08-30 08:43:34.908991
840287455391380,2026-08-24 16:45:00,2026-08-24 18:45:00,DK1,1615.7979,216.14,2026-08-30 08:43:34.908991
683103330308778,2026-08-24 15:30:00,2026-08-24 17:30:00,DK1,1168.3771,156.29,2026-08-30 08:43:34.908991
925842234014990,2026-08-24 14:30:00,2026-08-24 16:30:00,DK1,835.26,111.73,2026-08-30 08:43:34.908991
101467780346185,2026-08-24 14:00:00,2026-08-24 16:00:00,DK1,701.74396,93.87,2026-08-30 08:43:34.908991
265328085899409,2026-08-24 12:00:00,2026-08-24 14:00:00,DK1,401.96838,53.77,2026-08-30 08:43:34.908991
56787939369520,2026-08-24 11:45:00,2026-08-24 13:45:00,DK1,464.61478,62.15,2026-08-30 08:43:34.908991
80649479898323,2026-08-24 11:00:00,2026-08-24 13:00:00,DK1,401.96838,53.77,2026-08-30 08:43:34.908991
457722259589228,2026-08-24 09:45:00,2026-08-24 11:45:00,DK1,442.7857,59.23,2026-08-30 08:43:34.908991
243998823853421,2026-08-24 09:00:00,2026-08-24 11:00:00,DK1,763.0447,102.07,2026-08-30 08:43:34.908991
404286781118777,2026-08-24 08:45:00,2026-08-24 10:45:00,DK1,616.2219,82.43,2026-08-30 08:43:34.908991
446682248228667,2026-08-24 07:15:00,2026-08-24 09:15:00,DK1,1126.6628,150.71,2026-08-30 08:43:34.908991
516252112412186,2026-08-24 06:00:00,2026-08-24 08:00:00,DK1,1548.5165,207.14,2026-08-30 08:43:34.908991
737552119499469,2026-08-24 05:30:00,2026-08-24 07:30:00,DK1,1455.6683,194.72,2026-08-30 08:43:34.908991
685790585715370,2026-08-24 04:15:00,2026-08-24 06:15:00,DK1,1473.1614,197.06,2026-08-30 08:43:34.908991
173880536882531,2026-08-24 02:45:00,2026-08-24 04:45:00,DK1,1168.0781,156.25,2026-08-30 08:43:34.908991
70222870463633,2026-08-24 02:30:00,2026-08-24 04:30:00,DK1,1129.2045,151.05,2026-08-30 08:43:34.908991
695568303180693,2026-08-24 02:00:00,2026-08-24 04:00:00,DK1,1098.6289,146.96,2026-08-30 08:43:34.908991
57235604805679,2026-08-24 01:15:00,2026-08-24 03:15:00,DK1,1120.458,149.88,2026-08-30 08:43:34.908991
503442446697690,2026-08-24 00:30:00,2026-08-24 02:30:00,DK1,1114.1035,149.03,2026-08-30 08:43:34.908991
645984926753001,2026-08-24 00:00:00,2026-08-24 02:00:00,DK1,1111.3376,148.66,2026-08-30 08:43:34.908991
681169123264680,2026-08-23 23:00:00,2026-08-24 01:00:00,DK1,1191.3275,159.36,2026-08-30 08:43:34.908991
817252115868371,2026-08-23 22:45:00,2026-08-24 00:45:00,DK1,1181.3849,158.03,2026-08-30 08:43:34.908991
702636975163809,2026-08-23 22:15:00,2026-08-24 00:15:00,DK1,1204.1858,161.08,2026-08-30 08:43:34.908991
905093428693130,2026-08-23 21:45:00,2026-08-23 23:45:00,DK1,1204.3514,161.1,2026-08-30 08:43:34.908991
760925068678117,2026-08-23 21:15:00,2026-08-23 23:15:00,DK1,1254.514,167.81,2026-08-30 08:43:34.908991
333158114512724,2026-08-23 19:00:00,2026-08-23 21:00:00,DK1,1358.652,181.74,2026-08-30 08:43:34.908991
382810320512081,2026-08-23 18:45:00,2026-08-23 20:45:00,DK1,1360.5956,182.0,2026-08-30 08:43:34.908991
874857120642548,2026-08-23 17:30:00,2026-08-23 19:30:00,DK1,1404.7776,187.91,2026-08-30 08:43:34.908991
477712025753419,2026-08-23 15:30:00,2026-08-23 17:30:00,DK1,520.91376,69.68,2026-08-30 08:43:34.908991
325859119086463,2026-08-23 13:15:00,2026-08-23 15:15:00,DK1,-0.074758,-0.01,2026-08-30 08:43:34.908991
301040364702330,2026-08-23 13:00:00,2026-08-23 15:00:00,DK1,0.0,0.0,2026-08-30 08:43:34.908991
169071396922968,2026-08-23 12:15:00,2026-08-23 14:15:00,DK1,9.71854,1.3,2026-08-30 08:43:34.908991
635238387547349,2026-08-23 10:15:00,2026-08-23 12:15:00,DK1,13.232166,1.77,2026-08-30 08:43:34.908991
945390973152722,2026-08-23 09:30:00,2026-08-23 11:30:00,DK1,9.71854,1.3,2026-08-30 08:43:34.908991
816447923099768,2026-08-23 08:00:00,2026-08-23 10:00:00,DK1,3.887416,0.52,2026-08-30 08:43:34.908991
310658578267716,2026-08-23 05:30:00,2026-08-23 07:30:00,DK1,747.58,100.0,2026-08-30 08:43:34.908991
566217159850992,2026-08-23 05:15:00,2026-08-23 07:15:00,DK1,837.21484,111.99,2026-08-30 08:43:34.908991
125598891291768,2026-08-23 04:45:00,2026-08-23 06:45:00,DK1,846.4101,113.22,2026-08-30 08:43:34.908991
500861886264313,2026-08-23 04:00:00,2026-08-23 06:00:00,DK1,888.19977,118.81,2026-08-30 08:43:34.908991
135724780253467,2026-08-23 03:30:00,2026-08-23 05:30:00,DK1,876.9114,117.3,2026-08-30 08:43:34.908991
917054484174725,2026-08-23 03:15:00,2026-08-23 05:15:00,DK1,858.37134,114.82,2026-08-30 08:43:34.908991
862260063689037,2026-08-23 03:00:00,2026-08-23 05:00:00,DK1,866.52,115.91,2026-08-30 08:43:34.908991
245322678240972,2026-08-23 00:15:00,2026-08-23 02:15:00,DK1,886.5551,118.59,2026-08-30 08:43:34.908991
794643705408778,2026-08-22 23:30:00,2026-08-23 01:30:00,DK1,925.0555,123.74,2026-08-30 08:43:34.908991
28732579675554,2026-08-22 21:30:00,2026-08-22 23:30:00,DK1,918.2525,122.83,2026-08-30 08:43:34.908991
344671112970750,2026-08-22 20:30:00,2026-08-22 22:30:00,DK1,915.5612,122.47,2026-08-30 08:43:34.908991
183894662140612,2026-08-22 20:00:00,2026-08-22 22:00:00,DK1,950.69745,127.17,2026-08-30 08:43:34.908991
867461181353223,2026-08-22 19:15:00,2026-08-22 21:15:00,DK1,994.2814,133.0,2026-08-30 08:43:34.908991
981386336000729,2026-08-22 19:00:00,2026-08-22 21:00:00,DK1,1010.2049,135.13,2026-08-30 08:43:34.908991
664442948744194,2026-08-22 18:15:00,2026-08-22 20:15:00,DK1,1033.305,138.22,2026-08-30 08:43:34.908991
876164073984186,2026-08-22 17:00:00,2026-08-22 19:00:00,DK1,990.69305,132.52,2026-08-30 08:43:34.908991
67223316170774,2026-08-22 16:30:00,2026-08-22 18:30:00,DK1,848.6528,113.52,2026-08-30 08:43:34.908991
735857204575278,2026-08-22 16:15:00,2026-08-22 18:15:00,DK1,709.2292,94.87,2026-08-30 08:43:34.908991
648160637918591,2026-08-22 16:00:00,2026-08-22 18:00:00,DK1,568.9084,76.1,2026-08-30 08:43:34.908991
877859064545170,2026-08-22 15:45:00,2026-08-22 17:45:00,DK1,541.3974,72.42,2026-08-30 08:43:34.908991
757197100965119,2026-08-22 15:15:00,2026-08-22 17:15:00,DK1,22.128368,2.96,2026-08-30 08:43:34.908991
919538713766331,2026-08-22 14:00:00,2026-08-22 16:00:00,DK1,2.61653,0.35,2026-08-30 08:43:34.908991
946183663469346,2026-08-22 13:15:00,2026-08-22 15:15:00,DK1,9.942814,1.33,2026-08-30 08:43:34.908991
825735899412487,2026-08-22 12:45:00,2026-08-22 14:45:00,DK1,7.251526,0.97,2026-08-30 08:43:34.908991
907760970294011,2026-08-22 11:15:00,2026-08-22 13:15:00,DK1,10.167088,1.36,2026-08-30 08:43:34.908991
674128027477910,2026-08-22 10:30:00,2026-08-22 12:30:00,DK1,9.793298,1.31,2026-08-30 08:43:34.908991
855946028212415,2026-08-22 08:45:00,2026-08-22 10:45:00,DK1,148.46939,19.86,2026-08-30 08:43:34.908991
421009034741185,2026-08-22 08:00:00,2026-08-22 10:00:00,DK1,581.84155,77.83,2026-08-30 08:43:34.908991
129331653847854,2026-08-22 07:15:00,2026-08-22 09:15:00,DK1,737.33813,98.63,2026-08-30 08:43:34.908991
984764024293667,2026-08-22 06:15:00,2026-08-22 08:15:00,DK1,1031.6604,138.0,2026-08-30 08:43:34.908991
371441754444023,2026-08-22 04:30:00,2026-08-22 06:30:00,DK1,1151.4227,154.02,2026-08-30 08:43:34.908991
629817612405294,2026-08-22 04:15:00,2026-08-22 06:15:00,DK1,1162.6365,155.52,2026-08-30 08:43:34.908991
320662256770866,2026-08-22 02:45:00,2026-08-22 04:45:00,DK1,1079.2065,144.36,2026-08-30 08:43:34.908991
348497457902884,2026-08-22 02:00:00,2026-08-22 04:00:00,DK1,1153.4412,154.29,2026-08-30 08:43:34.908991
347581442713694,2026-08-21 21:15:00,2026-08-21 23:15:00,DK1,1314.2456,175.8,2026-08-30 08:43:34.908991
430071000956904,2026-08-21 18:00:00,2026-08-21 20:00:00,DK1,1549.1353,207.22,2026-08-30 08:43:34.908991
632118323895597,2026-08-21 17:45:00,2026-08-21 19:45:00,DK1,1561.4703,208.87,2026-08-30 08:43:34.908991
781068582428275,2026-08-21 17:30:00,2026-08-21 19:30:00,DK1,1500.1688,200.67,2026-08-30 08:43:34.908991
535481088633296,2026-08-21 17:15:00,2026-08-21 19:15:00,DK1,1523.8671,203.84,2026-08-30 08:43:34.908991
656920758870347,2026-08-21 16:45:00,2026-08-21 18:45:00,DK1,1450.1556,193.98,2026-08-30 08:43:34.908991
898643236633467,2026-08-21 16:15:00,2026-08-21 18:15:00,DK1,1469.5928,196.58,2026-08-30 08:43:34.908991
313506019117709,2026-08-21 15:30:00,2026-08-21 17:30:00,DK1,1266.6248,169.43,2026-08-30 08:43:34.908991
913378708685766,2026-08-21 14:45:00,2026-08-21 16:45:00,DK1,1178.3356,157.62,2026-08-30 08:43:34.908991
38987386625177,2026-08-21 12:30:00,2026-08-21 14:30:00,DK1,1067.5443,142.8,2026-08-30 08:43:34.908991
947010467570823,2026-08-21 11:00:00,2026-08-21 13:00:00,DK1,1051.4712,140.65,2026-08-30 08:43:34.908991
298743188575746,2026-08-21 09:45:00,2026-08-21 11:45:00,DK1,1018.4282,136.23,2026-08-30 08:43:34.908991
306233768014744,2026-08-21 08:00:00,2026-08-21 10:00:00,DK1,1240.9828,166.0,2026-08-30 08:43:34.908991
82388935023327,2026-08-21 07:00:00,2026-08-21 09:00:00,DK1,1443.1284,193.04,2026-08-30 08:43:34.908991
102924165128101,2026-08-21 06:15:00,2026-08-21 08:15:00,DK1,1530.3711,204.71,2026-08-30 08:43:34.908991
519367650424852,2026-08-21 05:45:00,2026-08-21 07:45:00,DK1,1435.3536,192.0,2026-08-30 08:43:34.908991
1365391575513,2026-08-21 04:45:00,2026-08-21 06:45:00,DK1,1458.08,195.04,2026-08-30 08:43:34.908991
559571311620973,2026-08-21 04:15:00,2026-08-21 06:15:00,DK1,1416.5145,189.48,2026-08-30 08:43:34.908991
718900107742563,2026-08-21 02:15:00,2026-08-21 04:15:00,DK1,1131.7614,151.39,2026-08-30 08:43:34.908991
638019185329368,2026-08-20 21:00:00,2026-08-20 23:00:00,DK1,1346.3168,180.09,2026-08-30 08:43:34.908991
376152814740557,2026-08-20 20:45:00,2026-08-20 22:45:00,DK1,1346.1674,180.07,2026-08-30 08:43:34.908991
501262432894068,2026-08-20 18:15:00,2026-08-20 20:15:00,DK1,1501.8882,200.9,2026-08-30 08:43:34.908991
45092186561917,2026-08-20 17:30:00,2026-08-20 19:30:00,DK1,1471.8356,196.88,2026-08-30 08:43:34.908991
663779159482685,2026-08-20 17:15:00,2026-08-20 19:15:00,DK1,1425.635,190.7,2026-08-30 08:43:34.908991
37416635584236,2026-08-20 17:00:00,2026-08-20 19:00:00,DK1,1364.5577,182.53,2026-08-30 08:43:34.908991
614757873382764,2026-08-20 14:30:00,2026-08-20 16:30:00,DK1,1038.7623,138.95,2026-08-30 08:43:34.908991
758325826271505,2026-08-20 13:00:00,2026-08-20 15:00:00,DK1,590.4387,78.98,2026-08-30 08:43:34.908991
967360939534086,2026-08-20 11:15:00,2026-08-20 13:15:00,DK1,630.509,84.34,2026-08-30 08:43:34.908991
65944488211914,2026-08-20 08:45:00,2026-08-20 10:45:00,DK1,881.39685,117.9,2026-08-30 08:43:34.908991
421377779826285,2026-08-20 08:15:00,2026-08-20 10:15:00,DK1,1025.5302,137.18,2026-08-30 08:43:34.908991
419831100378520,2026-08-20 05:45:00,2026-08-20 07:45:00,DK1,1317.6097,176.25,2026-08-30 08:43:34.908991
422354939372193,2026-08-20 04:30:00,2026-08-20 06:30:00,DK1,1407.5436,188.28,2026-08-30 08:43:34.908991
612820818106962,2026-08-20 04:15:00,2026-08-20 06:15:00,DK1,1374.5753,183.87,2026-08-30 08:43:34.908991
745401476164849,2026-08-20 03:15:00,2026-08-20 05:15:00,DK1,1155.4596,154.56,2026-08-30 08:43:34.908991
948049657677624,2026-08-20 02:30:00,2026-08-20 04:30:00,DK1,1118.0807,149.56,2026-08-30 08:43:34.908991
422010708014261,2026-08-20 01:45:00,2026-08-20 03:45:00,DK1,1098.7184,146.97,2026-08-30 08:43:34.908991
296644845104585,2026-08-20 01:15:00,2026-08-20 03:15:00,DK1,1098.5688,146.95,2026-08-30 08:43:34.908991
484657827374142,2026-08-19 23:45:00,2026-08-20 01:45:00,DK1,1183.195,158.27,2026-08-30 08:43:34.908991
702845305389329,2026-08-19 23:30:00,2026-08-20 01:30:00,DK1,1211.902,162.11,2026-08-30 08:43:34.908991
633857110773213,2026-08-19 23:00:00,2026-08-20 01:00:00,DK1,1241.8052,166.11,2026-08-30 08:43:34.908991
657194428739282,2026-08-19 21:45:00,2026-08-19 23:45:00,DK1,1308.9553,175.09,2026-08-30 08:43:34.908991
74968582352921,2026-08-19 21:30:00,2026-08-19 23:30:00,DK1,1383.0415,185.0,2026-08-30 08:43:34.908991
847950112640098,2026-08-19 20:30:00,2026-08-19 22:30:00,DK1,1480.2281,198.0,2026-08-30 08:43:34.908991
124453118749161,2026-08-19 20:00:00,2026-08-19 22:00:00,DK1,1546.689,206.89,2026-08-30 08:43:34.908991
854447392962247,2026-08-19 19:45:00,2026-08-19 21:45:00,DK1,1472.6776,196.99,2026-08-30 08:43:34.908991
321998528312859,2026-08-19 19:30:00,2026-08-19 21:30:00,DK1,1521.6447,203.54,2026-08-30 08:43:34.908991
435274777433295,2026-08-19 19:15:00,2026-08-19 21:15:00,DK1,1578.1625,211.1,2026-08-30 08:43:34.908991
273743822470475,2026-08-19 17:45:00,2026-08-19 19:45:00,DK1,1658.0051,221.78,2026-08-30 08:43:34.908991
630954041111702,2026-08-19 17:15:00,2026-08-19 19:15:00,DK1,1532.9333,205.05,2026-08-30 08:43:34.908991
451396177001299,2026-08-19 15:00:00,2026-08-19 17:00:00,DK1,1032.2723,138.08,2026-08-30 08:43:34.908991
678073470918323,2026-08-19 11:30:00,2026-08-19 13:30:00,DK1,964.3911,129.0,2026-08-30 08:43:34.908991
512960427330389,2026-08-19 10:45:00,2026-08-19 12:45:00,DK1,978.371,130.87,2026-08-30 08:43:34.908991
825535667991007,2026-08-19 10:00:00,2026-08-19 12:00:00,DK1,1072.3431,143.44,2026-08-30 08:43:34.908991
11335983111460,2026-08-19 08:45:00,2026-08-19 10:45:00,DK1,1096.7893,146.71,2026-08-30 08:43:34.908991
499586038282661,2026-08-19 08:15:00,2026-08-19 10:15:00,DK1,1158.0168,154.9,2026-08-30 08:43:34.908991
266426151078872,2026-08-19 07:45:00,2026-08-19 09:45:00,DK1,1074.8849,143.78,2026-08-30 08:43:34.908991
635859788311213,2026-08-19 07:30:00,2026-08-19 09:30:00,DK1,1158.7645,155.0,2026-08-30 08:43:34.908991
627118003887352,2026-08-19 06:45:00,2026-08-19 08:45:00,DK1,1348.2037,180.34,2026-08-30 08:43:34.908991
202002322271363,2026-08-19 05:45:00,2026-08-19 07:45:00,DK1,1412.5713,188.95,2026-08-30 08:43:34.908991
397497031409817,2026-08-19 03:15:00,2026-08-19 05:15:00,DK1,1161.2316,155.33,2026-08-30 08:43:34.908991
203150321436881,2026-08-19 02:30:00,2026-08-19 04:30:00,DK1,1121.385,150.0,2026-08-30 08:43:34.908991
139147849532821,2026-08-19 02:00:00,2026-08-19 04:00:00,DK1,1106.9565,148.07,2026-08-30 08:43:34.908991
23509746009966,2026-08-19 00:30:00,2026-08-19 02:30:00,DK1,1124.3005,150.39,2026-08-30 08:43:34.908991
472939995483512,2026-08-19 00:15:00,2026-08-19 02:15:00,DK1,1135.5144,151.89,2026-08-30 08:43:34.908991
162964095728443,2026-08-18 23:30:00,2026-08-19 01:30:00,DK1,1167.2123,156.13,2026-08-30 08:43:34.908991
26773073037100,2026-08-18 22:45:00,2026-08-19 00:45:00,DK1,1203.0219,160.92,2026-08-30 08:43:34.908991
794547407003574,2026-08-18 21:15:00,2026-08-18 23:15:00,DK1,1329.9625,177.9,2026-08-30 08:43:34.908991
802551478941134,2026-08-18 20:45:00,2026-08-18 22:45:00,DK1,1361.0624,182.06,2026-08-30 08:43:34.908991
281472996193169,2026-08-18 17:45:00,2026-08-18 19:45:00,DK1,1525.3826,204.04,2026-08-30 08:43:34.908991
57907300260949,2026-08-18 17:00:00,2026-08-18 19:00:00,DK1,1438.1388,192.37,2026-08-30 08:43:34.908991
411062908253435,2026-08-18 15:45:00,2026-08-18 17:45:00,DK1,1230.0846,164.54,2026-08-30 08:43:34.908991
966637471893427,2026-08-18 15:30:00,2026-08-18 17:30:00,DK1,1192.5555,159.52,2026-08-30 08:43:34.908991
483789661518480,2026-08-18 15:15:00,2026-08-18 17:15:00,DK1,1124.824,150.46,2026-08-30 08:43:34.908991
883263975538653,2026-08-18 15:00:00,2026-08-18 17:00:00,DK1,1033.6179,138.26,2026-08-30 08:43:34.908991
92648512416823,2026-08-18 13:30:00,2026-08-18 15:30:00,DK1,982.1838,131.38,2026-08-30 08:43:34.908991
992121112614444,2026-08-18 13:15:00,2026-08-18 15:15:00,DK1,973.8855,130.27,2026-08-30 08:43:34.908991
263952848649115,2026-08-18 11:30:00,2026-08-18 13:30:00,DK1,982.1838,131.38,2026-08-30 08:43:34.908991
629630524911481,2026-08-18 11:15:00,2026-08-18 13:15:00,DK1,994.22,132.99,2026-08-30 08:43:34.908991
995175545700650,2026-08-18 10:15:00,2026-08-18 12:15:00,DK1,1024.9459,137.1,2026-08-30 08:43:34.908991
321929240339348,2026-08-18 09:45:00,2026-08-18 11:45:00,DK1,1095.1447,146.49,2026-08-30 08:43:34.908991
189431780206311,2026-08-18 08:00:00,2026-08-18 10:00:00,DK1,1202.648,160.87,2026-08-30 08:43:34.908991
100720050593356,2026-08-18 06:45:00,2026-08-18 08:45:00,DK1,1221.1135,163.34,2026-08-30 08:43:34.908991
708414246918361,2026-08-18 06:15:00,2026-08-18 08:15:00,DK1,1466.4725,196.16,2026-08-30 08:43:34.908991
901361592081519,2026-08-18 06:00:00,2026-08-18 08:00:00,DK1,1505.4968,201.38,2026-08-30 08:43:34.908991
208110694905007,2026-08-18 05:00:00,2026-08-18 07:00:00,DK1,1461.8374,195.54,2026-08-30 08:43:34.908991
224314439487578,2026-08-18 04:45:00,2026-08-18 06:45:00,DK1,1434.4757,191.88,2026-08-30 08:43:34.908991
70623101782750,2026-08-18 03:15:00,2026-08-18 05:15:00,DK1,1166.1656,155.99,2026-08-30 08:43:34.908991
1020074811005,2026-08-18 01:00:00,2026-08-18 03:00:00,DK1,1108.975,148.34,2026-08-30 08:43:34.908991
636281041788717,2026-08-18 00:30:00,2026-08-18 02:30:00,DK1,1118.8433,149.66,2026-08-30 08:43:34.908991
309942502444653,2026-08-17 23:45:00,2026-08-18 01:45:00,DK1,1121.9083,150.07,2026-08-30 08:43:34.908991
874257666667471,2026-08-17 23:00:00,2026-08-18 01:00:00,DK1,1249.5967,167.15,2026-08-30 08:43:34.908991
454820490180608,2026-08-17 22:30:00,2026-08-18 00:30:00,DK1,1254.5308,167.81,2026-08-30 08:43:34.908991
196864313007006,2026-08-17 22:15:00,2026-08-18 00:15:00,DK1,1345.4377,179.97,2026-08-30 08:43:34.908991
104504738000114,2026-08-17 21:45:00,2026-08-17 23:45:00,DK1,1240.9828,166.0,2026-08-30 08:43:34.908991
348599930983836,2026-08-17 21:00:00,2026-08-17 23:00:00,DK1,1440.9604,192.75,2026-08-30 08:43:34.908991
798173094144738,2026-08-17 18:15:00,2026-08-17 20:15:00,DK1,1597.8027,213.73,2026-08-30 08:43:34.908991
326303284361332,2026-08-17 17:30:00,2026-08-17 19:30:00,DK1,1588.458,212.48,2026-08-30 08:43:34.908991
641054095652546,2026-08-17 16:30:00,2026-08-17 18:30:00,DK1,1401.563,187.48,2026-08-30 08:43:34.908991
905284734000953,2026-08-17 15:30:00,2026-08-17 17:30:00,DK1,1114.3428,149.06,2026-08-30 08:43:34.908991
195981718697944,2026-08-17 14:45:00,2026-08-17 16:45:00,DK1,1067.4695,142.79,2026-08-30 08:43:34.908991
816138058192483,2026-08-17 12:15:00,2026-08-17 14:15:00,DK1,1023.58655,136.92,2026-08-30 08:43:34.908991
538824160449591,2026-08-17 12:00:00,2026-08-17 14:00:00,DK1,1065.6753,142.55,2026-08-30 08:43:34.908991
554986692647315,2026-08-17 11:45:00,2026-08-17 13:45:00,DK1,1022.76416,136.81,2026-08-30 08:43:34.908991
559056463710142,2026-08-17 11:30:00,2026-08-17 13:30:00,DK1,1101.7834,147.38,2026-08-30 08:43:34.908991
173781115325271,2026-08-17 10:30:00,2026-08-17 12:30:00,DK1,1164.8792,155.82,2026-08-30 08:43:34.908991
317692530017126,2026-08-17 09:45:00,2026-08-17 11:45:00,DK1,1170.4113,156.56,2026-08-30 08:43:34.908991
91618491284106,2026-08-17 09:30:00,2026-08-17 11:30:00,DK1,1204.7251,161.15,2026-08-30 08:43:34.908991
746411466234155,2026-08-17 09:00:00,2026-08-17 11:00:00,DK1,1319.703,176.53,2026-08-30 08:43:34.908991
855690734866307,2026-08-17 06:00:00,2026-08-17 08:00:00,DK1,1585.4677,212.08,2026-08-30 08:43:34.908991
142461911608238,2026-08-17 04:45:00,2026-08-17 06:45:00,DK1,1502.4862,200.98,2026-08-30 08:43:34.908991
990727999221061,2026-08-17 02:30:00,2026-08-17 04:30:00,DK1,1190.8202,159.29,2026-08-30 08:43:34.908991
451074173530927,2026-08-17 02:15:00,2026-08-17 04:15:00,DK1,1160.6179,155.25,2026-08-30 08:43:34.908991
585827318284377,2026-08-17 02:00:00,2026-08-17 04:00:00,DK1,1179.2328,157.74,2026-08-30 08:43:34.908991
299512124187063,2026-08-17 01:45:00,2026-08-17 03:45:00,DK1,1196.5765,160.06,2026-08-30 08:43:34.908991
717779770289433,2026-08-17 01:00:00,2026-08-17 03:00:00,DK1,1211.7524,162.09,2026-08-30 08:43:34.908991
888573845004736,2026-08-16 23:45:00,2026-08-17 01:45:00,DK1,1256.0092,168.01,2026-08-30 08:43:34.908991
194173303165381,2026-08-16 20:30:00,2026-08-16 22:30:00,DK1,1516.072,202.8,2026-08-30 08:43:34.908991
482822823031304,2026-08-16 19:45:00,2026-08-16 21:45:00,DK1,1488.4119,199.1,2026-08-30 08:43:34.908991
323848390266928,2026-08-16 18:45:00,2026-08-16 20:45:00,DK1,1579.466,211.28,2026-08-30 08:43:34.908991
39608115355486,2026-08-16 18:15:00,2026-08-16 20:15:00,DK1,1480.1139,197.99,2026-08-30 08:43:34.908991
132382877805312,2026-08-16 17:45:00,2026-08-16 19:45:00,DK1,1524.37,203.91,2026-08-30 08:43:34.908991
863292867437279,2026-08-16 17:00:00,2026-08-16 19:00:00,DK1,1287.3156,172.2,2026-08-30 08:43:34.908991
446192756346836,2026-08-16 16:45:00,2026-08-16 18:45:00,DK1,1392.2744,186.24,2026-08-30 08:43:34.908991
653963457607443,2026-08-16 16:15:00,2026-08-16 18:15:00,DK1,1205.5314,161.26,2026-08-30 08:43:34.908991
227068671712000,2026-08-16 15:45:00,2026-08-16 17:45:00,DK1,1308.2476,175.0,2026-08-30 08:43:34.908991
210023936785811,2026-08-16 15:15:00,2026-08-16 17:15:00,DK1,994.6419,133.05,2026-08-30 08:43:34.908991
335379174980376,2026-08-16 14:00:00,2026-08-16 16:00:00,DK1,672.0654,89.9,2026-08-30 08:43:34.908991
745542527749561,2026-08-16 13:30:00,2026-08-16 15:30:00,DK1,582.9551,77.98,2026-08-30 08:43:34.908991
61857431046523,2026-08-16 09:15:00,2026-08-16 11:15:00,DK1,439.4964,58.79,2026-08-30 08:43:34.908991
607452833256492,2026-08-16 09:00:00,2026-08-16 11:00:00,DK1,559.92993,74.9,2026-08-30 08:43:34.908991
676905034762413,2026-08-16 08:45:00,2026-08-16 10:45:00,DK1,605.5317,81.0,2026-08-30 08:43:34.908991
360484333621515,2026-08-16 07:45:00,2026-08-16 09:45:00,DK1,813.3562,108.8,2026-08-30 08:43:34.908991
555485388396947,2026-08-16 05:15:00,2026-08-16 07:15:00,DK1,1155.7433,154.6,2026-08-30 08:43:34.908991
389671567270334,2026-08-16 03:30:00,2026-08-16 05:30:00,DK1,1196.112,160.0,2026-08-30 08:43:34.908991
491026184725442,2026-08-16 02:30:00,2026-08-16 04:30:00,DK1,1169.5732,156.45,2026-08-30 08:43:34.908991
753719014895426,2026-08-16 02:00:00,2026-08-16 04:00:00,DK1,1184.2257,158.41,2026-08-30 08:43:34.908991
889202211272588,2026-08-16 01:45:00,2026-08-16 03:45:00,DK1,1162.4713,155.5,2026-08-30 08:43:34.908991
18433037128357,2026-08-16 00:30:00,2026-08-16 02:30:00,DK1,1255.6934,167.97,2026-08-30 08:43:34.908991
827514247220407,2026-08-15 22:00:00,2026-08-16 00:00:00,DK1,1407.3005,188.25,2026-08-30 08:43:34.908991
343168499337888,2026-08-15 21:45:00,2026-08-15 23:45:00,DK1,1233.7894,165.04,2026-08-30 08:43:34.908991
298817212192810,2026-08-15 21:00:00,2026-08-15 23:00:00,DK1,1397.8812,186.99,2026-08-30 08:43:34.908991
503248841217481,2026-08-15 19:30:00,2026-08-15 21:30:00,DK1,1342.5609,179.59,2026-08-30 08:43:34.908991
768510184733567,2026-08-15 17:45:00,2026-08-15 19:45:00,DK1,1488.4119,199.1,2026-08-30 08:43:34.908991
350075001667328,2026-08-15 17:00:00,2026-08-15 19:00:00,DK1,1219.0625,163.07,2026-08-30 08:43:34.908991
343919267619506,2026-08-15 15:00:00,2026-08-15 17:00:00,DK1,707.0517,94.58,2026-08-30 08:43:34.908991
522612310221629,2026-08-15 14:45:00,2026-08-15 16:45:00,DK1,889.085,118.93,2026-08-30 08:43:34.908991
363390802453840,2026-08-15 14:00:00,2026-08-15 16:00:00,DK1,167.0819,22.35,2026-08-30 08:43:34.908991
806697173463636,2026-08-15 13:30:00,2026-08-15 15:30:00,DK1,120.20926,16.08,2026-08-30 08:43:34.908991
949770147453226,2026-08-15 13:15:00,2026-08-15 15:15:00,DK1,74.53273,9.97,2026-08-30 08:43:34.908991
909260934781733,2026-08-15 08:00:00,2026-08-15 10:00:00,DK1,1001.2953,133.94,2026-08-30 08:43:34.908991
508233926546386,2026-08-15 07:15:00,2026-08-15 09:15:00,DK1,1019.83496,136.42,2026-08-30 08:43:34.908991
295899265048780,2026-08-15 06:30:00,2026-08-15 08:30:00,DK1,1101.0958,147.29,2026-08-30 08:43:34.908991
828507061464961,2026-08-15 05:30:00,2026-08-15 07:30:00,DK1,1105.1327,147.83,2026-08-30 08:43:34.908991
527141519289759,2026-08-15 04:45:00,2026-08-15 06:45:00,DK1,1083.8269,144.98,2026-08-30 08:43:34.908991
780639899203539,2026-08-15 03:15:00,2026-08-15 05:15:00,DK1,1124.3452,150.4,2026-08-30 08:43:34.908991
744799831860091,2026-08-15 02:45:00,2026-08-15 04:45:00,DK1,1152.3044,154.14,2026-08-30 08:43:34.908991
662710262099512,2026-08-15 02:00:00,2026-08-15 04:00:00,DK1,1161.4995,155.37,2026-08-30 08:43:34.908991
761856296868040,2026-08-15 01:00:00,2026-08-15 03:00:00,DK1,1172.115,156.79,2026-08-30 08:43:34.908991
353385304243665,2026-08-15 00:45:00,2026-08-15 02:45:00,DK1,1153.351,154.28,2026-08-30 08:43:34.908991
379089315916681,2026-08-14 23:00:00,2026-08-15 01:00:00,DK1,1270.9437,170.01,2026-08-30 08:43:34.908991
634637304979136,2026-08-14 22:15:00,2026-08-15 00:15:00,DK1,1270.9437,170.01,2026-08-30 08:43:34.908991
185396973459141,2026-08-14 19:00:00,2026-08-14 21:00:00,DK1,1887.6143,252.5,2026-08-30 08:43:34.908991
62759456332647,2026-08-14 18:15:00,2026-08-14 20:15:00,DK1,2037.4274,272.54,2026-08-30 08:43:34.908991
140779920246084,2026-08-14 16:45:00,2026-08-14 18:45:00,DK1,1576.8494,210.93,2026-08-30 08:43:34.908991
648435511235221,2026-08-14 15:00:00,2026-08-14 17:00:00,DK1,928.5567,124.21,2026-08-30 08:43:34.908991
824479912045392,2026-08-14 10:30:00,2026-08-14 12:30:00,DK1,145.32762,19.44,2026-08-30 08:43:34.908991
953871425877942,2026-08-14 10:00:00,2026-08-14 12:00:00,DK1,313.08234,41.88,2026-08-30 08:43:34.908991
936699406959327,2026-08-14 09:45:00,2026-08-14 11:45:00,DK1,200.94681,26.88,2026-08-30 08:43:34.908991
366715200629392,2026-08-14 09:30:00,2026-08-14 11:30:00,DK1,411.76157,55.08,2026-08-30 08:43:34.908991
988484075832739,2026-08-14 09:00:00,2026-08-14 11:00:00,DK1,720.2837,96.35,2026-08-30 08:43:34.908991
754001250771272,2026-08-14 08:15:00,2026-08-14 10:15:00,DK1,839.5958,112.31,2026-08-30 08:43:34.908991
303637302340595,2026-08-14 06:30:00,2026-08-14 08:30:00,DK1,1088.4619,145.6,2026-08-30 08:43:34.908991
276502824566775,2026-08-14 06:00:00,2026-08-14 08:00:00,DK1,1279.5409,171.16,2026-08-30 08:43:34.908991
256737946613700,2026-08-14 03:45:00,2026-08-14 05:45:00,DK1,1218.6138,163.01,2026-08-30 08:43:34.908991
815224967644590,2026-08-14 01:45:00,2026-08-14 03:45:00,DK1,1060.129,141.81,2026-08-30 08:43:34.908991
335380492346230,2026-08-14 01:30:00,2026-08-14 03:30:00,DK1,1059.1571,141.68,2026-08-30 08:43:34.908991
837942573161186,2026-08-14 00:15:00,2026-08-14 02:15:00,DK1,1093.9939,146.34,2026-08-30 08:43:34.908991
579647568039945,2026-08-13 23:30:00,2026-08-14 01:30:00,DK1,1111.0385,148.62,2026-08-30 08:43:34.908991
966879092316870,2026-08-13 22:15:00,2026-08-14 00:15:00,DK1,1190.1315,159.2,2026-08-30 08:43:34.908991
698352580240164,2026-08-13 22:00:00,2026-08-14 00:00:00,DK1,1245.4517,166.6,2026-08-30 08:43:34.908991
429132477458313,2026-08-13 20:15:00,2026-08-13 22:15:00,DK1,1611.088,215.51,2026-08-30 08:43:34.908991
61528131726278,2026-08-13 19:45:00,2026-08-13 21:45:00,DK1,1623.3483,217.15,2026-08-30 08:43:34.908991
100967582044025,2026-08-13 19:30:00,2026-08-13 21:30:00,DK1,1794.168,240.0,2026-08-30 08:43:34.908991
777502598490499,2026-08-13 19:15:00,2026-08-13 21:15:00,DK1,2010.739,268.97,2026-08-30 08:43:34.908991
419210262328781,2026-08-13 19:00:00,2026-08-13 21:00:00,DK1,2645.7998,353.92,2026-08-30 08:43:34.908991
585559360283066,2026-08-13 17:45:00,2026-08-13 19:45:00,DK1,3643.5066,487.38,2026-08-30 08:43:34.908991
115508920273331,2026-08-13 16:30:00,2026-08-13 18:30:00,DK1,1562.8699,209.06,2026-08-30 08:43:34.908991
151322958642473,2026-08-13 15:30:00,2026-08-13 17:30:00,DK1,1196.0372,159.99,2026-08-30 08:43:34.908991
753835707293750,2026-08-13 14:15:00,2026-08-13 16:15:00,DK1,837.9512,112.09,2026-08-30 08:43:34.908991
81565886237694,2026-08-13 12:00:00,2026-08-13 14:00:00,DK1,200.72255,26.85,2026-08-30 08:43:34.908991
817892631248695,2026-08-13 10:15:00,2026-08-13 12:15:00,DK1,201.8439,27.0,2026-08-30 08:43:34.908991
653002733998226,2026-08-13 09:00:00,2026-08-13 11:00:00,DK1,743.9816,99.52,2026-08-30 08:43:34.908991
726850773281218,2026-08-13 08:45:00,2026-08-13 10:45:00,DK1,595.5143,79.66,2026-08-30 08:43:34.908991
860169352420303,2026-08-13 08:00:00,2026-08-13 10:00:00,DK1,1007.72437,134.8,2026-08-30 08:43:34.908991
247046086038936,2026-08-13 06:15:00,2026-08-13 08:15:00,DK1,1216.2964,162.7,2026-08-30 08:43:34.908991
20938588409668,2026-08-13 04:45:00,2026-08-13 06:45:00,DK1,1308.1727,174.99,2026-08-30 08:43:34.908991
426891539182976,2026-08-13 03:45:00,2026-08-13 05:45:00,DK1,1242.9098,166.26,2026-08-30 08:43:34.908991
126980133257253,2026-08-13 02:30:00,2026-08-13 04:30:00,DK1,1095.5638,146.55,2026-08-30 08:43:34.908991
17979021966507,2026-08-13 02:15:00,2026-08-13 04:15:00,DK1,1069.4736,143.06,2026-08-30 08:43:34.908991
241521372821057,2026-08-13 01:15:00,2026-08-13 03:15:00,DK1,1060.2039,141.82,2026-08-30 08:43:34.908991
892072878650820,2026-08-13 00:45:00,2026-08-13 02:45:00,DK1,1065.7357,142.56,2026-08-30 08:43:34.908991
168137233101379,2026-08-12 23:15:00,2026-08-13 01:15:00,DK1,1106.4783,148.01,2026-08-30 08:43:34.908991
641526051545282,2026-08-12 22:15:00,2026-08-13 00:15:00,DK1,1170.3956,156.56,2026-08-30 08:43:34.908991
816338401539955,2026-08-12 20:45:00,2026-08-12 22:45:00,DK1,1309.1621,175.12,2026-08-30 08:43:34.908991
498801489242762,2026-08-12 20:00:00,2026-08-12 22:00:00,DK1,1537.3235,205.64,2026-08-30 08:43:34.908991
363038506968732,2026-08-12 19:45:00,2026-08-12 21:45:00,DK1,1487.46,198.97,2026-08-30 08:43:34.908991
80970477120715,2026-08-12 19:00:00,2026-08-12 21:00:00,DK1,1891.3774,253.0,2026-08-30 08:43:34.908991
433069265196557,2026-08-12 18:15:00,2026-08-12 20:15:00,DK1,2359.6616,315.64,2026-08-30 08:43:34.908991
817359538284202,2026-08-12 17:00:00,2026-08-12 19:00:00,DK1,1569.918,210.0,2026-08-30 08:43:34.908991
714760834866842,2026-08-12 16:45:00,2026-08-12 18:45:00,DK1,1639.2188,219.27,2026-08-30 08:43:34.908991
690125272640333,2026-08-12 16:30:00,2026-08-12 18:30:00,DK1,1387.2095,185.56,2026-08-30 08:43:34.908991
587444471332291,2026-08-12 16:15:00,2026-08-12 18:15:00,DK1,1298.995,173.76,2026-08-30 08:43:34.908991
244619218492067,2026-08-12 15:15:00,2026-08-12 17:15:00,DK1,982.993,131.49,2026-08-30 08:43:34.908991
435872723623144,2026-08-12 15:00:00,2026-08-12 17:00:00,DK1,823.8331,110.2,2026-08-30 08:43:34.908991
75682947325158,2026-08-12 13:30:00,2026-08-12 15:30:00,DK1,318.54385,42.61,2026-08-30 08:43:34.908991
519022181853882,2026-08-12 13:15:00,2026-08-12 15:15:00,DK1,203.1175,27.17,2026-08-30 08:43:34.908991
887073247938293,2026-08-12 12:30:00,2026-08-12 14:30:00,DK1,111.68845,14.94,2026-08-30 08:43:34.908991
584081052164452,2026-08-12 12:00:00,2026-08-12 14:00:00,DK1,84.62605,11.32,2026-08-30 08:43:34.908991
830633221137474,2026-08-12 11:00:00,2026-08-12 13:00:00,DK1,108.92241,14.57,2026-08-30 08:43:34.908991
646796919811809,2026-08-12 10:45:00,2026-08-12 12:45:00,DK1,67.20744,8.99,2026-08-30 08:43:34.908991
853686112906220,2026-08-12 09:30:00,2026-08-12 11:30:00,DK1,266.8113,35.69,2026-08-30 08:43:34.908991
641404081274983,2026-08-12 08:30:00,2026-08-12 10:30:00,DK1,609.8758,81.58,2026-08-30 08:43:34.908991
842328756899376,2026-08-12 07:30:00,2026-08-12 09:30:00,DK1,873.0239,116.78,2026-08-30 08:43:34.908991
715842219778833,2026-08-12 05:45:00,2026-08-12 07:45:00,DK1,1131.2382,151.32,2026-08-30 08:43:34.908991
456452166435517,2026-08-12 05:15:00,2026-08-12 07:15:00,DK1,1282.0997,171.5,2026-08-30 08:43:34.908991
32075945802089,2026-08-12 03:30:00,2026-08-12 05:30:00,DK1,1183.8677,158.36,2026-08-30 08:43:34.908991
181575289180872,2026-08-12 01:45:00,2026-08-12 03:45:00,DK1,1051.7703,140.69,2026-08-30 08:43:34.908991
30708829502468,2026-08-12 01:30:00,2026-08-12 03:30:00,DK1,1046.5372,139.99,2026-08-30 08:43:34.908991
739958680750046,2026-08-12 00:15:00,2026-08-12 02:15:00,DK1,1064.4791,142.39,2026-08-30 08:43:34.908991
395511200457406,2026-08-11 23:00:00,2026-08-12 01:00:00,DK1,1154.413,154.42,2026-08-30 08:43:34.908991
631123640767330,2026-08-11 22:00:00,2026-08-12 00:00:00,DK1,1217.5088,162.86,2026-08-30 08:43:34.908991
921372251109743,2026-08-11 20:30:00,2026-08-11 22:30:00,DK1,1277.0739,170.83,2026-08-30 08:43:34.908991
601515876595406,2026-08-11 17:45:00,2026-08-11 19:45:00,DK1,1533.7893,205.17,2026-08-30 08:43:34.908991
185641542632365,2026-08-11 16:45:00,2026-08-11 18:45:00,DK1,1246.573,166.75,2026-08-30 08:43:34.908991
513033703854169,2026-08-11 15:00:00,2026-08-11 17:00:00,DK1,577.5726,77.26,2026-08-30 08:43:34.908991
911405994891981,2026-08-11 14:30:00,2026-08-11 16:30:00,DK1,433.9644,58.05,2026-08-30 08:43:34.908991
609178454413836,2026-08-11 14:15:00,2026-08-11 16:15:00,DK1,157.513,21.07,2026-08-30 08:43:34.908991
270524986803935,2026-08-11 09:45:00,2026-08-11 11:45:00,DK1,12.70869,1.7,2026-08-30 08:43:34.908991
539276646578780,2026-08-11 09:30:00,2026-08-11 11:30:00,DK1,26.389221,3.53,2026-08-30 08:43:34.908991
599150205197693,2026-08-11 08:15:00,2026-08-11 10:15:00,DK1,540.5679,72.31,2026-08-30 08:43:34.908991
641504009917979,2026-08-11 06:15:00,2026-08-11 08:15:00,DK1,1006.30396,134.61,2026-08-30 08:43:34.908991
872573824821574,2026-08-11 05:30:00,2026-08-11 07:30:00,DK1,1017.4428,136.1,2026-08-30 08:43:34.908991
237754901771811,2026-08-11 04:15:00,2026-08-11 06:15:00,DK1,953.00226,127.48,2026-08-30 08:43:34.908991
536087602131494,2026-08-11 03:15:00,2026-08-11 05:15:00,DK1,846.62305,113.25,2026-08-30 08:43:34.908991
308341962393905,2026-08-11 01:00:00,2026-08-11 03:00:00,DK1,747.57,100.0,2026-08-30 08:43:34.908991
796716133828261,2026-08-10 23:00:00,2026-08-11 01:00:00,DK1,826.962,110.62,2026-08-30 08:43:34.908991
577263130617566,2026-08-10 19:00:00,2026-08-10 21:00:00,DK1,1012.4476,135.43,2026-08-30 08:43:34.908991
654616381700410,2026-08-10 16:15:00,2026-08-10 18:15:00,DK1,559.93744,74.9,2026-08-30 08:43:34.908991
402491408969471,2026-08-10 13:30:00,2026-08-10 15:30:00,DK1,74.98228,10.03,2026-08-30 08:43:34.908991
5749232207480,2026-08-10 12:45:00,2026-08-10 14:45:00,DK1,54.423824,7.28,2026-08-30 08:43:34.908991
372211329857559,2026-08-10 12:30:00,2026-08-10 14:30:00,DK1,59.656883,7.98,2026-08-30 08:43:34.908991
364189244346717,2026-08-10 12:15:00,2026-08-10 14:15:00,DK1,53.601486,7.17,2026-08-30 08:43:34.908991
253532505195036,2026-08-10 09:30:00,2026-08-10 11:30:00,DK1,532.94977,71.29,2026-08-30 08:43:34.908991
650496691893034,2026-08-10 09:00:00,2026-08-10 11:00:00,DK1,739.9547,98.98,2026-08-30 08:43:34.908991
255195285921108,2026-08-10 06:30:00,2026-08-10 08:30:00,DK1,1159.347,155.08,2026-08-30 08:43:34.908991
916446539150679,2026-08-10 05:15:00,2026-08-10 07:15:00,DK1,1270.886,170.0,2026-08-30 08:43:34.908991
224584262326412,2026-08-10 04:45:00,2026-08-10 06:45:00,DK1,1234.404,165.12,2026-08-30 08:43:34.908991
287996620646707,2026-08-10 02:15:00,2026-08-10 04:15:00,DK1,950.4732,127.14,2026-08-30 08:43:34.908991
111313860554354,2026-08-10 00:45:00,2026-08-10 02:45:00,DK1,948.08093,126.82,2026-08-30 08:43:34.908991
468054761820541,2026-08-10 00:15:00,2026-08-10 02:15:00,DK1,992.86096,132.81,2026-08-30 08:43:34.908991
557768127704648,2026-08-10 00:00:00,2026-08-10 02:00:00,DK1,1010.65344,135.19,2026-08-30 08:43:34.908991
162966018481875,2026-08-09 22:00:00,2026-08-10 00:00:00,DK1,1149.2548,153.73,2026-08-30 08:43:34.908991
583546280799086,2026-08-09 21:15:00,2026-08-09 23:15:00,DK1,1181.5933,158.06,2026-08-30 08:43:34.908991
969238795885070,2026-08-09 20:45:00,2026-08-09 22:45:00,DK1,1225.6995,163.96,2026-08-30 08:43:34.908991
807264064172940,2026-08-09 20:30:00,2026-08-09 22:30:00,DK1,1277.5052,170.89,2026-08-30 08:43:34.908991
811008043341823,2026-08-09 19:00:00,2026-08-09 21:00:00,DK1,1309.9493,175.23,2026-08-30 08:43:34.908991
814227817876910,2026-08-09 18:45:00,2026-08-09 20:45:00,DK1,1322.8074,176.95,2026-08-30 08:43:34.908991
785323043469598,2026-08-09 18:30:00,2026-08-09 20:30:00,DK1,1332.8247,178.29,2026-08-30 08:43:34.908991
794617151468271,2026-08-09 18:15:00,2026-08-09 20:15:00,DK1,1317.4998,176.24,2026-08-30 08:43:34.908991
439841996758365,2026-08-09 17:30:00,2026-08-09 19:30:00,DK1,1276.8325,170.8,2026-08-30 08:43:34.908991
34163153948679,2026-08-09 16:15:00,2026-08-09 18:15:00,DK1,1121.2653,149.99,2026-08-30 08:43:34.908991
743513605885334,2026-08-09 15:30:00,2026-08-09 17:30:00,DK1,787.3302,105.32,2026-08-30 08:43:34.908991
162409563034208,2026-08-09 14:00:00,2026-08-09 16:00:00,DK1,-0.074756,-0.01,2026-08-30 08:43:34.908991
246166437332803,2026-08-09 13:30:00,2026-08-09 15:30:00,DK1,-0.074756,-0.01,2026-08-30 08:43:34.908991
207354547496254,2026-08-09 10:15:00,2026-08-09 12:15:00,DK1,0.074756,0.01,2026-08-30 08:43:34.908991
387941915009582,2026-08-09 09:45:00,2026-08-09 11:45:00,DK1,0.523292,0.07,2026-08-30 08:43:34.908991
497897014127023,2026-08-09 09:15:00,2026-08-09 11:15:00,DK1,0.74756,0.1,2026-08-30 08:43:34.908991
477296494299643,2026-08-09 09:00:00,2026-08-09 11:00:00,DK1,0.74756,0.1,2026-08-30 08:43:34.908991
778418872586992,2026-08-09 08:30:00,2026-08-09 10:30:00,DK1,0.74756,0.1,2026-08-30 08:43:34.908991
812083506196790,2026-08-09 08:15:00,2026-08-09 10:15:00,DK1,2.691216,0.36,2026-08-30 08:43:34.908991
506537403590018,2026-08-09 07:45:00,2026-08-09 09:45:00,DK1,6.578528,0.88,2026-08-30 08:43:34.908991
987373811775826,2026-08-09 05:00:00,2026-08-09 07:00:00,DK1,996.27325,133.27,2026-08-30 08:43:34.908991
95021901213005,2026-08-09 04:30:00,2026-08-09 06:30:00,DK1,963.4554,128.88,2026-08-30 08:43:34.908991
187390355294436,2026-08-09 03:00:00,2026-08-09 05:00:00,DK1,1024.0825,136.99,2026-08-30 08:43:34.908991
645074430692294,2026-08-09 01:45:00,2026-08-09 03:45:00,DK1,989.3957,132.35,2026-08-30 08:43:34.908991
974234240046694,2026-08-09 01:15:00,2026-08-09 03:15:00,DK1,1008.23413,134.87,2026-08-30 08:43:34.908991
29063203231264,2026-08-09 01:00:00,2026-08-09 03:00:00,DK1,1009.2807,135.01,2026-08-30 08:43:34.908991
732856435390195,2026-08-08 23:45:00,2026-08-09 01:45:00,DK1,1016.9806,136.04,2026-08-30 08:43:34.908991
762863996810029,2026-08-08 23:15:00,2026-08-09 01:15:00,DK1,1047.4811,140.12,2026-08-30 08:43:34.908991
929916514077555,2026-08-08 20:45:00,2026-08-08 22:45:00,DK1,1194.8999,159.84,2026-08-30 08:43:34.908991
642387455827742,2026-08-08 19:30:00,2026-08-08 21:30:00,DK1,1334.6189,178.53,2026-08-30 08:43:34.908991
92692411706474,2026-08-08 17:00:00,2026-08-08 19:00:00,DK1,1111.0985,148.63,2026-08-30 08:43:34.908991
39106611523423,2026-08-08 16:15:00,2026-08-08 18:15:00,DK1,984.8356,131.74,2026-08-30 08:43:34.908991
618537470970657,2026-08-08 15:30:00,2026-08-08 17:30:00,DK1,783.44293,104.8,2026-08-30 08:43:34.908991
850948332110448,2026-08-08 14:30:00,2026-08-08 16:30:00,DK1,18.913267,2.53,2026-08-30 08:43:34.908991
384049346316102,2026-08-08 13:00:00,2026-08-08 15:00:00,DK1,0.74756,0.1,2026-08-30 08:43:34.908991
244032142171249,2026-08-08 12:45:00,2026-08-08 14:45:00,DK1,4.261092,0.57,2026-08-30 08:43:34.908991
481765052756570,2026-08-08 12:30:00,2026-08-08 14:30:00,DK1,4.036824,0.54,2026-08-30 08:43:34.908991
14326383092551,2026-08-08 09:30:00,2026-08-08 11:30:00,DK1,14.9512,2.0,2026-08-30 08:43:34.908991
385095197710085,2026-08-08 06:30:00,2026-08-08 08:30:00,DK1,797.6465,106.7,2026-08-30 08:43:34.908991
660803623082976,2026-08-08 05:30:00,2026-08-08 07:30:00,DK1,1008.4584,134.9,2026-08-30 08:43:34.908991
715377136908872,2026-08-08 05:15:00,2026-08-08 07:15:00,DK1,1068.039,142.87,2026-08-30 08:43:34.908991
486407337979582,2026-08-08 03:45:00,2026-08-08 05:45:00,DK1,1131.2826,151.33,2026-08-30 08:43:34.908991
876533553784130,2026-08-08 03:30:00,2026-08-08 05:30:00,DK1,1097.3433,146.79,2026-08-30 08:43:34.908991
600736910537085,2026-08-08 03:15:00,2026-08-08 05:15:00,DK1,1051.7422,140.69,2026-08-30 08:43:34.908991
554739718448157,2026-08-08 02:15:00,2026-08-08 04:15:00,DK1,1067.0671,142.74,2026-08-30 08:43:34.908991
464403142578458,2026-08-07 23:45:00,2026-08-08 01:45:00,DK1,1065.3478,142.51,2026-08-30 08:43:34.908991
198554187903567,2026-08-07 23:00:00,2026-08-08 01:00:00,DK1,1160.2131,155.2,2026-08-30 08:43:34.908991
711224738750009,2026-08-07 20:15:00,2026-08-07 22:15:00,DK1,1330.2083,177.94,2026-08-30 08:43:34.908991
325753230786697,2026-08-07 20:00:00,2026-08-07 22:00:00,DK1,1419.6913,189.91,2026-08-30 08:43:34.908991
887460427972801,2026-08-07 19:45:00,2026-08-07 21:45:00,DK1,1340.5994,179.33,2026-08-30 08:43:34.908991
145011253007348,2026-08-07 19:15:00,2026-08-07 21:15:00,DK1,1483.1589,198.4,2026-08-30 08:43:34.908991
518219634778629,2026-08-07 19:00:00,2026-08-07 21:00:00,DK1,1589.2378,212.59,2026-08-30 08:43:34.908991
247331206735458,2026-08-07 17:15:00,2026-08-07 19:15:00,DK1,1259.489,168.48,2026-08-30 08:43:34.908991
792916550000840,2026-08-07 17:00:00,2026-08-07 19:00:00,DK1,1104.7441,147.78,2026-08-30 08:43:34.908991
342116214352714,2026-08-07 15:45:00,2026-08-07 17:45:00,DK1,977.8085,130.8,2026-08-30 08:43:34.908991
603101376830734,2026-08-07 14:45:00,2026-08-07 16:45:00,DK1,783.14386,104.76,2026-08-30 08:43:34.908991
842749195906816,2026-08-07 13:45:00,2026-08-07 15:45:00,DK1,524.2638,70.13,2026-08-30 08:43:34.908991
639189938690271,2026-08-07 13:30:00,2026-08-07 15:30:00,DK1,393.73984,52.67,2026-08-30 08:43:34.908991
331082401954448,2026-08-07 13:15:00,2026-08-07 15:15:00,DK1,276.82147,37.03,2026-08-30 08:43:34.908991
198048033611227,2026-08-07 13:00:00,2026-08-07 15:00:00,DK1,196.60828,26.3,2026-08-30 08:43:34.908991
493929866940172,2026-08-07 12:15:00,2026-08-07 14:15:00,DK1,134.78508,18.03,2026-08-30 08:43:34.908991
690135145967757,2026-08-07 10:00:00,2026-08-07 12:00:00,DK1,321.52554,43.01,2026-08-30 08:43:34.908991
485713221045682,2026-08-07 08:30:00,2026-08-07 10:30:00,DK1,737.01935,98.59,2026-08-30 08:43:34.908991
744872091935231,2026-08-07 08:00:00,2026-08-07 10:00:00,DK1,816.3355,109.2,2026-08-30 08:43:34.908991
517086657921821,2026-08-07 07:30:00,2026-08-07 09:30:00,DK1,852.66693,114.06,2026-08-30 08:43:34.908991
39066384753107,2026-08-07 06:15:00,2026-08-07 08:15:00,DK1,1127.0962,150.77,2026-08-30 08:43:34.908991
400108025925018,2026-08-07 05:00:00,2026-08-07 07:00:00,DK1,1131.7311,151.39,2026-08-30 08:43:34.908991
559098914634113,2026-08-07 04:45:00,2026-08-07 06:45:00,DK1,1091.8114,146.05,2026-08-30 08:43:34.908991
294475045808693,2026-08-07 04:30:00,2026-08-07 06:30:00,DK1,1086.5037,145.34,2026-08-30 08:43:34.908991
42486251615717,2026-08-07 03:45:00,2026-08-07 05:45:00,DK1,1014.21466,135.67,2026-08-30 08:43:34.908991
950334014486496,2026-08-07 03:00:00,2026-08-07 05:00:00,DK1,952.0924,127.36,2026-08-30 08:43:34.908991
115226879289709,2026-08-07 02:45:00,2026-08-07 04:45:00,DK1,943.645,126.23,2026-08-30 08:43:34.908991
759107041322917,2026-08-07 00:45:00,2026-08-07 02:45:00,DK1,952.6905,127.44,2026-08-30 08:43:34.908991
792028189359022,2026-08-07 00:15:00,2026-08-07 02:15:00,DK1,956.95154,128.01,2026-08-30 08:43:34.908991
821192771987775,2026-08-06 23:00:00,2026-08-07 01:00:00,DK1,966.1466,129.24,2026-08-30 08:43:34.908991
831805618112255,2026-08-06 22:00:00,2026-08-07 00:00:00,DK1,984.01324,131.63,2026-08-30 08:43:34.908991
834800494305689,2026-08-06 21:00:00,2026-08-06 23:00:00,DK1,1044.0283,139.66,2026-08-30 08:43:34.908991
755152284011601,2026-08-06 20:30:00,2026-08-06 22:30:00,DK1,1012.0332,135.38,2026-08-30 08:43:34.908991
138918647967517,2026-08-06 20:00:00,2026-08-06 22:00:00,DK1,1060.1754,141.82,2026-08-30 08:43:34.908991
132250650924012,2026-08-06 19:45:00,2026-08-06 21:45:00,DK1,926.5882,123.95,2026-08-30 08:43:34.908991
662311459351994,2026-08-06 19:00:00,2026-08-06 21:00:00,DK1,933.8394,124.92,2026-08-30 08:43:34.908991
96608786317488,2026-08-06 18:45:00,2026-08-06 20:45:00,DK1,972.2635,130.06,2026-08-30 08:43:34.908991
162151456925075,2026-08-06 18:30:00,2026-08-06 20:30:00,DK1,979.36523,131.01,2026-08-30 08:43:34.908991
418713574783008,2026-08-06 18:15:00,2026-08-06 20:15:00,DK1,921.8039,123.31,2026-08-30 08:43:34.908991
505211944833110,2026-08-06 17:45:00,2026-08-06 19:45:00,DK1,871.12,116.53,2026-08-30 08:43:34.908991
158407243304470,2026-08-06 16:45:00,2026-08-06 18:45:00,DK1,809.07336,108.23,2026-08-30 08:43:34.908991
42308475204959,2026-08-06 15:30:00,2026-08-06 17:30:00,DK1,335.20142,44.84,2026-08-30 08:43:34.908991
520444333683101,2026-08-06 15:15:00,2026-08-06 17:15:00,DK1,136.27837,18.23,2026-08-30 08:43:34.908991
596576019411530,2026-08-06 15:00:00,2026-08-06 17:00:00,DK1,18.613995,2.49,2026-08-30 08:43:34.908991
192542251546268,2026-08-06 11:00:00,2026-08-06 13:00:00,DK1,10.16668,1.36,2026-08-30 08:43:34.908991
388866947148767,2026-08-06 10:30:00,2026-08-06 12:30:00,DK1,0.0,0.0,2026-08-30 08:43:34.908991
284947638325350,2026-08-06 09:00:00,2026-08-06 11:00:00,DK1,6.204665,0.83,2026-08-30 08:43:34.908991
590905839887876,2026-08-06 07:00:00,2026-08-06 09:00:00,DK1,924.5698,123.68,2026-08-30 08:43:34.908991
609307960340801,2026-08-06 05:45:00,2026-08-06 07:45:00,DK1,950.5098,127.15,2026-08-30 08:43:34.908991
555527166342696,2026-08-06 05:15:00,2026-08-06 07:15:00,DK1,935.0356,125.08,2026-08-30 08:43:34.908991
344229642805254,2026-08-06 04:15:00,2026-08-06 06:15:00,DK1,916.0478,122.54,2026-08-30 08:43:34.908991
840439032862114,2026-08-06 03:30:00,2026-08-06 05:30:00,DK1,902.3676,120.71,2026-08-30 08:43:34.908991
688854386288682,2026-08-06 03:15:00,2026-08-06 05:15:00,DK1,902.29285,120.7,2026-08-30 08:43:34.908991
345996025328744,2026-08-06 02:15:00,2026-08-06 04:15:00,DK1,872.09186,116.66,2026-08-30 08:43:34.908991
52240774822031,2026-08-06 01:45:00,2026-08-06 03:45:00,DK1,896.6862,119.95,2026-08-30 08:43:34.908991
76711800070374,2026-08-06 00:00:00,2026-08-06 02:00:00,DK1,967.18024,129.38,2026-08-30 08:43:34.908991
453335676469069,2026-08-05 23:15:00,2026-08-06 01:15:00,DK1,1047.467,140.12,2026-08-30 08:43:34.908991
39916274848164,2026-08-05 22:15:00,2026-08-06 00:15:00,DK1,1084.9193,145.13,2026-08-30 08:43:34.908991
22293450002278,2026-08-05 20:00:00,2026-08-05 22:00:00,DK1,1240.1522,165.9,2026-08-30 08:43:34.908991
332779981627826,2026-08-05 19:00:00,2026-08-05 21:00:00,DK1,1193.3569,159.64,2026-08-30 08:43:34.908991
276124964459213,2026-08-05 17:30:00,2026-08-05 19:30:00,DK1,1196.646,160.08,2026-08-30 08:43:34.908991
615784509909203,2026-08-05 16:30:00,2026-08-05 18:30:00,DK1,957.7354,128.12,2026-08-30 08:43:34.908991
317329166380954,2026-08-05 13:30:00,2026-08-05 15:30:00,DK1,3.961909,0.53,2026-08-30 08:43:34.908991
935532911775755,2026-08-05 12:30:00,2026-08-05 14:30:00,DK1,18.463991,2.47,2026-08-30 08:43:34.908991
409467192058082,2026-08-05 12:15:00,2026-08-05 14:15:00,DK1,18.389238,2.46,2026-08-30 08:43:34.908991
397509192548797,2026-08-05 10:45:00,2026-08-05 12:45:00,DK1,18.613497,2.49,2026-08-30 08:43:34.908991
6136205732745,2026-08-05 10:30:00,2026-08-05 12:30:00,DK1,18.314486,2.45,2026-08-30 08:43:34.908991
636176678194554,2026-08-05 10:00:00,2026-08-05 12:00:00,DK1,24.219973,3.24,2026-08-30 08:43:34.908991
415331229335637,2026-08-05 09:15:00,2026-08-05 11:15:00,DK1,64.81085,8.67,2026-08-30 08:43:34.908991
82467142765185,2026-08-05 08:45:00,2026-08-05 10:45:00,DK1,136.9475,18.32,2026-08-30 08:43:34.908991
293577689650681,2026-08-05 08:30:00,2026-08-05 10:30:00,DK1,410.69296,54.94,2026-08-30 08:43:34.908991
717787851139460,2026-08-05 08:15:00,2026-08-05 10:15:00,DK1,640.70795,85.71,2026-08-30 08:43:34.908991
299874972123731,2026-08-05 07:00:00,2026-08-05 09:00:00,DK1,1084.5912,145.09,2026-08-30 08:43:34.908991
715822106153030,2026-08-05 06:30:00,2026-08-05 08:30:00,DK1,984.7961,131.74,2026-08-30 08:43:34.908991
903341246809519,2026-08-05 05:15:00,2026-08-05 07:15:00,DK1,1169.4359,156.44,2026-08-30 08:43:34.908991
691715229909800,2026-08-05 04:45:00,2026-08-05 06:45:00,DK1,1033.5349,138.26,2026-08-30 08:43:34.908991
242267179731252,2026-08-05 04:15:00,2026-08-05 06:15:00,DK1,1042.0568,139.4,2026-08-30 08:43:34.908991
233917282712734,2026-08-05 02:15:00,2026-08-05 04:15:00,DK1,1024.1908,137.01,2026-08-30 08:43:34.908991
805137238928506,2026-08-05 00:45:00,2026-08-05 02:45:00,DK1,1079.0596,144.35,2026-08-30 08:43:34.908991
895124686990591,2026-08-04 19:45:00,2026-08-04 21:45:00,DK1,1425.0355,190.63,2026-08-30 08:43:34.908991
19477309312008,2026-08-04 19:30:00,2026-08-04 21:30:00,DK1,1537.6897,205.7,2026-08-30 08:43:34.908991
327660882255649,2026-08-04 18:15:00,2026-08-04 20:15:00,DK1,1843.3589,246.59,2026-08-30 08:43:34.908991
956657156302003,2026-08-04 18:00:00,2026-08-04 20:00:00,DK1,1744.4594,233.36,2026-08-30 08:43:34.908991
522606376934629,2026-08-04 17:15:00,2026-08-04 19:15:00,DK1,1492.8374,199.7,2026-08-30 08:43:34.908991
530149004533759,2026-08-04 16:45:00,2026-08-04 18:45:00,DK1,1448.2092,193.73,2026-08-30 08:43:34.908991
482267708602709,2026-08-04 15:45:00,2026-08-04 17:45:00,DK1,1215.4253,162.59,2026-08-30 08:43:34.908991
886950127478124,2026-08-04 14:45:00,2026-08-04 16:45:00,DK1,1053.9567,140.99,2026-08-30 08:43:34.908991
148717573053392,2026-08-04 14:30:00,2026-08-04 16:30:00,DK1,918.57715,122.88,2026-08-30 08:43:34.908991
279114585674008,2026-08-04 14:15:00,2026-08-04 16:15:00,DK1,912.29785,122.04,2026-08-30 08:43:34.908991
53850354968007,2026-08-04 14:00:00,2026-08-04 16:00:00,DK1,881.1254,117.87,2026-08-30 08:43:34.908991
974168421380699,2026-08-04 13:45:00,2026-08-04 15:45:00,DK1,909.2329,121.63,2026-08-30 08:43:34.908991
9406112819775,2026-08-04 13:15:00,2026-08-04 15:15:00,DK1,754.8659,100.98,2026-08-30 08:43:34.908991
522453529516524,2026-08-04 13:00:00,2026-08-04 15:00:00,DK1,717.4889,95.98,2026-08-30 08:43:34.908991
47163634306940,2026-08-04 11:30:00,2026-08-04 13:30:00,DK1,540.7704,72.34,2026-08-30 08:43:34.908991
801740206038929,2026-08-04 11:15:00,2026-08-04 13:15:00,DK1,602.44244,80.59,2026-08-30 08:43:34.908991
255540806485750,2026-08-04 11:00:00,2026-08-04 13:00:00,DK1,612.609,81.95,2026-08-30 08:43:34.908991
551265998182859,2026-08-04 10:45:00,2026-08-04 12:45:00,DK1,624.5697,83.55,2026-08-30 08:43:34.908991
776154815171228,2026-08-04 10:15:00,2026-08-04 12:15:00,DK1,640.6418,85.7,2026-08-30 08:43:34.908991
650003227178681,2026-08-04 09:45:00,2026-08-04 11:45:00,DK1,718.9092,96.17,2026-08-30 08:43:34.908991
916759386933664,2026-08-04 09:00:00,2026-08-04 11:00:00,DK1,849.7287,113.67,2026-08-30 08:43:34.908991
485130135119154,2026-08-04 07:45:00,2026-08-04 09:45:00,DK1,906.24274,121.23,2026-08-30 08:43:34.908991
335294913020652,2026-08-04 07:15:00,2026-08-04 09:15:00,DK1,1170.6477,156.6,2026-08-30 08:43:34.908991
693068989153436,2026-08-04 05:45:00,2026-08-04 07:45:00,DK1,1157.0424,154.78,2026-08-30 08:43:34.908991
67310235638720,2026-08-04 05:15:00,2026-08-04 07:15:00,DK1,1288.0862,172.31,2026-08-30 08:43:34.908991
221642989851368,2026-08-04 04:15:00,2026-08-04 06:15:00,DK1,1274.1819,170.45,2026-08-30 08:43:34.908991
327410418662463,2026-08-04 03:15:00,2026-08-04 05:15:00,DK1,1131.1776,151.32,2026-08-30 08:43:34.908991
434624777907508,2026-08-04 02:15:00,2026-08-04 04:15:00,DK1,1039.8281,139.1,2026-08-30 08:43:34.908991
350658759473487,2026-08-04 01:45:00,2026-08-04 03:45:00,DK1,1039.0059,138.99,2026-08-30 08:43:34.908991
565991951226411,2026-08-04 01:15:00,2026-08-04 03:15:00,DK1,1009.5528,135.05,2026-08-30 08:43:34.908991
140042922772574,2026-08-04 00:30:00,2026-08-04 02:30:00,DK1,1033.8479,138.3,2026-08-30 08:43:34.908991
993636543803411,2026-08-03 23:30:00,2026-08-04 01:30:00,DK1,1069.0569,143.01,2026-08-30 08:43:34.908991
814752364336279,2026-08-03 21:45:00,2026-08-03 23:45:00,DK1,1086.1777,145.31,2026-08-30 08:43:34.908991
981386037558084,2026-08-03 21:30:00,2026-08-03 23:30:00,DK1,1157.264,154.82,2026-08-30 08:43:34.908991
289798452565592,2026-08-03 19:00:00,2026-08-03 21:00:00,DK1,1480.0302,198.0,2026-08-30 08:43:34.908991
347308177407774,2026-08-03 18:45:00,2026-08-03 20:45:00,DK1,1501.7074,200.9,2026-08-30 08:43:34.908991
410822572127781,2026-08-03 18:00:00,2026-08-03 20:00:00,DK1,1587.6687,212.4,2026-08-30 08:43:34.908991
32099171827675,2026-08-03 16:15:00,2026-08-03 18:15:00,DK1,1175.7269,157.29,2026-08-30 08:43:34.908991
294913242699088,2026-08-03 14:45:00,2026-08-03 16:45:00,DK1,893.69904,119.56,2026-08-30 08:43:34.908991
623618658064551,2026-08-03 14:30:00,2026-08-03 16:30:00,DK1,792.3394,106.0,2026-08-30 08:43:34.908991
609078472369442,2026-08-03 14:15:00,2026-08-03 16:15:00,DK1,718.86115,96.17,2026-08-30 08:43:34.908991
698831030193363,2026-08-03 13:15:00,2026-08-03 15:15:00,DK1,430.629,57.61,2026-08-30 08:43:34.908991
156072669728223,2026-08-03 11:30:00,2026-08-03 13:30:00,DK1,84.98962,11.37,2026-08-30 08:43:34.908991
696467490348443,2026-08-03 10:00:00,2026-08-03 12:00:00,DK1,273.28235,36.56,2026-08-30 08:43:34.908991
514021024281243,2026-08-03 09:15:00,2026-08-03 11:15:00,DK1,522.49554,69.9,2026-08-30 08:43:34.908991
462370494312934,2026-08-03 07:45:00,2026-08-03 09:45:00,DK1,873.9653,116.92,2026-08-30 08:43:34.908991
37675164130138,2026-08-03 07:00:00,2026-08-03 09:00:00,DK1,1219.231,163.11,2026-08-30 08:43:34.908991
898576259180260,2026-08-03 06:00:00,2026-08-03 08:00:00,DK1,1250.3265,167.27,2026-08-30 08:43:34.908991
918435004417925,2026-08-03 05:00:00,2026-08-03 07:00:00,DK1,1293.7557,173.08,2026-08-30 08:43:34.908991
600039346282836,2026-08-03 03:30:00,2026-08-03 05:30:00,DK1,1071.2279,143.31,2026-08-30 08:43:34.908991
249717959607446,2026-08-03 03:00:00,2026-08-03 05:00:00,DK1,1026.9019,137.38,2026-08-30 08:43:34.908991
557087440294283,2026-08-03 02:45:00,2026-08-03 04:45:00,DK1,1020.9966,136.59,2026-08-30 08:43:34.908991
671300074589473,2026-08-03 02:30:00,2026-08-03 04:30:00,DK1,992.29297,132.75,2026-08-30 08:43:34.908991
221024747523085,2026-08-03 02:15:00,2026-08-03 04:15:00,DK1,974.9512,130.43,2026-08-30 08:43:34.908991
163771066545329,2026-08-03 01:30:00,2026-08-03 03:30:00,DK1,964.3368,129.01,2026-08-30 08:43:34.908991
389341852682309,2026-08-03 01:15:00,2026-08-03 03:15:00,DK1,957.9084,128.15,2026-08-30 08:43:34.908991
170631972550711,2026-08-02 21:00:00,2026-08-02 23:00:00,DK1,1185.1182,158.54,2026-08-30 08:43:34.908991
261746689435783,2026-08-02 19:30:00,2026-08-02 21:30:00,DK1,1298.3676,173.69,2026-08-30 08:43:34.908991
850626420776626,2026-08-02 18:00:00,2026-08-02 20:00:00,DK1,1362.729,182.3,2026-08-30 08:43:34.908991
494867779504842,2026-08-02 17:30:00,2026-08-02 19:30:00,DK1,1369.6062,183.22,2026-08-30 08:43:34.908991
929478264009927,2026-08-02 15:45:00,2026-08-02 17:45:00,DK1,958.47015,128.22,2026-08-30 08:43:34.908991
2990662679713,2026-08-02 14:15:00,2026-08-02 16:15:00,DK1,29.9008,4.0,2026-08-30 08:43:34.908991
517110651521073,2026-08-02 14:00:00,2026-08-02 16:00:00,DK1,24.967169,3.34,2026-08-30 08:43:34.908991
40216353713265,2026-08-02 13:30:00,2026-08-02 15:30:00,DK1,29.826048,3.99,2026-08-30 08:43:34.908991
92523692424896,2026-08-02 13:00:00,2026-08-02 15:00:00,DK1,18.688,2.5,2026-08-30 08:43:34.908991
282938133185382,2026-08-02 12:00:00,2026-08-02 14:00:00,DK1,14.9504,2.0,2026-08-30 08:43:34.908991
551889595471955,2026-08-02 11:00:00,2026-08-02 13:00:00,DK1,17.865728,2.39,2026-08-30 08:43:34.908991
390883677027563,2026-08-02 10:15:00,2026-08-02 12:15:00,DK1,14.9504,2.0,2026-08-30 08:43:34.908991
286180262190011,2026-08-02 09:15:00,2026-08-02 11:15:00,DK1,0.0,0.0,2026-08-30 08:43:34.908991
294737546493047,2026-08-02 06:30:00,2026-08-02 08:30:00,DK1,840.4367,112.43,2026-08-30 08:43:34.908991
405156441701060,2026-08-02 06:00:00,2026-08-02 08:00:00,DK1,1141.7621,152.74,2026-08-30 08:43:34.908991
909583621292203,2026-08-02 04:30:00,2026-08-02 06:30:00,DK1,1130.3251,151.21,2026-08-30 08:43:34.908991
749307561910788,2026-08-02 04:00:00,2026-08-02 06:00:00,DK1,1202.4607,160.86,2026-08-30 08:43:34.908991
109338274765396,2026-08-02 02:30:00,2026-08-02 04:30:00,DK1,1140.6407,152.59,2026-08-30 08:43:34.908991
433480445977566,2026-08-02 00:30:00,2026-08-02 02:30:00,DK1,1175.9237,157.31,2026-08-30 08:43:34.908991
822291264806249,2026-08-02 00:00:00,2026-08-02 02:00:00,DK1,1185.6415,158.61,2026-08-30 08:43:34.908991
824864075546261,2026-08-01 23:15:00,2026-08-02 01:15:00,DK1,1172.1862,156.81,2026-08-30 08:43:34.908991
32825304149507,2026-08-01 22:30:00,2026-08-02 00:30:00,DK1,1204.2548,161.1,2026-08-30 08:43:34.908991
554771374153064,2026-08-01 22:15:00,2026-08-02 00:15:00,DK1,1277.3622,170.88,2026-08-30 08:43:34.908991
49635388758271,2026-08-01 22:00:00,2026-08-02 00:00:00,DK1,1406.6831,188.18,2026-08-30 08:43:34.908991
639178658349924,2026-08-01 20:00:00,2026-08-01 22:00:00,DK1,1421.783,190.2,2026-08-30 08:43:34.908991
887577113456373,2026-08-01 17:45:00,2026-08-01 19:45:00,DK1,1397.0402,186.89,2026-08-30 08:43:34.908991
262828198094364,2026-08-01 16:30:00,2026-08-01 18:30:00,DK1,1173.158,156.94,2026-08-30 08:43:34.908991
866188921039468,2026-08-01 16:00:00,2026-08-01 18:00:00,DK1,881.92413,117.98,2026-08-30 08:43:34.908991
970697365776043,2026-08-01 14:30:00,2026-08-01 16:30:00,DK1,459.8743,61.52,2026-08-30 08:43:34.908991
396958408280279,2026-08-01 13:45:00,2026-08-01 15:45:00,DK1,70.56589,9.44,2026-08-30 08:43:34.908991
858370009556937,2026-08-01 13:30:00,2026-08-01 15:30:00,DK1,30.797825,4.12,2026-08-30 08:43:34.908991
467662707023827,2026-08-01 11:30:00,2026-08-01 13:30:00,DK1,34.83443,4.66,2026-08-30 08:43:34.908991
885297118636971,2026-08-01 11:15:00,2026-08-01 13:15:00,DK1,36.553726,4.89,2026-08-30 08:43:34.908991
999328589924690,2026-08-01 11:00:00,2026-08-01 13:00:00,DK1,44.552193,5.96,2026-08-30 08:43:34.908991
843039495436399,2026-08-01 10:45:00,2026-08-01 12:45:00,DK1,29.9008,4.0,2026-08-30 08:43:34.908991
571421222859370,2026-08-01 10:15:00,2026-08-01 12:15:00,DK1,140.23476,18.76,2026-08-30 08:43:34.908991
286418050343828,2026-08-01 09:45:00,2026-08-01 11:45:00,DK1,188.97307,25.28,2026-08-30 08:43:34.908991
12305632731134,2026-08-01 09:30:00,2026-08-01 11:30:00,DK1,364.86453,48.81,2026-08-30 08:43:34.908991
744187024381626,2026-08-01 08:45:00,2026-08-01 10:45:00,DK1,580.15027,77.61,2026-08-30 08:43:34.908991
75579801983487,2026-08-01 07:45:00,2026-08-01 09:45:00,DK1,794.1652,106.24,2026-08-30 08:43:34.908991
146763805896478,2026-08-01 07:15:00,2026-08-01 09:15:00,DK1,914.5907,122.35,2026-08-30 08:43:34.908991
326290858025913,2026-08-01 05:45:00,2026-08-01 07:45:00,DK1,1001.6768,134.0,2026-08-30 08:43:34.908991
220937123970220,2026-08-01 05:15:00,2026-08-01 07:15:00,DK1,1098.8544,147.0,2026-08-30 08:43:34.908991
486866384259911,2026-08-01 04:45:00,2026-08-01 06:45:00,DK1,1119.785,149.8,2026-08-30 08:43:34.908991
541541385957971,2026-08-01 02:45:00,2026-08-01 04:45:00,DK1,1129.8018,151.14,2026-08-30 08:43:34.908991
615300112016044,2026-08-01 00:00:00,2026-08-01 02:00:00,DK1,1200.4424,160.59,2026-08-30 08:43:34.908991
376342354129270,2026-07-31 23:30:00,2026-08-01 01:30:00,DK1,1177.7178,157.55,2026-08-30 08:43:34.908991
907639435636429,2026-07-31 23:00:00,2026-08-01 01:00:00,DK1,1264.43,169.15,2026-08-30 08:43:34.908991
930709408303563,2026-07-31 22:45:00,2026-08-01 00:45:00,DK1,1163.3654,155.63,2026-08-30 08:43:34.908991
442724055059840,2026-07-31 21:30:00,2026-07-31 23:30:00,DK1,1251.0494,167.36,2026-08-30 08:43:34.908991
918543086701706,2026-07-31 20:00:00,2026-07-31 22:00:00,DK1,1527.9308,204.4,2026-08-30 08:43:34.908991
664024911864116,2026-07-31 18:15:00,2026-07-31 20:15:00,DK1,1443.6106,193.12,2026-08-30 08:43:34.908991
355400886095331,2026-07-31 17:45:00,2026-07-31 19:45:00,DK1,1547.8898,207.07,2026-08-30 08:43:34.908991
530631317924027,2026-07-31 17:30:00,2026-07-31 19:30:00,DK1,1462.3734,195.63,2026-08-30 08:43:34.908991
181503279880983,2026-07-31 17:15:00,2026-07-31 19:15:00,DK1,1347.2552,180.23,2026-08-30 08:43:34.908991
791238516089010,2026-07-31 16:45:00,2026-07-31 18:45:00,DK1,1345.3118,179.97,2026-08-30 08:43:34.908991
299032087120071,2026-07-31 16:15:00,2026-07-31 18:15:00,DK1,1194.9108,159.85,2026-08-30 08:43:34.908991
149934522029336,2026-07-31 15:45:00,2026-07-31 17:45:00,DK1,1208.0671,161.61,2026-08-30 08:43:34.908991
334794411584357,2026-07-31 13:30:00,2026-07-31 15:30:00,DK1,769.9456,103.0,2026-08-30 08:43:34.908991
897346385057406,2026-07-31 12:30:00,2026-07-31 14:30:00,DK1,656.3973,87.81,2026-08-30 08:43:34.908991
881091852281566,2026-07-31 12:00:00,2026-07-31 14:00:00,DK1,601.0061,80.4,2026-08-30 08:43:34.908991
776473163519006,2026-07-31 11:45:00,2026-07-31 13:45:00,DK1,608.1075,81.35,2026-08-30 08:43:34.908991
841815308988316,2026-07-31 11:30:00,2026-07-31 13:30:00,DK1,614.8352,82.25,2026-08-30 08:43:34.908991
267419194166283,2026-07-31 11:15:00,2026-07-31 13:15:00,DK1,631.3554,84.46,2026-08-30 08:43:34.908991
439439345731674,2026-07-31 11:00:00,2026-07-31 13:00:00,DK1,635.4668,85.01,2026-08-30 08:43:34.908991
927278677145622,2026-07-31 10:15:00,2026-07-31 12:15:00,DK1,715.67566,95.74,2026-08-30 08:43:34.908991
445960165765947,2026-07-31 09:45:00,2026-07-31 11:45:00,DK1,696.09064,93.12,2026-08-30 08:43:34.908991
925673161233701,2026-07-31 09:15:00,2026-07-31 11:15:00,DK1,751.4071,100.52,2026-08-30 08:43:34.908991
580309060701539,2026-07-31 03:45:00,2026-07-31 05:45:00,DK1,1279.1561,171.12,2026-08-30 08:43:34.908991
461029527753984,2026-07-31 03:15:00,2026-07-31 05:15:00,DK1,1175.5499,157.26,2026-08-30 08:43:34.908991
379208713680871,2026-07-31 01:30:00,2026-07-31 03:30:00,DK1,1146.3967,153.36,2026-08-30 08:43:34.908991
734465075534232,2026-07-31 01:00:00,2026-07-31 03:00:00,DK1,1144.8268,153.15,2026-08-30 08:43:34.908991
96095603539324,2026-07-31 00:30:00,2026-07-31 02:30:00,DK1,1149.611,153.79,2026-08-30 08:43:34.908991
275377783684938,2026-07-31 00:00:00,2026-07-31 02:00:00,DK1,1174.7277,157.15,2026-08-30 08:43:34.908991
251678576108163,2026-07-30 23:45:00,2026-07-31 01:45:00,DK1,1151.4797,154.04,2026-08-30 08:43:34.908991
238808675874877,2026-07-30 23:30:00,2026-07-31 01:30:00,DK1,1178.1663,157.61,2026-08-30 08:43:34.908991
96748993288969,2026-07-30 21:00:00,2026-07-30 23:00:00,DK1,1355.1245,181.29,2026-08-30 08:43:34.908991
335430891967382,2026-07-30 19:00:00,2026-07-30 21:00:00,DK1,1623.623,217.21,2026-08-30 08:43:34.908991
753537026775656,2026-07-30 18:45:00,2026-07-30 20:45:00,DK1,1635.6577,218.82,2026-08-30 08:43:34.908991
334835205954569,2026-07-30 18:30:00,2026-07-30 20:30:00,DK1,1491.2426,199.5,2026-08-30 08:43:34.908991
472169170290989,2026-07-30 18:00:00,2026-07-30 20:00:00,DK1,1375.5311,184.02,2026-08-30 08:43:34.908991
695860712332467,2026-07-30 17:45:00,2026-07-30 19:45:00,DK1,1438.694,192.47,2026-08-30 08:43:34.908991
384080580301151,2026-07-30 15:15:00,2026-07-30 17:15:00,DK1,861.48224,115.25,2026-08-30 08:43:34.908991
980495702990793,2026-07-30 11:30:00,2026-07-30 13:30:00,DK1,34.30979,4.59,2026-08-30 08:43:34.908991
267577338978936,2026-07-30 10:30:00,2026-07-30 12:30:00,DK1,34.45929,4.61,2026-08-30 08:43:34.908991
418868280464456,2026-07-30 09:45:00,2026-07-30 11:45:00,DK1,96.42621,12.9,2026-08-30 08:43:34.908991
553605910663710,2026-07-30 09:30:00,2026-07-30 11:30:00,DK1,154.50618,20.67,2026-08-30 08:43:34.908991
292517185209471,2026-07-30 08:15:00,2026-07-30 10:15:00,DK1,699.94965,93.64,2026-08-30 08:43:34.908991
281470223679211,2026-07-30 05:45:00,2026-07-30 07:45:00,DK1,945.87384,126.54,2026-08-30 08:43:34.908991
589089448565632,2026-07-30 04:30:00,2026-07-30 06:30:00,DK1,1120.338,149.88,2026-08-30 08:43:34.908991
939223343972973,2026-07-30 03:30:00,2026-07-30 05:30:00,DK1,1033.1807,138.22,2026-08-30 08:43:34.908991
329464368979655,2026-07-30 03:00:00,2026-07-30 05:00:00,DK1,990.34955,132.49,2026-08-30 08:43:34.908991
75001132270459,2026-07-30 00:15:00,2026-07-30 02:15:00,DK1,1066.145,142.63,2026-08-30 08:43:34.908991
271934577540019,2026-07-29 22:15:00,2026-07-30 00:15:00,DK1,1136.1848,152.0,2026-08-30 08:43:34.908991
687549408498676,2026-07-29 21:00:00,2026-07-29 23:00:00,DK1,1336.7185,178.83,2026-08-30 08:43:34.908991
67339000544564,2026-07-29 18:15:00,2026-07-29 20:15:00,DK1,1971.3291,263.73,2026-08-30 08:43:34.908991
371384566488123,2026-07-29 17:45:00,2026-07-29 19:45:00,DK1,2608.3315,348.95,2026-08-30 08:43:34.908991
395545661735525,2026-07-29 16:30:00,2026-07-29 18:30:00,DK1,1264.8109,169.21,2026-08-30 08:43:34.908991
894796984648225,2026-07-29 16:15:00,2026-07-29 18:15:00,DK1,1113.4463,148.96,2026-08-30 08:43:34.908991
832210328689125,2026-07-29 11:15:00,2026-07-29 13:15:00,DK1,15.398088,2.06,2026-08-30 08:43:34.908991
514752383433699,2026-07-29 11:00:00,2026-07-29 13:00:00,DK1,15.472836,2.07,2026-08-30 08:43:34.908991
191418034170653,2026-07-29 09:15:00,2026-07-29 11:15:00,DK1,245.17343,32.8,2026-08-30 08:43:34.908991
89917577419141,2026-07-29 09:00:00,2026-07-29 11:00:00,DK1,465.1568,62.23,2026-08-30 08:43:34.908991
275306688583888,2026-07-29 06:45:00,2026-07-29 08:45:00,DK1,914.1681,122.3,2026-08-30 08:43:34.908991
983693923298445,2026-07-29 06:00:00,2026-07-29 08:00:00,DK1,1244.8531,166.54,2026-08-30 08:43:34.908991
330777996479641,2026-07-29 05:45:00,2026-07-29 07:45:00,DK1,1055.2175,141.17,2026-08-30 08:43:34.908991
959660030024660,2026-07-29 03:45:00,2026-07-29 05:45:00,DK1,1209.8711,161.86,2026-08-30 08:43:34.908991
118395529234748,2026-07-29 03:30:00,2026-07-29 05:30:00,DK1,1121.5189,150.04,2026-08-30 08:43:34.908991
753249662138173,2026-07-29 00:30:00,2026-07-29 02:30:00,DK1,1004.1646,134.34,2026-08-30 08:43:34.908991
472236627836835,2026-07-28 21:30:00,2026-07-28 23:30:00,DK1,1240.5094,165.95,2026-08-30 08:43:34.908991
351940574253859,2026-07-28 20:15:00,2026-07-28 22:15:00,DK1,1473.0629,197.06,2026-08-30 08:43:34.908991
535408272214815,2026-07-28 20:00:00,2026-07-28 22:00:00,DK1,1575.6974,210.79,2026-08-30 08:43:34.908991
183077801959324,2026-07-28 19:15:00,2026-07-28 21:15:00,DK1,1599.02,213.91,2026-08-30 08:43:34.908991
514436551014124,2026-07-28 19:00:00,2026-07-28 21:00:00,DK1,1644.4692,219.99,2026-08-30 08:43:34.908991
244623600890875,2026-07-28 18:15:00,2026-07-28 20:15:00,DK1,1545.6471,206.77,2026-08-30 08:43:34.908991
186944222074855,2026-07-28 17:15:00,2026-07-28 19:15:00,DK1,1379.922,184.6,2026-08-30 08:43:34.908991
933828749676702,2026-07-28 17:00:00,2026-07-28 19:00:00,DK1,1284.0898,171.78,2026-08-30 08:43:34.908991
771672032343465,2026-07-28 16:30:00,2026-07-28 18:30:00,DK1,1236.6223,165.43,2026-08-30 08:43:34.908991
110605345309800,2026-07-28 16:00:00,2026-07-28 18:00:00,DK1,926.7753,123.98,2026-08-30 08:43:34.908991
365853618959977,2026-07-28 15:00:00,2026-07-28 17:00:00,DK1,449.55853,60.14,2026-08-30 08:43:34.908991
193603343984488,2026-07-28 14:15:00,2026-07-28 16:15:00,DK1,117.36064,15.7,2026-08-30 08:43:34.908991
765287085270600,2026-07-28 13:45:00,2026-07-28 15:45:00,DK1,71.76192,9.6,2026-08-30 08:43:34.908991
710097767876574,2026-07-28 13:00:00,2026-07-28 15:00:00,DK1,1.719296,0.23,2026-08-30 08:43:34.908991
102777841164112,2026-07-28 12:45:00,2026-07-28 14:45:00,DK1,9.418752,1.26,2026-08-30 08:43:34.908991
601124418987014,2026-07-28 11:45:00,2026-07-28 13:45:00,DK1,9.643008,1.29,2026-08-30 08:43:34.908991
358116455721387,2026-07-28 11:15:00,2026-07-28 13:15:00,DK1,9.194496,1.23,2026-08-30 08:43:34.908991
448122606075364,2026-07-28 09:00:00,2026-07-28 11:00:00,DK1,53.597183,7.17,2026-08-30 08:43:34.908991
142875985895177,2026-07-28 08:30:00,2026-07-28 10:30:00,DK1,123.1913,16.48,2026-08-30 08:43:34.908991
791439708744853,2026-07-28 08:15:00,2026-07-28 10:15:00,DK1,341.46713,45.68,2026-08-30 08:43:34.908991
812810387289376,2026-07-28 07:15:00,2026-07-28 09:15:00,DK1,885.36273,118.44,2026-08-30 08:43:34.908991
653116365477012,2026-07-28 05:00:00,2026-07-28 07:00:00,DK1,1124.9429,150.49,2026-08-30 08:43:34.908991
635133870434655,2026-07-28 04:30:00,2026-07-28 06:30:00,DK1,1193.7894,159.7,2026-08-30 08:43:34.908991
168471398362166,2026-07-28 02:15:00,2026-07-28 04:15:00,DK1,1003.1718,134.2,2026-08-30 08:43:34.908991
101687950341101,2026-07-28 01:30:00,2026-07-28 03:30:00,DK1,1002.0506,134.05,2026-08-30 08:43:34.908991
208285621264297,2026-07-28 00:45:00,2026-07-28 02:45:00,DK1,1027.0177,137.39,2026-08-30 08:43:34.908991
137386061967129,2026-07-28 00:15:00,2026-07-28 02:15:00,DK1,1052.5082,140.8,2026-08-30 08:43:34.908991
203317792420469,2026-07-27 23:30:00,2026-07-28 01:30:00,DK1,1082.4089,144.8,2026-08-30 08:43:34.908991
198626153090835,2026-07-27 22:00:00,2026-07-28 00:00:00,DK1,1273.1761,170.32,2026-08-30 08:43:34.908991
297151637227932,2026-07-27 19:45:00,2026-07-27 21:45:00,DK1,1104.9093,147.81,2026-08-30 08:43:34.908991
363531961927422,2026-07-27 19:30:00,2026-07-27 21:30:00,DK1,1066.711,142.7,2026-08-30 08:43:34.908991
145485397763981,2026-07-27 18:30:00,2026-07-27 20:30:00,DK1,1022.08405,136.73,2026-08-30 08:43:34.908991
806033879921262,2026-07-27 16:45:00,2026-07-27 18:45:00,DK1,870.7113,116.48,2026-08-30 08:43:34.908991
958706032736149,2026-07-27 16:30:00,2026-07-27 18:30:00,DK1,807.1721,107.98,2026-08-30 08:43:34.908991
975374303726878,2026-07-27 15:45:00,2026-07-27 17:45:00,DK1,329.43207,44.07,2026-08-30 08:43:34.908991
902320182621300,2026-07-27 14:30:00,2026-07-27 16:30:00,DK1,0.672768,0.09,2026-08-30 08:43:34.908991
527338636944763,2026-07-27 14:15:00,2026-07-27 16:15:00,DK1,0.0,0.0,2026-08-30 08:43:34.908991
644318553975055,2026-07-27 14:00:00,2026-07-27 16:00:00,DK1,-0.074752,-0.01,2026-08-30 08:43:34.908991
671221746790376,2026-07-27 13:45:00,2026-07-27 15:45:00,DK1,0.0,0.0,2026-08-30 08:43:34.908991
101019676804030,2026-07-27 13:15:00,2026-07-27 15:15:00,DK1,-0.37376,-0.05,2026-08-30 08:43:34.908991
623386956150281,2026-07-27 12:15:00,2026-07-27 14:15:00,DK1,-0.074752,-0.01,2026-08-30 08:43:34.908991
336419850281725,2026-07-27 12:00:00,2026-07-27 14:00:00,DK1,-0.074752,-0.01,2026-08-30 08:43:34.908991
386627784537024,2026-07-27 11:30:00,2026-07-27 13:30:00,DK1,7.325696,0.98,2026-08-30 08:43:34.908991
132681228767631,2026-07-27 11:15:00,2026-07-27 13:15:00,DK1,10.016768,1.34,2026-08-30 08:43:34.908991
217290650538582,2026-07-27 11:00:00,2026-07-27 13:00:00,DK1,10.09152,1.35,2026-08-30 08:43:34.908991
513810424245750,2026-07-27 07:30:00,2026-07-27 09:30:00,DK1,539.7094,72.2,2026-08-30 08:43:34.908991
510606203038266,2026-07-27 06:00:00,2026-07-27 08:00:00,DK1,855.5366,114.45,2026-08-30 08:43:34.908991
713375684013015,2026-07-27 05:30:00,2026-07-27 07:30:00,DK1,875.2711,117.09,2026-08-30 08:43:34.908991
296126878690371,2026-07-27 02:30:00,2026-07-27 04:30:00,DK1,490.14886,65.57,2026-08-30 08:43:34.908991
57180558900719,2026-07-27 02:00:00,2026-07-27 04:00:00,DK1,491.0459,65.69,2026-08-30 08:43:34.908991
956882578580700,2026-07-27 01:45:00,2026-07-27 03:45:00,DK1,448.512,60.0,2026-08-30 08:43:34.908991
659585746611954,2026-07-27 00:00:00,2026-07-27 02:00:00,DK1,451.20306,60.36,2026-08-30 08:43:34.908991
902567441362659,2026-07-26 23:30:00,2026-07-27 01:30:00,DK1,512.425,68.55,2026-08-30 08:43:34.908991
891826910567178,2026-07-26 22:15:00,2026-07-27 00:15:00,DK1,651.3889,87.14,2026-08-30 08:43:34.908991
786789278556079,2026-07-26 21:15:00,2026-07-26 23:15:00,DK1,1032.3055,138.09,2026-08-30 08:43:34.908991
210319086476849,2026-07-26 17:15:00,2026-07-26 19:15:00,DK1,1019.2981,136.35,2026-08-30 08:43:34.908991
180561071959677,2026-07-26 16:45:00,2026-07-26 18:45:00,DK1,939.6829,125.7,2026-08-30 08:43:34.908991
713238558910410,2026-07-26 16:00:00,2026-07-26 18:00:00,DK1,582.9473,77.98,2026-08-30 08:43:34.908991
238667361627393,2026-07-26 15:00:00,2026-07-26 17:00:00,DK1,40.442997,5.41,2026-08-30 08:43:34.908991
966991953691519,2026-07-26 14:30:00,2026-07-26 16:30:00,DK1,42.909943,5.74,2026-08-30 08:43:34.908991
124295240624933,2026-07-26 14:00:00,2026-07-26 16:00:00,DK1,0.74756,0.1,2026-08-30 08:43:34.908991
389984166288678,2026-07-26 13:45:00,2026-07-26 15:45:00,DK1,8.97072,1.2,2026-08-30 08:43:34.908991
820836423982853,2026-07-26 13:30:00,2026-07-26 15:30:00,DK1,3.7378,0.5,2026-08-30 08:43:34.908991
138434002149490,2026-07-26 13:15:00,2026-07-26 15:15:00,DK1,3.139752,0.42,2026-08-30 08:43:34.908991
407074024950239,2026-07-26 12:30:00,2026-07-26 14:30:00,DK1,1.794144,0.24,2026-08-30 08:43:34.908991
995162884683830,2026-07-26 11:00:00,2026-07-26 13:00:00,DK1,-0.074756,-0.01,2026-08-30 08:43:34.908991
42021762534930,2026-07-26 09:45:00,2026-07-26 11:45:00,DK1,0.0,0.0,2026-08-30 08:43:34.908991
395198936560732,2026-07-26 09:30:00,2026-07-26 11:30:00,DK1,-0.074756,-0.01,2026-08-30 08:43:34.908991
156513912469098,2026-07-26 09:15:00,2026-07-26 11:15:00,DK1,0.0,0.0,2026-08-30 08:43:34.908991
734544635778245,2026-07-26 09:00:00,2026-07-26 11:00:00,DK1,0.0,0.0,2026-08-30 08:43:34.908991
253909404805190,2026-07-26 08:45:00,2026-07-26 10:45:00,DK1,0.0,0.0,2026-08-30 08:43:34.908991
929821940869272,2026-07-26 07:00:00,2026-07-26 09:00:00,DK1,917.5551,122.74,2026-08-30 08:43:34.908991
322510543254054,2026-07-26 06:15:00,2026-07-26 08:15:00,DK1,844.4438,112.96,2026-08-30 08:43:34.908991
4023076183278,2026-07-26 03:30:00,2026-07-26 05:30:00,DK1,1015.5603,135.85,2026-08-30 08:43:34.908991
492788134840520,2026-07-26 03:15:00,2026-07-26 05:15:00,DK1,1026.2504,137.28,2026-08-30 08:43:34.908991
464923228213606,2026-07-26 02:45:00,2026-07-26 04:45:00,DK1,1047.7053,140.15,2026-08-30 08:43:34.908991
997669699898787,2026-07-26 01:15:00,2026-07-26 03:15:00,DK1,1145.86,153.28,2026-08-30 08:43:34.908991
123609536051163,2026-07-26 01:00:00,2026-07-26 03:00:00,DK1,1099.3617,147.06,2026-08-30 08:43:34.908991
616881726494433,2026-07-26 00:45:00,2026-07-26 02:45:00,DK1,1124.2555,150.39,2026-08-30 08:43:34.908991
92455106138069,2026-07-25 22:45:00,2026-07-26 00:45:00,DK1,1148.5511,153.64,2026-08-30 08:43:34.908991
840461940918238,2026-07-25 21:45:00,2026-07-25 23:45:00,DK1,1137.7115,152.19,2026-08-30 08:43:34.908991
530995863048193,2026-07-25 20:15:00,2026-07-25 22:15:00,DK1,1234.6702,165.16,2026-08-30 08:43:34.908991
672367920383570,2026-07-25 18:30:00,2026-07-25 20:30:00,DK1,1146.0842,153.31,2026-08-30 08:43:34.908991
306650483940423,2026-07-25 18:15:00,2026-07-25 20:15:00,DK1,1164.7732,155.81,2026-08-30 08:43:34.908991
61463879276621,2026-07-25 17:45:00,2026-07-25 19:45:00,DK1,1102.651,147.5,2026-08-30 08:43:34.908991
375677090186103,2026-07-25 17:00:00,2026-07-25 19:00:00,DK1,1038.5104,138.92,2026-08-30 08:43:34.908991
7917418162184,2026-07-25 16:15:00,2026-07-25 18:15:00,DK1,733.80493,98.16,2026-08-30 08:43:34.908991
334469508653952,2026-07-25 15:45:00,2026-07-25 17:45:00,DK1,317.11493,42.42,2026-08-30 08:43:34.908991
775052301621643,2026-07-25 14:45:00,2026-07-25 16:45:00,DK1,-0.074756,-0.01,2026-08-30 08:43:34.908991
553212407158968,2026-07-25 13:45:00,2026-07-25 15:45:00,DK1,-8.97072,-1.2,2026-08-30 08:43:34.908991
470165814499669,2026-07-25 13:15:00,2026-07-25 15:15:00,DK1,-27.435452,-3.67,2026-08-30 08:43:34.908991
364569416675388,2026-07-25 13:00:00,2026-07-25 15:00:00,DK1,-47.99335,-6.42,2026-08-30 08:43:34.908991
200949136236070,2026-07-25 12:15:00,2026-07-25 14:15:00,DK1,-111.01266,-14.85,2026-08-30 08:43:34.908991
808316222976813,2026-07-25 12:00:00,2026-07-25 14:00:00,DK1,-115.79704,-15.49,2026-08-30 08:43:34.908991
910072124314961,2026-07-25 11:30:00,2026-07-25 13:30:00,DK1,-56.366024,-7.54,2026-08-30 08:43:34.908991
628907409848530,2026-07-25 09:45:00,2026-07-25 11:45:00,DK1,-37.452755,-5.01,2026-08-30 08:43:34.908991
98259988964392,2026-07-25 08:30:00,2026-07-25 10:30:00,DK1,-0.523292,-0.07,2026-08-30 08:43:34.908991
922484219579289,2026-07-25 07:15:00,2026-07-25 09:15:00,DK1,37.75178,5.05,2026-08-30 08:43:34.908991
715945997929105,2026-07-25 07:00:00,2026-07-25 09:00:00,DK1,296.18326,39.62,2026-08-30 08:43:34.908991
284815475395195,2026-07-25 06:45:00,2026-07-25 08:45:00,DK1,213.87692,28.61,2026-08-30 08:43:34.908991
858463527167416,2026-07-25 05:45:00,2026-07-25 07:45:00,DK1,727.60016,97.33,2026-08-30 08:43:34.908991
311841120736130,2026-07-25 05:30:00,2026-07-25 07:30:00,DK1,803.7765,107.52,2026-08-30 08:43:34.908991
888411214659860,2026-07-25 03:15:00,2026-07-25 05:15:00,DK1,1004.57117,134.38,2026-08-30 08:43:34.908991
390426308481675,2026-07-25 03:00:00,2026-07-25 05:00:00,DK1,1009.3555,135.02,2026-08-30 08:43:34.908991
563853631751789,2026-07-25 02:15:00,2026-07-25 04:15:00,DK1,1112.0702,148.76,2026-08-30 08:43:34.908991
509333407582136,2026-07-25 01:15:00,2026-07-25 03:15:00,DK1,1184.5088,158.45,2026-08-30 08:43:34.908991
134662660321020,2026-07-25 01:00:00,2026-07-25 03:00:00,DK1,1184.6583,158.47,2026-08-30 08:43:34.908991
498864260113244,2026-07-25 00:00:00,2026-07-25 02:00:00,DK1,1211.0472,162.0,2026-08-30 08:43:34.908991
633516533538587,2026-07-24 23:45:00,2026-07-25 01:45:00,DK1,1178.3789,157.63,2026-08-30 08:43:34.908991
761005190474388,2026-07-24 21:30:00,2026-07-24 23:30:00,DK1,1355.401,181.31,2026-08-30 08:43:34.908991
418626116845328,2026-07-24 21:15:00,2026-07-24 23:15:00,DK1,1368.0348,183.0,2026-08-30 08:43:34.908991
276115815427045,2026-07-24 20:00:00,2026-07-24 22:00:00,DK1,1558.3636,208.46,2026-08-30 08:43:34.908991
48901780785046,2026-07-24 19:45:00,2026-07-24 21:45:00,DK1,1463.9468,195.83,2026-08-30 08:43:34.908991
776095925846423,2026-07-24 18:30:00,2026-07-24 20:30:00,DK1,1551.4113,207.53,2026-08-30 08:43:34.908991
85735452697439,2026-07-24 18:15:00,2026-07-24 20:15:00,DK1,1455.6488,194.72,2026-08-30 08:43:34.908991
672286534537549,2026-07-24 17:15:00,2026-07-24 19:15:00,DK1,1291.4099,172.75,2026-08-30 08:43:34.908991
217002805099943,2026-07-24 17:00:00,2026-07-24 19:00:00,DK1,1092.1104,146.09,2026-08-30 08:43:34.908991
517036331880881,2026-07-24 16:15:00,2026-07-24 18:15:00,DK1,1092.1852,146.1,2026-08-30 08:43:34.908991
616813500301342,2026-07-24 14:30:00,2026-07-24 16:30:00,DK1,601.18774,80.42,2026-08-30 08:43:34.908991
637392185513105,2026-07-24 13:30:00,2026-07-24 15:30:00,DK1,146.52176,19.6,2026-08-30 08:43:34.908991
127180408140574,2026-07-24 13:15:00,2026-07-24 15:15:00,DK1,50.011765,6.69,2026-08-30 08:43:34.908991
540031743833278,2026-07-24 10:15:00,2026-07-24 12:15:00,DK1,430.29553,57.56,2026-08-30 08:43:34.908991
253745784942968,2026-07-24 09:45:00,2026-07-24 11:45:00,DK1,487.33438,65.19,2026-08-30 08:43:34.908991
886969192763672,2026-07-24 09:30:00,2026-07-24 11:30:00,DK1,568.0708,75.99,2026-08-30 08:43:34.908991
843967862974066,2026-07-24 09:00:00,2026-07-24 11:00:00,DK1,682.298,91.27,2026-08-30 08:43:34.908991
500632829186843,2026-07-24 08:45:00,2026-07-24 10:45:00,DK1,687.15717,91.92,2026-08-30 08:43:34.908991
721394539566412,2026-07-24 05:00:00,2026-07-24 07:00:00,DK1,1288.7186,172.39,2026-08-30 08:43:34.908991
622265264686056,2026-07-24 04:15:00,2026-07-24 06:15:00,DK1,1169.7072,156.47,2026-08-30 08:43:34.908991
648255375550680,2026-07-24 03:45:00,2026-07-24 05:45:00,DK1,1120.8915,149.94,2026-08-30 08:43:34.908991
351640046938812,2026-07-24 02:45:00,2026-07-24 04:45:00,DK1,1127.6943,150.85,2026-08-30 08:43:34.908991
994754177141671,2026-07-24 01:30:00,2026-07-24 03:30:00,DK1,1056.7509,141.36,2026-08-30 08:43:34.908991
502919287704421,2026-07-24 00:15:00,2026-07-24 02:15:00,DK1,1133.9738,151.69,2026-08-30 08:43:34.908991
228881882631993,2026-07-23 22:30:00,2026-07-24 00:30:00,DK1,1200.4319,160.58,2026-08-30 08:43:34.908991
420907871902188,2026-07-23 21:30:00,2026-07-23 23:30:00,DK1,1247.9934,166.94,2026-08-30 08:43:34.908991
552857306233475,2026-07-23 20:30:00,2026-07-23 22:30:00,DK1,1377.6967,184.29,2026-08-30 08:43:34.908991
362081111368012,2026-07-23 20:15:00,2026-07-23 22:15:00,DK1,1412.6083,188.96,2026-08-30 08:43:34.908991
161315580592476,2026-07-23 19:15:00,2026-07-23 21:15:00,DK1,1433.7644,191.79,2026-08-30 08:43:34.908991
803094374613303,2026-07-23 18:00:00,2026-07-23 20:00:00,DK1,1291.7262,172.79,2026-08-30 08:43:34.908991
146256291676226,2026-07-23 17:30:00,2026-07-23 19:30:00,DK1,1257.936,168.27,2026-08-30 08:43:34.908991
160651741670917,2026-07-23 17:00:00,2026-07-23 19:00:00,DK1,1142.0627,152.77,2026-08-30 08:43:34.908991
913685114025263,2026-07-23 16:45:00,2026-07-23 18:45:00,DK1,1233.7894,165.04,2026-08-30 08:43:34.908991
25707210978639,2026-07-23 14:15:00,2026-07-23 16:15:00,DK1,99.72584,13.34,2026-08-30 08:43:34.908991
781040630639486,2026-07-23 13:00:00,2026-07-23 15:00:00,DK1,30.65037,4.1,2026-08-30 08:43:34.908991
166611379017105,2026-07-23 12:00:00,2026-07-23 14:00:00,DK1,37.30374,4.99,2026-08-30 08:43:34.908991
609888125497497,2026-07-23 11:30:00,2026-07-23 13:30:00,DK1,29.9028,4.0,2026-08-30 08:43:34.908991
104060077865733,2026-07-23 11:15:00,2026-07-23 13:15:00,DK1,66.758,8.93,2026-08-30 08:43:34.908991
772845323005220,2026-07-23 10:30:00,2026-07-23 12:30:00,DK1,163.71783,21.9,2026-08-30 08:43:34.908991
790352898635464,2026-07-23 08:30:00,2026-07-23 10:30:00,DK1,762.2971,101.97,2026-08-30 08:43:34.908991
189366860506180,2026-07-23 08:15:00,2026-07-23 10:15:00,DK1,813.5057,108.82,2026-08-30 08:43:34.908991
108498733011400,2026-07-23 06:30:00,2026-07-23 08:30:00,DK1,1196.2616,160.02,2026-08-30 08:43:34.908991
64826936141341,2026-07-23 05:30:00,2026-07-23 07:30:00,DK1,1223.9963,163.73,2026-08-30 08:43:34.908991
422475437961191,2026-07-23 04:30:00,2026-07-23 06:30:00,DK1,1207.6993,161.55,2026-08-30 08:43:34.908991
376503748104224,2026-07-23 03:30:00,2026-07-23 05:30:00,DK1,1048.6912,140.28,2026-08-30 08:43:34.908991
705503047793539,2026-07-23 02:30:00,2026-07-23 04:30:00,DK1,1022.0777,136.72,2026-08-30 08:43:34.908991
655146438233192,2026-07-23 01:15:00,2026-07-23 03:15:00,DK1,1002.1923,134.06,2026-08-30 08:43:34.908991
170760591611711,2026-07-22 23:45:00,2026-07-23 01:45:00,DK1,990.30597,132.47,2026-08-30 08:43:34.908991
370856996699969,2026-07-22 20:30:00,2026-07-22 22:30:00,DK1,1054.2233,141.02,2026-08-30 08:43:34.908991
133790079791477,2026-07-22 19:00:00,2026-07-22 21:00:00,DK1,1074.0338,143.67,2026-08-30 08:43:34.908991
128362077959231,2026-07-22 18:30:00,2026-07-22 20:30:00,DK1,1037.4777,138.78,2026-08-30 08:43:34.908991
563218661037872,2026-07-22 16:30:00,2026-07-22 18:30:00,DK1,856.1919,114.53,2026-08-30 08:43:34.908991
299808758673480,2026-07-22 15:30:00,2026-07-22 17:30:00,DK1,510.06705,68.23,2026-08-30 08:43:34.908991
249268723702168,2026-07-22 15:00:00,2026-07-22 17:00:00,DK1,186.81775,24.99,2026-08-30 08:43:34.908991
986838814063547,2026-07-22 14:15:00,2026-07-22 16:15:00,DK1,46.573612,6.23,2026-08-30 08:43:34.908991
418047529180535,2026-07-22 13:00:00,2026-07-22 15:00:00,DK1,12.409662,1.66,2026-08-30 08:43:34.908991
277716264109020,2026-07-22 08:30:00,2026-07-22 10:30:00,DK1,444.0566,59.4,2026-08-30 08:43:34.908991
891916333973913,2026-07-22 06:45:00,2026-07-22 08:45:00,DK1,796.0126,106.48,2026-08-30 08:43:34.908991
777580977679539,2026-07-22 06:15:00,2026-07-22 08:15:00,DK1,850.43567,113.76,2026-08-30 08:43:34.908991
567915030985947,2026-07-22 06:00:00,2026-07-22 08:00:00,DK1,847.81915,113.41,2026-08-30 08:43:34.908991
95396090716448,2026-07-22 04:15:00,2026-07-22 06:15:00,DK1,865.01324,115.71,2026-08-30 08:43:34.908991
7879457878522,2026-07-22 04:00:00,2026-07-22 06:00:00,DK1,864.9385,115.7,2026-08-30 08:43:34.908991
953160847705261,2026-07-22 03:45:00,2026-07-22 05:45:00,DK1,865.01324,115.71,2026-08-30 08:43:34.908991
554962614589309,2026-07-22 03:30:00,2026-07-22 05:30:00,DK1,832.49396,111.36,2026-08-30 08:43:34.908991
449249386352949,2026-07-22 03:15:00,2026-07-22 05:15:00,DK1,832.3444,111.34,2026-08-30 08:43:34.908991
224261171183995,2026-07-22 03:00:00,2026-07-22 05:00:00,DK1,832.19495,111.32,2026-08-30 08:43:34.908991
398722810673312,2026-07-22 02:30:00,2026-07-22 04:30:00,DK1,873.68506,116.87,2026-08-30 08:43:34.908991
715666760111405,2026-07-22 02:15:00,2026-07-22 04:15:00,DK1,876.0025,117.18,2026-08-30 08:43:34.908991
546805357096342,2026-07-22 02:00:00,2026-07-22 04:00:00,DK1,865.2375,115.74,2026-08-30 08:43:34.908991
926740659022160,2026-07-21 23:45:00,2026-07-22 01:45:00,DK1,955.0207,127.75,2026-08-30 08:43:34.908991
168449651476166,2026-07-21 22:45:00,2026-07-22 00:45:00,DK1,1003.2389,134.2,2026-08-30 08:43:34.908991
899859585232773,2026-07-21 21:45:00,2026-07-21 23:45:00,DK1,1075.7388,143.9,2026-08-30 08:43:34.908991
354679993467020,2026-07-21 21:00:00,2026-07-21 23:00:00,DK1,1183.3875,158.3,2026-08-30 08:43:34.908991
84762884392099,2026-07-21 20:30:00,2026-07-21 22:30:00,DK1,1181.7429,158.08,2026-08-30 08:43:34.908991
138237834081282,2026-07-21 20:15:00,2026-07-21 22:15:00,DK1,1241.3234,166.05,2026-08-30 08:43:34.908991
999661551512380,2026-07-21 20:00:00,2026-07-21 22:00:00,DK1,1300.8291,174.01,2026-08-30 08:43:34.908991
416369119243027,2026-07-21 19:30:00,2026-07-21 21:30:00,DK1,1261.3579,168.73,2026-08-30 08:43:34.908991
277044590286897,2026-07-21 18:45:00,2026-07-21 20:45:00,DK1,1307.2582,174.87,2026-08-30 08:43:34.908991
603906992457800,2026-07-21 17:45:00,2026-07-21 19:45:00,DK1,1229.9604,164.53,2026-08-30 08:43:34.908991
75671529820010,2026-07-21 17:30:00,2026-07-21 19:30:00,DK1,1182.1167,158.13,2026-08-30 08:43:34.908991
663335695539204,2026-07-21 14:45:00,2026-07-21 16:45:00,DK1,602.5333,80.6,2026-08-30 08:43:34.908991
426942363309896,2026-07-21 13:45:00,2026-07-21 15:45:00,DK1,252.152,33.73,2026-08-30 08:43:34.908991
922061326589150,2026-07-21 12:45:00,2026-07-21 14:45:00,DK1,42.162384,5.64,2026-08-30 08:43:34.908991
378752376750180,2026-07-21 11:45:00,2026-07-21 13:45:00,DK1,23.17436,3.1,2026-08-30 08:43:34.908991
805260723583883,2026-07-21 11:30:00,2026-07-21 13:30:00,DK1,29.977156,4.01,2026-08-30 08:43:34.908991
845484398453657,2026-07-21 11:15:00,2026-07-21 13:15:00,DK1,31.621788,4.23,2026-08-30 08:43:34.908991
726669904504325,2026-07-21 11:00:00,2026-07-21 13:00:00,DK1,37.153732,4.97,2026-08-30 08:43:34.908991
86473565395826,2026-07-21 08:45:00,2026-07-21 10:45:00,DK1,479.485,64.14,2026-08-30 08:43:34.908991
549040627106528,2026-07-21 08:30:00,2026-07-21 10:30:00,DK1,580.7046,77.68,2026-08-30 08:43:34.908991
363344503197992,2026-07-21 08:00:00,2026-07-21 10:00:00,DK1,760.2685,101.7,2026-08-30 08:43:34.908991
146392830902025,2026-07-21 07:15:00,2026-07-21 09:15:00,DK1,898.34283,120.17,2026-08-30 08:43:34.908991
823490096644992,2026-07-21 06:15:00,2026-07-21 08:15:00,DK1,1113.8644,149.0,2026-08-30 08:43:34.908991
93641947627693,2026-07-21 05:45:00,2026-07-21 07:45:00,DK1,1019.2981,136.35,2026-08-30 08:43:34.908991
162963423004499,2026-07-21 05:15:00,2026-07-21 07:15:00,DK1,1191.2369,159.35,2026-08-30 08:43:34.908991
351746172600057,2026-07-21 04:30:00,2026-07-21 06:30:00,DK1,1193.7786,159.69,2026-08-30 08:43:34.908991
343656521085440,2026-07-21 01:30:00,2026-07-21 03:30:00,DK1,1030.2124,137.81,2026-08-30 08:43:34.908991
812450188021672,2026-07-21 00:45:00,2026-07-21 02:45:00,DK1,1042.8462,139.5,2026-08-30 08:43:34.908991
61890205657824,2026-07-20 22:45:00,2026-07-21 00:45:00,DK1,1080.598,144.55,2026-08-30 08:43:34.908991
299106480215692,2026-07-20 21:30:00,2026-07-20 23:30:00,DK1,1180.8458,157.96,2026-08-30 08:43:34.908991
413869635240572,2026-07-20 21:15:00,2026-07-20 23:15:00,DK1,1209.5521,161.8,2026-08-30 08:43:34.908991
483275453632607,2026-07-20 19:45:00,2026-07-20 21:45:00,DK1,1330.6569,178.0,2026-08-30 08:43:34.908991
893163891690310,2026-07-20 17:45:00,2026-07-20 19:45:00,DK1,1329.984,177.91,2026-08-30 08:43:34.908991
274957902080021,2026-07-20 17:00:00,2026-07-20 19:00:00,DK1,1066.3196,142.64,2026-08-30 08:43:34.908991
547835289432248,2026-07-20 16:45:00,2026-07-20 18:45:00,DK1,1083.4386,144.93,2026-08-30 08:43:34.908991
719089945375347,2026-07-20 16:30:00,2026-07-20 18:30:00,DK1,965.69794,129.18,2026-08-30 08:43:34.908991
821240188345336,2026-07-20 16:00:00,2026-07-20 18:00:00,DK1,729.6185,97.6,2026-08-30 08:43:34.908991
690829215117611,2026-07-20 15:00:00,2026-07-20 17:00:00,DK1,187.26378,25.05,2026-08-30 08:43:34.908991
664916021746980,2026-07-20 14:45:00,2026-07-20 16:45:00,DK1,398.15045,53.26,2026-08-30 08:43:34.908991
945203146840573,2026-07-20 13:00:00,2026-07-20 15:00:00,DK1,26.1646,3.5,2026-08-30 08:43:34.908991
843121533674919,2026-07-20 12:00:00,2026-07-20 14:00:00,DK1,39.545925,5.29,2026-08-30 08:43:34.908991
322411969273590,2026-07-20 07:30:00,2026-07-20 09:30:00,DK1,667.79535,89.33,2026-08-30 08:43:34.908991
44493477882255,2026-07-20 07:15:00,2026-07-20 09:15:00,DK1,762.5112,102.0,2026-08-30 08:43:34.908991
618622205946145,2026-07-20 06:30:00,2026-07-20 08:30:00,DK1,902.3049,120.7,2026-08-30 08:43:34.908991
67630704219813,2026-07-20 06:15:00,2026-07-20 08:15:00,DK1,1046.584,140.0,2026-08-30 08:43:34.908991
58828118977683,2026-07-20 05:15:00,2026-07-20 07:15:00,DK1,1143.4678,152.96,2026-08-30 08:43:34.908991
996163832249396,2026-07-20 05:00:00,2026-07-20 07:00:00,DK1,1195.4979,159.92,2026-08-30 08:43:34.908991
683571921545043,2026-07-20 04:15:00,2026-07-20 06:15:00,DK1,1121.4895,150.02,2026-08-30 08:43:34.908991
471236896583705,2026-07-20 03:45:00,2026-07-20 05:45:00,DK1,1077.9067,144.19,2026-08-30 08:43:34.908991
668219385018770,2026-07-20 03:00:00,2026-07-20 05:00:00,DK1,994.47906,133.03,2026-08-30 08:43:34.908991
163307292286893,2026-07-20 02:15:00,2026-07-20 04:15:00,DK1,967.1932,129.38,2026-08-30 08:43:34.908991
365539172399366,2026-07-20 01:15:00,2026-07-20 03:15:00,DK1,920.76965,123.17,2026-08-30 08:43:34.908991
417044559761241,2026-07-20 01:00:00,2026-07-20 03:00:00,DK1,950.67206,127.17,2026-08-30 08:43:34.908991
32784185566654,2026-07-19 23:00:00,2026-07-20 01:00:00,DK1,1108.2577,148.25,2026-08-30 08:43:34.908991
733691970783925,2026-07-19 21:30:00,2026-07-19 23:30:00,DK1,1014.0651,135.65,2026-08-30 08:43:34.908991
577975844768728,2026-07-19 21:15:00,2026-07-19 23:15:00,DK1,1024.3068,137.02,2026-08-30 08:43:34.908991
613781446809365,2026-07-19 19:30:00,2026-07-19 21:30:00,DK1,1091.7366,146.04,2026-08-30 08:43:34.908991
452780810030655,2026-07-19 19:15:00,2026-07-19 21:15:00,DK1,1089.494,145.74,2026-08-30 08:43:34.908991
617021554833200,2026-07-19 17:45:00,2026-07-19 19:45:00,DK1,1042.622,139.47,2026-08-30 08:43:34.908991
530819108782279,2026-07-19 16:30:00,2026-07-19 18:30:00,DK1,470.58902,62.95,2026-08-30 08:43:34.908991
978941920076975,2026-07-19 15:30:00,2026-07-19 17:30:00,DK1,25.41704,3.4,2026-08-30 08:43:34.908991
826078241679572,2026-07-19 13:30:00,2026-07-19 15:30:00,DK1,0.074756,0.01,2026-08-30 08:43:34.908991
808035438361592,2026-07-19 11:00:00,2026-07-19 13:00:00,DK1,-0.074756,-0.01,2026-08-30 08:43:34.908991
935929584064097,2026-07-19 10:30:00,2026-07-19 12:30:00,DK1,-0.523292,-0.07,2026-08-30 08:43:34.908991
816411887408504,2026-07-19 10:15:00,2026-07-19 12:15:00,DK1,-0.523292,-0.07,2026-08-30 08:43:34.908991
182325879133879,2026-07-19 09:45:00,2026-07-19 11:45:00,DK1,-0.74756,-0.1,2026-08-30 08:43:34.908991
973812196327463,2026-07-19 08:30:00,2026-07-19 10:30:00,DK1,0.0,0.0,2026-08-30 08:43:34.908991
453860712386188,2026-07-19 08:00:00,2026-07-19 10:00:00,DK1,0.37378,0.05,2026-08-30 08:43:34.908991
435203507025181,2026-07-19 07:15:00,2026-07-19 09:15:00,DK1,32.219837,4.31,2026-08-30 08:43:34.908991
991423430670242,2026-07-19 07:00:00,2026-07-19 09:00:00,DK1,76.400635,10.22,2026-08-30 08:43:34.908991
194320290714246,2026-07-19 06:15:00,2026-07-19 08:15:00,DK1,421.62384,56.4,2026-08-30 08:43:34.908991
548675671533041,2026-07-19 06:00:00,2026-07-19 08:00:00,DK1,545.8683,73.02,2026-08-30 08:43:34.908991
170540136989739,2026-07-19 05:30:00,2026-07-19 07:30:00,DK1,647.5365,86.62,2026-08-30 08:43:34.908991
517582326698060,2026-07-19 04:45:00,2026-07-19 06:45:00,DK1,684.3912,91.55,2026-08-30 08:43:34.908991
133364749168099,2026-07-19 04:30:00,2026-07-19 06:30:00,DK1,749.87744,100.31,2026-08-30 08:43:34.908991
212980648793539,2026-07-19 04:00:00,2026-07-19 06:00:00,DK1,814.7656,108.99,2026-08-30 08:43:34.908991
834235620669998,2026-07-19 03:45:00,2026-07-19 05:45:00,DK1,787.7787,105.38,2026-08-30 08:43:34.908991
829505697673791,2026-07-19 03:00:00,2026-07-19 05:00:00,DK1,840.4069,112.42,2026-08-30 08:43:34.908991
315917341704921,2026-07-19 02:00:00,2026-07-19 04:00:00,DK1,891.3158,119.23,2026-08-30 08:43:34.908991
533835188172937,2026-07-19 01:45:00,2026-07-19 03:45:00,DK1,862.9085,115.43,2026-08-30 08:43:34.908991
646956080163267,2026-07-19 00:45:00,2026-07-19 02:45:00,DK1,873.8229,116.89,2026-08-30 08:43:34.908991
748971090798077,2026-07-18 22:30:00,2026-07-19 00:30:00,DK1,1013.91565,135.63,2026-08-30 08:43:34.908991
279842288600350,2026-07-18 20:30:00,2026-07-18 22:30:00,DK1,1048.9014,140.31,2026-08-30 08:43:34.908991
357662723574041,2026-07-18 20:15:00,2026-07-18 22:15:00,DK1,1046.5093,139.99,2026-08-30 08:43:34.908991
343004527832487,2026-07-18 19:45:00,2026-07-18 21:45:00,DK1,1019.5971,136.39,2026-08-30 08:43:34.908991
356724012293904,2026-07-18 17:45:00,2026-07-18 19:45:00,DK1,869.1133,116.26,2026-08-30 08:43:34.908991
534528933169186,2026-07-18 13:45:00,2026-07-18 15:45:00,DK1,-21.753996,-2.91,2026-08-30 08:43:34.908991
809013159490999,2026-07-18 13:15:00,2026-07-18 15:15:00,DK1,-10.316328,-1.38,2026-08-30 08:43:34.908991
445514237335300,2026-07-18 13:00:00,2026-07-18 15:00:00,DK1,-9.419256,-1.26,2026-08-30 08:43:34.908991
112779455981838,2026-07-18 12:30:00,2026-07-18 14:30:00,DK1,-9.643524,-1.29,2026-08-30 08:43:34.908991
532705481266785,2026-07-18 11:45:00,2026-07-18 13:45:00,DK1,-8.821208,-1.18,2026-08-30 08:43:34.908991
616561310337773,2026-07-18 11:00:00,2026-07-18 13:00:00,DK1,-4.11158,-0.55,2026-08-30 08:43:34.908991
810654929719685,2026-07-18 10:30:00,2026-07-18 12:30:00,DK1,-0.299024,-0.04,2026-08-30 08:43:34.908991
904095257489995,2026-07-18 10:15:00,2026-07-18 12:15:00,DK1,-0.299024,-0.04,2026-08-30 08:43:34.908991
697687074815239,2026-07-18 10:00:00,2026-07-18 12:00:00,DK1,-0.074756,-0.01,2026-08-30 08:43:34.908991
567153807108024,2026-07-18 09:30:00,2026-07-18 11:30:00,DK1,0.971828,0.13,2026-08-30 08:43:34.908991
9183029894791,2026-07-18 06:30:00,2026-07-18 08:30:00,DK1,680.50385,91.03,2026-08-30 08:43:34.908991
622535888125361,2026-07-18 05:30:00,2026-07-18 07:30:00,DK1,818.72766,109.52,2026-08-30 08:43:34.908991
225294306857259,2026-07-18 05:00:00,2026-07-18 07:00:00,DK1,915.0882,122.41,2026-08-30 08:43:34.908991
990730373884638,2026-07-18 02:15:00,2026-07-18 04:15:00,DK1,997.39453,133.42,2026-08-30 08:43:34.908991
389271998197278,2026-07-18 00:45:00,2026-07-18 02:45:00,DK1,1047.8549,140.17,2026-08-30 08:43:34.908991
908316063500278,2026-07-18 00:30:00,2026-07-18 02:30:00,DK1,1039.7811,139.09,2026-08-30 08:43:34.908991
407261972256514,2026-07-17 22:30:00,2026-07-18 00:30:00,DK1,1130.6097,151.24,2026-08-30 08:43:34.908991
937338047534497,2026-07-17 22:00:00,2026-07-18 00:00:00,DK1,1258.9658,168.41,2026-08-30 08:43:34.908991
743607222232749,2026-07-17 21:45:00,2026-07-17 23:45:00,DK1,1124.9282,150.48,2026-08-30 08:43:34.908991
473611317702126,2026-07-17 20:15:00,2026-07-17 22:15:00,DK1,1238.7817,165.71,2026-08-30 08:43:34.908991
673484568665368,2026-07-17 19:30:00,2026-07-17 21:30:00,DK1,1265.3201,169.26,2026-08-30 08:43:34.908991
732642592712536,2026-07-17 18:45:00,2026-07-17 20:45:00,DK1,1277.879,170.94,2026-08-30 08:43:34.908991
322083483074942,2026-07-17 18:00:00,2026-07-17 20:00:00,DK1,1119.0226,149.69,2026-08-30 08:43:34.908991
951065170409519,2026-07-17 17:00:00,2026-07-17 19:00:00,DK1,1087.2512,145.44,2026-08-30 08:43:34.908991
640007935527946,2026-07-17 16:45:00,2026-07-17 18:45:00,DK1,1118.873,149.67,2026-08-30 08:43:34.908991
435267937095602,2026-07-17 15:30:00,2026-07-17 17:30:00,DK1,977.88324,130.81,2026-08-30 08:43:34.908991
122119346458669,2026-07-17 14:30:00,2026-07-17 16:30:00,DK1,875.09375,117.06,2026-08-30 08:43:34.908991
616453077439409,2026-07-17 13:45:00,2026-07-17 15:45:00,DK1,818.8025,109.53,2026-08-30 08:43:34.908991
430737778107838,2026-07-17 13:30:00,2026-07-17 15:30:00,DK1,812.52295,108.69,2026-08-30 08:43:34.908991
717137943244552,2026-07-17 11:45:00,2026-07-17 13:45:00,DK1,730.2166,97.68,2026-08-30 08:43:34.908991
749084898110362,2026-07-17 11:15:00,2026-07-17 13:15:00,DK1,735.2252,98.35,2026-08-30 08:43:34.908991
229682608554185,2026-07-17 10:45:00,2026-07-17 12:45:00,DK1,734.8515,98.3,2026-08-30 08:43:34.908991
477454206599403,2026-07-17 08:30:00,2026-07-17 10:30:00,DK1,912.3222,122.04,2026-08-30 08:43:34.908991
791537427154203,2026-07-17 05:30:00,2026-07-17 07:30:00,DK1,1222.8586,163.58,2026-08-30 08:43:34.908991
240569357799918,2026-07-17 03:30:00,2026-07-17 05:30:00,DK1,1140.328,152.54,2026-08-30 08:43:34.908991
454177346745169,2026-07-17 03:00:00,2026-07-17 05:00:00,DK1,1122.6108,150.17,2026-08-30 08:43:34.908991
420501613554213,2026-07-17 01:15:00,2026-07-17 03:15:00,DK1,1083.962,145.0,2026-08-30 08:43:34.908991
478714503424994,2026-07-17 00:45:00,2026-07-17 02:45:00,DK1,1091.5872,146.02,2026-08-30 08:43:34.908991
480702752653113,2026-07-16 23:30:00,2026-07-17 01:30:00,DK1,1200.8804,160.64,2026-08-30 08:43:34.908991
588439948794701,2026-07-16 22:30:00,2026-07-17 00:30:00,DK1,1266.7404,169.45,2026-08-30 08:43:34.908991
795046173867034,2026-07-16 22:00:00,2026-07-17 00:00:00,DK1,1308.23,175.0,2026-08-30 08:43:34.908991
526347989679741,2026-07-16 21:00:00,2026-07-16 23:00:00,DK1,1465.383,196.03,2026-08-30 08:43:34.908991
266765608730450,2026-07-16 20:45:00,2026-07-16 22:45:00,DK1,1419.111,189.84,2026-08-30 08:43:34.908991
953215099795866,2026-07-16 19:45:00,2026-07-16 21:45:00,DK1,1523.0924,203.75,2026-08-30 08:43:34.908991
383907557640564,2026-07-16 19:00:00,2026-07-16 21:00:00,DK1,2478.5852,331.57,2026-08-30 08:43:34.908991
345596873042207,2026-07-16 17:45:00,2026-07-16 19:45:00,DK1,2252.6816,301.35,2026-08-30 08:43:34.908991
578337499482971,2026-07-16 16:00:00,2026-07-16 18:00:00,DK1,1100.5137,147.22,2026-08-30 08:43:34.908991
868334353773464,2026-07-16 15:30:00,2026-07-16 17:30:00,DK1,1073.154,143.56,2026-08-30 08:43:34.908991
681275794048196,2026-07-16 14:15:00,2026-07-16 16:15:00,DK1,842.24207,112.67,2026-08-30 08:43:34.908991
641076795731246,2026-07-16 13:30:00,2026-07-16 15:30:00,DK1,817.49884,109.36,2026-08-30 08:43:34.908991
761677637591800,2026-07-16 13:00:00,2026-07-16 15:00:00,DK1,788.0461,105.42,2026-08-30 08:43:34.908991
45865955277830,2026-07-16 11:45:00,2026-07-16 13:45:00,DK1,611.25525,81.77,2026-08-30 08:43:34.908991
279849353019572,2026-07-16 11:30:00,2026-07-16 13:30:00,DK1,624.7108,83.57,2026-08-30 08:43:34.908991
796244831590358,2026-07-16 10:45:00,2026-07-16 12:45:00,DK1,683.3172,91.41,2026-08-30 08:43:34.908991
351852765197333,2026-07-16 10:30:00,2026-07-16 12:30:00,DK1,694.4554,92.9,2026-08-30 08:43:34.908991
532813898656872,2026-07-16 08:45:00,2026-07-16 10:45:00,DK1,749.0998,100.21,2026-08-30 08:43:34.908991
813542056069104,2026-07-16 07:15:00,2026-07-16 09:15:00,DK1,1033.834,138.3,2026-08-30 08:43:34.908991
853847268405153,2026-07-16 07:00:00,2026-07-16 09:00:00,DK1,1143.5714,152.98,2026-08-30 08:43:34.908991
72901114071119,2026-07-16 06:00:00,2026-07-16 08:00:00,DK1,1267.2876,169.53,2026-08-30 08:43:34.908991
507757070691526,2026-07-16 05:15:00,2026-07-16 07:15:00,DK1,1326.791,177.49,2026-08-30 08:43:34.908991
536656780084308,2026-07-16 05:00:00,2026-07-16 07:00:00,DK1,1345.6287,180.01,2026-08-30 08:43:34.908991
71894240806497,2026-07-16 04:15:00,2026-07-16 06:15:00,DK1,1309.7473,175.21,2026-08-30 08:43:34.908991
85414849769376,2026-07-16 03:30:00,2026-07-16 05:30:00,DK1,1198.2158,160.29,2026-08-30 08:43:34.908991
513014142940930,2026-07-16 01:45:00,2026-07-16 03:45:00,DK1,1107.6152,148.17,2026-08-30 08:43:34.908991
172439589349427,2026-07-16 01:15:00,2026-07-16 03:15:00,DK1,1102.9806,147.55,2026-08-30 08:43:34.908991
665717432029997,2026-07-15 23:15:00,2026-07-16 01:15:00,DK1,1181.0974,158.0,2026-08-30 08:43:34.908991
734631547037080,2026-07-15 22:00:00,2026-07-16 00:00:00,DK1,1297.5626,173.58,2026-08-30 08:43:34.908991
125851440297133,2026-07-15 21:45:00,2026-07-15 23:45:00,DK1,1233.1421,164.96,2026-08-30 08:43:34.908991
628907395851046,2026-07-15 20:30:00,2026-07-15 22:30:00,DK1,1404.6276,187.9,2026-08-30 08:43:34.908991
888811081890801,2026-07-15 20:00:00,2026-07-15 22:00:00,DK1,1495.0052,199.99,2026-08-30 08:43:34.908991
357370459961018,2026-07-15 19:45:00,2026-07-15 21:45:00,DK1,1437.5941,192.31,2026-08-30 08:43:34.908991
873369380287878,2026-07-15 18:15:00,2026-07-15 20:15:00,DK1,1496.6499,200.21,2026-08-30 08:43:34.908991
768504667625603,2026-07-15 15:00:00,2026-07-15 17:00:00,DK1,760.92096,101.79,2026-08-30 08:43:34.908991
870297342513756,2026-07-15 14:00:00,2026-07-15 16:00:00,DK1,597.06024,79.87,2026-08-30 08:43:34.908991
351539707453434,2026-07-15 13:45:00,2026-07-15 15:45:00,DK1,634.6615,84.9,2026-08-30 08:43:34.908991
236311466215854,2026-07-15 13:15:00,2026-07-15 15:15:00,DK1,475.9587,63.67,2026-08-30 08:43:34.908991
781086641377071,2026-07-15 13:00:00,2026-07-15 15:00:00,DK1,423.40665,56.64,2026-08-30 08:43:34.908991
100572071350203,2026-07-15 12:45:00,2026-07-15 14:45:00,DK1,490.90952,65.67,2026-08-30 08:43:34.908991
574534451355199,2026-07-15 12:15:00,2026-07-15 14:15:00,DK1,428.2657,57.29,2026-08-30 08:43:34.908991
683806937409922,2026-07-15 08:15:00,2026-07-15 10:15:00,DK1,853.915,114.23,2026-08-30 08:43:34.908991
711729716182973,2026-07-15 07:45:00,2026-07-15 09:45:00,DK1,900.26245,120.43,2026-08-30 08:43:34.908991
231657803005205,2026-07-15 05:00:00,2026-07-15 07:00:00,DK1,1291.7491,172.8,2026-08-30 08:43:34.908991
121563966310284,2026-07-15 03:30:00,2026-07-15 05:30:00,DK1,1123.3284,150.27,2026-08-30 08:43:34.908991
30280668214826,2026-07-15 01:45:00,2026-07-15 03:45:00,DK1,1011.12256,135.26,2026-08-30 08:43:34.908991
245456487016210,2026-07-14 22:30:00,2026-07-15 00:30:00,DK1,1152.632,154.19,2026-08-30 08:43:34.908991
69279964979168,2026-07-14 20:30:00,2026-07-14 22:30:00,DK1,1249.1974,167.11,2026-08-30 08:43:34.908991
426338948306156,2026-07-14 20:15:00,2026-07-14 22:15:00,DK1,1275.1367,170.58,2026-08-30 08:43:34.908991
721172499433046,2026-07-14 19:00:00,2026-07-14 21:00:00,DK1,1351.9081,180.85,2026-08-30 08:43:34.908991
127885328109449,2026-07-14 18:00:00,2026-07-14 20:00:00,DK1,1304.4398,174.5,2026-08-30 08:43:34.908991
188395948726898,2026-07-14 17:30:00,2026-07-14 19:30:00,DK1,1210.3258,161.91,2026-08-30 08:43:34.908991
117777224360592,2026-07-14 16:15:00,2026-07-14 18:15:00,DK1,967.8271,129.47,2026-08-30 08:43:34.908991
435447574369793,2026-07-14 16:00:00,2026-07-14 18:00:00,DK1,922.5268,123.41,2026-08-30 08:43:34.908991
936061555943809,2026-07-14 14:00:00,2026-07-14 16:00:00,DK1,507.1991,67.85,2026-08-30 08:43:34.908991
953481680989479,2026-07-14 13:45:00,2026-07-14 15:45:00,DK1,601.91113,80.52,2026-08-30 08:43:34.908991
958674387725644,2026-07-14 13:00:00,2026-07-14 15:00:00,DK1,364.8694,48.81,2026-08-30 08:43:34.908991
580835868924420,2026-07-14 12:00:00,2026-07-14 14:00:00,DK1,325.54932,43.55,2026-08-30 08:43:34.908991
544577149138215,2026-07-14 11:45:00,2026-07-14 13:45:00,DK1,306.93582,41.06,2026-08-30 08:43:34.908991
480631161889295,2026-07-14 11:30:00,2026-07-14 13:30:00,DK1,354.40396,47.41,2026-08-30 08:43:34.908991
442430973624322,2026-07-14 10:15:00,2026-07-14 12:15:00,DK1,457.93686,61.26,2026-08-30 08:43:34.908991
721401786116689,2026-07-14 09:30:00,2026-07-14 11:30:00,DK1,670.3849,89.68,2026-08-30 08:43:34.908991
530587366240968,2026-07-14 08:30:00,2026-07-14 10:30:00,DK1,767.93756,102.73,2026-08-30 08:43:34.908991
858425149078294,2026-07-14 07:15:00,2026-07-14 09:15:00,DK1,934.71155,125.04,2026-08-30 08:43:34.908991
676070810368466,2026-07-14 06:30:00,2026-07-14 08:30:00,DK1,987.33765,132.08,2026-08-30 08:43:34.908991
703409172466244,2026-07-14 06:15:00,2026-07-14 08:15:00,DK1,1048.8594,140.31,2026-08-30 08:43:34.908991
606049539047258,2026-07-14 06:00:00,2026-07-14 08:00:00,DK1,1109.1102,148.37,2026-08-30 08:43:34.908991
14385755490424,2026-07-14 05:45:00,2026-07-14 07:45:00,DK1,1073.0793,143.55,2026-08-30 08:43:34.908991
263770834572971,2026-07-14 05:00:00,2026-07-14 07:00:00,DK1,1151.8689,154.09,2026-08-30 08:43:34.908991
676294957397848,2026-07-14 04:45:00,2026-07-14 06:45:00,DK1,1100.7379,147.25,2026-08-30 08:43:34.908991
318680342999054,2026-07-14 04:00:00,2026-07-14 06:00:00,DK1,1084.1427,145.03,2026-08-30 08:43:34.908991
890704619613463,2026-07-14 03:00:00,2026-07-14 05:00:00,DK1,973.8074,130.27,2026-08-30 08:43:34.908991
393106217254784,2026-07-14 02:45:00,2026-07-14 04:45:00,DK1,978.3673,130.88,2026-08-30 08:43:34.908991
224735961377975,2026-07-14 02:15:00,2026-07-14 04:15:00,DK1,940.916,125.87,2026-08-30 08:43:34.908991
152564714613995,2026-07-14 02:00:00,2026-07-14 04:00:00,DK1,939.0472,125.62,2026-08-30 08:43:34.908991
987789369627812,2026-07-14 01:30:00,2026-07-14 03:30:00,DK1,950.0358,127.09,2026-08-30 08:43:34.908991
548831470369534,2026-07-14 00:00:00,2026-07-14 02:00:00,DK1,968.4251,129.55,2026-08-30 08:43:34.908991
702799500421691,2026-07-13 23:30:00,2026-07-14 01:30:00,DK1,994.1402,132.99,2026-08-30 08:43:34.908991
415971931986419,2026-07-13 22:30:00,2026-07-14 00:30:00,DK1,1024.3403,137.03,2026-08-30 08:43:34.908991
578908422531813,2026-07-13 21:30:00,2026-07-13 23:30:00,DK1,1067.3552,142.79,2026-08-30 08:43:34.908991
365841448417113,2026-07-13 21:00:00,2026-07-13 23:00:00,DK1,1120.1288,149.85,2026-08-30 08:43:34.908991
581906263687034,2026-07-13 20:00:00,2026-07-13 22:00:00,DK1,1291.979,172.84,2026-08-30 08:43:34.908991
744226507550599,2026-07-13 19:00:00,2026-07-13 21:00:00,DK1,1355.2922,181.31,2026-08-30 08:43:34.908991
354247552552370,2026-07-13 18:00:00,2026-07-13 20:00:00,DK1,1373.0079,183.68,2026-08-30 08:43:34.908991
321188757361259,2026-07-13 17:30:00,2026-07-13 19:30:00,DK1,1240.4015,165.94,2026-08-30 08:43:34.908991
901743712085222,2026-07-13 17:15:00,2026-07-13 19:15:00,DK1,1143.675,153.0,2026-08-30 08:43:34.908991
384929062559009,2026-07-13 15:30:00,2026-07-13 17:30:00,DK1,980.04724,131.11,2026-08-30 08:43:34.908991
792331219441817,2026-07-13 14:45:00,2026-07-13 16:45:00,DK1,794.21875,106.25,2026-08-30 08:43:34.908991
372599694845478,2026-07-13 14:15:00,2026-07-13 16:15:00,DK1,683.6635,91.46,2026-08-30 08:43:34.908991
902408537331450,2026-07-13 12:45:00,2026-07-13 14:45:00,DK1,449.32227,60.11,2026-08-30 08:43:34.908991
640383430549367,2026-07-13 11:30:00,2026-07-13 13:30:00,DK1,384.73825,51.47,2026-08-30 08:43:34.908991
362775387857654,2026-07-13 11:00:00,2026-07-13 13:00:00,DK1,422.786,56.56,2026-08-30 08:43:34.908991
780912139983400,2026-07-13 09:30:00,2026-07-13 11:30:00,DK1,523.25,70.0,2026-08-30 08:43:34.908991
217241259157469,2026-07-13 08:45:00,2026-07-13 10:45:00,DK1,608.2408,81.37,2026-08-30 08:43:34.908991
694727439944580,2026-07-13 07:45:00,2026-07-13 09:45:00,DK1,769.02795,102.88,2026-08-30 08:43:34.908991
409566825244723,2026-07-13 07:30:00,2026-07-13 09:30:00,DK1,856.037,114.52,2026-08-30 08:43:34.908991
535416290588802,2026-07-13 07:15:00,2026-07-13 09:15:00,DK1,972.7218,130.13,2026-08-30 08:43:34.908991
210737521589929,2026-07-13 06:30:00,2026-07-13 08:30:00,DK1,979.2997,131.01,2026-08-30 08:43:34.908991
42952593343792,2026-07-13 06:15:00,2026-07-13 08:15:00,DK1,1093.5177,146.29,2026-08-30 08:43:34.908991
589372808165744,2026-07-13 05:30:00,2026-07-13 07:30:00,DK1,1139.788,152.48,2026-08-30 08:43:34.908991
137356032395329,2026-07-13 05:15:00,2026-07-13 07:15:00,DK1,1220.6675,163.3,2026-08-30 08:43:34.908991
695804055849368,2026-07-13 04:30:00,2026-07-13 06:30:00,DK1,1123.5673,150.31,2026-08-30 08:43:34.908991
714008640480644,2026-07-12 23:45:00,2026-07-13 01:45:00,DK1,908.8852,121.59,2026-08-30 08:43:34.908991
746022160312715,2026-07-12 23:15:00,2026-07-13 01:15:00,DK1,928.1707,124.17,2026-08-30 08:43:34.908991
961812202720289,2026-07-12 22:45:00,2026-07-13 00:45:00,DK1,953.58575,127.57,2026-08-30 08:43:34.908991
813858196402404,2026-07-12 21:15:00,2026-07-12 23:15:00,DK1,1030.8163,137.9,2026-08-30 08:43:34.908991
111514660757744,2026-07-12 21:00:00,2026-07-12 23:00:00,DK1,1083.6653,144.97,2026-08-30 08:43:34.908991
288392685186561,2026-07-12 16:30:00,2026-07-12 18:30:00,DK1,869.8027,116.36,2026-08-30 08:43:34.908991
935407139396987,2026-07-12 16:15:00,2026-07-12 18:15:00,DK1,734.8771,98.31,2026-08-30 08:43:34.908991
793126291057995,2026-07-12 16:00:00,2026-07-12 18:00:00,DK1,195.84763,26.2,2026-08-30 08:43:34.908991
270935830674211,2026-07-12 15:15:00,2026-07-12 17:15:00,DK1,21.079782,2.82,2026-08-30 08:43:34.908991
276684006755030,2026-07-12 14:00:00,2026-07-12 16:00:00,DK1,-0.149502,-0.02,2026-08-30 08:43:34.908991
648922176439527,2026-07-12 13:45:00,2026-07-12 15:45:00,DK1,-0.448506,-0.06,2026-08-30 08:43:34.908991
539761162466056,2026-07-12 12:30:00,2026-07-12 14:30:00,DK1,-0.598008,-0.08,2026-08-30 08:43:34.908991
583799659060429,2026-07-12 11:45:00,2026-07-12 13:45:00,DK1,-0.672759,-0.09,2026-08-30 08:43:34.908991
233742079763773,2026-07-12 11:15:00,2026-07-12 13:15:00,DK1,-0.598008,-0.08,2026-08-30 08:43:34.908991
283981319769900,2026-07-12 10:45:00,2026-07-12 12:45:00,DK1,-21.378786,-2.86,2026-08-30 08:43:34.908991
794727038456565,2026-07-12 10:30:00,2026-07-12 12:30:00,DK1,-29.9004,-4.0,2026-08-30 08:43:34.908991
418273764971952,2026-07-12 09:45:00,2026-07-12 11:45:00,DK1,-0.074751,-0.01,2026-08-30 08:43:34.908991
323626242272640,2026-07-12 09:00:00,2026-07-12 11:00:00,DK1,3.73755,0.5,2026-08-30 08:43:34.908991
848850383196862,2026-07-12 08:15:00,2026-07-12 10:15:00,DK1,14.9502,2.0,2026-08-30 08:43:34.908991
584054160262756,2026-07-12 07:30:00,2026-07-12 09:30:00,DK1,7.4751,1.0,2026-08-30 08:43:34.908991
841432446077730,2026-07-12 07:00:00,2026-07-12 09:00:00,DK1,149.502,20.0,2026-08-30 08:43:34.908991
281098997734933,2026-07-12 06:30:00,2026-07-12 08:30:00,DK1,391.39624,52.36,2026-08-30 08:43:34.908991
704001217984071,2026-07-12 05:15:00,2026-07-12 07:15:00,DK1,809.55334,108.3,2026-08-30 08:43:34.908991
716785049416998,2026-07-12 03:00:00,2026-07-12 05:00:00,DK1,926.9124,124.0,2026-08-30 08:43:34.908991
461306071815347,2026-07-12 02:45:00,2026-07-12 04:45:00,DK1,898.4323,120.19,2026-08-30 08:43:34.908991
503776372157872,2026-07-12 01:00:00,2026-07-12 03:00:00,DK1,956.28955,127.93,2026-08-30 08:43:34.908991
483356366838068,2026-07-12 00:15:00,2026-07-12 02:15:00,DK1,942.1616,126.04,2026-08-30 08:43:34.908991
799307274391635,2026-07-11 23:45:00,2026-07-12 01:45:00,DK1,941.8626,126.0,2026-08-30 08:43:34.908991
821970428890136,2026-07-11 23:00:00,2026-07-12 01:00:00,DK1,1010.6335,135.2,2026-08-30 08:43:34.908991
200274288675218,2026-07-11 22:45:00,2026-07-12 00:45:00,DK1,975.50055,130.5,2026-08-30 08:43:34.908991
686585195381677,2026-07-11 19:30:00,2026-07-11 21:30:00,DK1,1180.692,157.95,2026-08-30 08:43:34.908991
970571442051819,2026-07-11 19:15:00,2026-07-11 21:15:00,DK1,1155.8748,154.63,2026-08-30 08:43:34.908991
912875245618606,2026-07-11 18:15:00,2026-07-11 20:15:00,DK1,1130.8331,151.28,2026-08-30 08:43:34.908991
951685929708668,2026-07-11 16:45:00,2026-07-11 18:45:00,DK1,1046.1403,139.95,2026-08-30 08:43:34.908991
833813883693793,2026-07-11 16:30:00,2026-07-11 18:30:00,DK1,981.48065,131.3,2026-08-30 08:43:34.908991
966917803761146,2026-07-11 15:30:00,2026-07-11 17:30:00,DK1,710.583,95.06,2026-08-30 08:43:34.908991
579697008938544,2026-07-11 15:15:00,2026-07-11 17:15:00,DK1,502.25198,67.19,2026-08-30 08:43:34.908991
189405543010731,2026-07-11 14:00:00,2026-07-11 16:00:00,DK1,25.41534,3.4,2026-08-30 08:43:34.908991
948501545382854,2026-07-11 11:15:00,2026-07-11 13:15:00,DK1,47.16788,6.31,2026-08-30 08:43:34.908991
773686425920892,2026-07-11 10:15:00,2026-07-11 12:15:00,DK1,49.933666,6.68,2026-08-30 08:43:34.908991
255414241292525,2026-07-11 08:15:00,2026-07-11 10:15:00,DK1,135.22456,18.09,2026-08-30 08:43:34.908991
285193414799926,2026-07-11 06:45:00,2026-07-11 08:45:00,DK1,672.08624,89.91,2026-08-30 08:43:34.908991
232452062098132,2026-07-11 06:30:00,2026-07-11 08:30:00,DK1,790.79083,105.79,2026-08-30 08:43:34.908991
105221676538261,2026-07-11 05:30:00,2026-07-11 07:30:00,DK1,912.037,122.01,2026-08-30 08:43:34.908991
632119984365641,2026-07-11 05:15:00,2026-07-11 07:15:00,DK1,948.51544,126.89,2026-08-30 08:43:34.908991
541845690829155,2026-07-11 03:45:00,2026-07-11 05:45:00,DK1,1014.1468,135.67,2026-08-30 08:43:34.908991
792025623583892,2026-07-11 02:45:00,2026-07-11 04:45:00,DK1,1024.5372,137.06,2026-08-30 08:43:34.908991
246870309762329,2026-07-11 01:00:00,2026-07-11 03:00:00,DK1,1054.7367,141.1,2026-08-30 08:43:34.908991
633862277193777,2026-07-10 23:45:00,2026-07-11 01:45:00,DK1,1049.5789,140.41,2026-08-30 08:43:34.908991
350674015870907,2026-07-10 21:30:00,2026-07-10 23:30:00,DK1,1146.456,153.37,2026-08-30 08:43:34.908991
77865623503331,2026-07-10 19:45:00,2026-07-10 21:45:00,DK1,1260.0028,168.56,2026-08-30 08:43:34.908991
858735333250537,2026-07-10 19:30:00,2026-07-10 21:30:00,DK1,1270.767,170.0,2026-08-30 08:43:34.908991
546223208078476,2026-07-10 17:30:00,2026-07-10 19:30:00,DK1,1308.1425,175.0,2026-08-30 08:43:34.908991
498136757570561,2026-07-10 15:30:00,2026-07-10 17:30:00,DK1,878.997,117.59,2026-08-30 08:43:34.908991
51535077355511,2026-07-10 14:45:00,2026-07-10 16:45:00,DK1,838.2577,112.14,2026-08-30 08:43:34.908991
320946010314782,2026-07-10 12:15:00,2026-07-10 14:15:00,DK1,299.004,40.0,2026-08-30 08:43:34.908991
446078791388964,2026-07-10 11:00:00,2026-07-10 13:00:00,DK1,324.71832,43.44,2026-08-30 08:43:34.908991
271299663663699,2026-07-10 10:30:00,2026-07-10 12:30:00,DK1,394.2368,52.74,2026-08-30 08:43:34.908991
41179258939652,2026-07-10 10:00:00,2026-07-10 12:00:00,DK1,584.5528,78.2,2026-08-30 08:43:34.908991
693837753862890,2026-07-10 09:45:00,2026-07-10 11:45:00,DK1,491.1888,65.71,2026-08-30 08:43:34.908991
308026893894637,2026-07-10 09:30:00,2026-07-10 11:30:00,DK1,560.6325,75.0,2026-08-30 08:43:34.908991
49554518318379,2026-07-10 07:30:00,2026-07-10 09:30:00,DK1,861.50525,115.25,2026-08-30 08:43:34.908991
43848629032377,2026-07-10 06:30:00,2026-07-10 08:30:00,DK1,979.2381,131.0,2026-08-30 08:43:34.908991
805836676855628,2026-07-10 06:15:00,2026-07-10 08:15:00,DK1,1051.6719,140.69,2026-08-30 08:43:34.908991
322201836380296,2026-07-10 05:15:00,2026-07-10 07:15:00,DK1,1146.3066,153.35,2026-08-30 08:43:34.908991
366596162703950,2026-07-10 04:15:00,2026-07-10 06:15:00,DK1,1164.8448,155.83,2026-08-30 08:43:34.908991
639330276944025,2026-07-10 03:45:00,2026-07-10 05:45:00,DK1,1090.0192,145.82,2026-08-30 08:43:34.908991
898622998908035,2026-07-10 02:30:00,2026-07-10 04:30:00,DK1,1027.9758,137.52,2026-08-30 08:43:34.908991
457732396049067,2026-07-10 01:45:00,2026-07-10 03:45:00,DK1,1030.3678,137.84,2026-08-30 08:43:34.908991
196587941367427,2026-07-10 00:45:00,2026-07-10 02:45:00,DK1,1036.6469,138.68,2026-08-30 08:43:34.908991
795951564207093,2026-07-09 23:30:00,2026-07-10 01:30:00,DK1,1063.7068,142.3,2026-08-30 08:43:34.908991
517578091951218,2026-07-09 21:45:00,2026-07-09 23:45:00,DK1,1179.378,157.77,2026-08-30 08:43:34.908991
816872619272936,2026-07-09 21:30:00,2026-07-09 23:30:00,DK1,1169.5854,156.46,2026-08-30 08:43:34.908991
689133200732245,2026-07-09 21:00:00,2026-07-09 23:00:00,DK1,1296.0675,173.38,2026-08-30 08:43:34.908991
392477765453094,2026-07-09 20:15:00,2026-07-09 22:15:00,DK1,1418.2887,189.73,2026-08-30 08:43:34.908991
387063598326787,2026-07-09 17:45:00,2026-07-09 19:45:00,DK1,1501.9373,200.92,2026-08-30 08:43:34.908991
92758895897759,2026-07-09 16:45:00,2026-07-09 18:45:00,DK1,1105.2231,147.85,2026-08-30 08:43:34.908991
214146238227778,2026-07-09 16:30:00,2026-07-09 18:30:00,DK1,1020.6774,136.54,2026-08-30 08:43:34.908991
930355364339035,2026-07-09 15:45:00,2026-07-09 17:45:00,DK1,971.4152,129.95,2026-08-30 08:43:34.908991
73277057135489,2026-07-09 15:15:00,2026-07-09 17:15:00,DK1,787.82184,105.39,2026-08-30 08:43:34.908991
596554884666096,2026-07-09 13:00:00,2026-07-09 15:00:00,DK1,254.23494,34.01,2026-08-30 08:43:34.908991
792367936601141,2026-07-09 11:30:00,2026-07-09 13:30:00,DK1,308.58038,41.28,2026-08-30 08:43:34.908991
509415130851677,2026-07-09 11:00:00,2026-07-09 13:00:00,DK1,460.55325,61.61,2026-08-30 08:43:34.908991
267189424659954,2026-07-09 10:45:00,2026-07-09 12:45:00,DK1,426.9144,57.11,2026-08-30 08:43:34.908991
973114586796949,2026-07-09 10:30:00,2026-07-09 12:30:00,DK1,474.7563,63.51,2026-08-30 08:43:34.908991
955431893794849,2026-07-09 09:30:00,2026-07-09 11:30:00,DK1,633.7559,84.78,2026-08-30 08:43:34.908991
84943757580273,2026-07-09 07:00:00,2026-07-09 09:00:00,DK1,991.22485,132.6,2026-08-30 08:43:34.908991
202602188189080,2026-07-09 05:30:00,2026-07-09 07:30:00,DK1,1069.4164,143.06,2026-08-30 08:43:34.908991
591267412217045,2026-07-09 05:15:00,2026-07-09 07:15:00,DK1,1130.0411,151.17,2026-08-30 08:43:34.908991
980630669700799,2026-07-09 03:45:00,2026-07-09 05:45:00,DK1,1056.2599,141.3,2026-08-30 08:43:34.908991
806883867006902,2026-07-09 03:15:00,2026-07-09 05:15:00,DK1,984.198,131.66,2026-08-30 08:43:34.908991
512299855172532,2026-07-08 23:15:00,2026-07-09 01:15:00,DK1,996.08374,133.25,2026-08-30 08:43:34.908991
39175021659320,2026-07-08 22:45:00,2026-07-09 00:45:00,DK1,975.30237,130.47,2026-08-30 08:43:34.908991
966909542628549,2026-07-08 22:00:00,2026-07-09 00:00:00,DK1,1029.1992,137.68,2026-08-30 08:43:34.908991
324259893646346,2026-07-08 21:45:00,2026-07-08 23:45:00,DK1,1011.57117,135.32,2026-08-30 08:43:34.908991
660200655797403,2026-07-08 21:30:00,2026-07-08 23:30:00,DK1,1052.3121,140.77,2026-08-30 08:43:34.908991
871260367135937,2026-07-08 21:15:00,2026-07-08 23:15:00,DK1,1059.4884,141.73,2026-08-30 08:43:34.908991
951172904198725,2026-07-08 18:45:00,2026-07-08 20:45:00,DK1,1239.0476,165.75,2026-08-30 08:43:34.908991
658493804648684,2026-07-08 17:15:00,2026-07-08 19:15:00,DK1,908.4106,121.52,2026-08-30 08:43:34.908991
199887905854445,2026-07-08 16:45:00,2026-07-08 18:45:00,DK1,806.81995,107.93,2026-08-30 08:43:34.908991
388185441863445,2026-07-08 16:30:00,2026-07-08 18:30:00,DK1,824.3123,110.27,2026-08-30 08:43:34.908991
946130948261585,2026-07-08 16:00:00,2026-07-08 18:00:00,DK1,593.24774,79.36,2026-08-30 08:43:34.908991
857430061819980,2026-07-08 15:30:00,2026-07-08 17:30:00,DK1,621.95325,83.2,2026-08-30 08:43:34.908991
266974990557009,2026-07-08 13:30:00,2026-07-08 15:30:00,DK1,112.65428,15.07,2026-08-30 08:43:34.908991
396281443188137,2026-07-08 13:15:00,2026-07-08 15:15:00,DK1,68.32516,9.14,2026-08-30 08:43:34.908991
210082719620403,2026-07-08 13:00:00,2026-07-08 15:00:00,DK1,67.65237,9.05,2026-08-30 08:43:34.908991
518816753208719,2026-07-08 11:15:00,2026-07-08 13:15:00,DK1,179.85812,24.06,2026-08-30 08:43:34.908991
935181466616384,2026-07-08 10:30:00,2026-07-08 12:30:00,DK1,345.21396,46.18,2026-08-30 08:43:34.908991
863424553409790,2026-07-08 10:15:00,2026-07-08 12:15:00,DK1,414.2119,55.41,2026-08-30 08:43:34.908991
969437318069528,2026-07-08 10:00:00,2026-07-08 12:00:00,DK1,405.6152,54.26,2026-08-30 08:43:34.908991
598948191493703,2026-07-08 08:15:00,2026-07-08 10:15:00,DK1,557.2163,74.54,2026-08-30 08:43:34.908991
538868227411617,2026-07-08 07:30:00,2026-07-08 09:30:00,DK1,563.1966,75.34,2026-08-30 08:43:34.908991
593122267980603,2026-07-08 06:00:00,2026-07-08 08:00:00,DK1,821.6959,109.92,2026-08-30 08:43:34.908991
453234473684375,2026-07-08 05:30:00,2026-07-08 07:30:00,DK1,796.72815,106.58,2026-08-30 08:43:34.908991
760441661113883,2026-07-08 04:00:00,2026-07-08 06:00:00,DK1,879.0322,117.59,2026-08-30 08:43:34.908991
381577983313210,2026-07-08 03:45:00,2026-07-08 05:45:00,DK1,744.8489,99.64,2026-08-30 08:43:34.908991
618206876954734,2026-07-08 02:15:00,2026-07-08 04:15:00,DK1,801.9609,107.28,2026-08-30 08:43:34.908991
137415158214725,2026-07-08 01:45:00,2026-07-08 03:45:00,DK1,792.61664,106.03,2026-08-30 08:43:34.908991
203534534417211,2026-07-07 23:00:00,2026-07-08 01:00:00,DK1,737.74725,98.69,2026-08-30 08:43:34.908991
67679363460565,2026-07-07 21:00:00,2026-07-07 23:00:00,DK1,607.98395,81.34,2026-08-30 08:43:34.908991
697279976711645,2026-07-07 20:15:00,2026-07-07 22:15:00,DK1,666.58484,89.18,2026-08-30 08:43:34.908991
281059717077449,2026-07-07 19:45:00,2026-07-07 21:45:00,DK1,725.0362,97.0,2026-08-30 08:43:34.908991
336724154658933,2026-07-07 18:15:00,2026-07-07 20:15:00,DK1,626.5957,83.83,2026-08-30 08:43:34.908991
481583749422261,2026-07-07 16:30:00,2026-07-07 18:30:00,DK1,452.88602,60.59,2026-08-30 08:43:34.908991
560206496231235,2026-07-07 16:00:00,2026-07-07 18:00:00,DK1,112.119,15.0,2026-08-30 08:43:34.908991
818215450878216,2026-07-07 15:15:00,2026-07-07 17:15:00,DK1,12.034106,1.61,2026-08-30 08:43:34.908991
943540833157950,2026-07-07 14:15:00,2026-07-07 16:15:00,DK1,21.900578,2.93,2026-08-30 08:43:34.908991
763243353310453,2026-07-07 13:45:00,2026-07-07 15:45:00,DK1,15.995644,2.14,2026-08-30 08:43:34.908991
842992067128511,2026-07-07 13:15:00,2026-07-07 15:15:00,DK1,-0.074746,-0.01,2026-08-30 08:43:34.908991
50578851960318,2026-07-07 12:15:00,2026-07-07 14:15:00,DK1,-0.074746,-0.01,2026-08-30 08:43:34.908991
983647405102249,2026-07-07 11:15:00,2026-07-07 13:15:00,DK1,10.015964,1.34,2026-08-30 08:43:34.908991
884243609150250,2026-07-07 11:00:00,2026-07-07 13:00:00,DK1,10.165456,1.36,2026-08-30 08:43:34.908991
718245746242119,2026-07-07 09:15:00,2026-07-07 11:15:00,DK1,18.537008,2.48,2026-08-30 08:43:34.908991
161569114077795,2026-07-07 09:00:00,2026-07-07 11:00:00,DK1,155.02321,20.74,2026-08-30 08:43:34.908991
971902581139060,2026-07-07 08:30:00,2026-07-07 10:30:00,DK1,262.88165,35.17,2026-08-30 08:43:34.908991
509926293563506,2026-07-07 04:45:00,2026-07-07 06:45:00,DK1,773.84534,103.53,2026-08-30 08:43:34.908991
177306190437916,2026-07-07 04:30:00,2026-07-07 06:30:00,DK1,778.03107,104.09,2026-08-30 08:43:34.908991
223227685886717,2026-07-07 04:15:00,2026-07-07 06:15:00,DK1,743.19946,99.43,2026-08-30 08:43:34.908991
665786991541160,2026-07-07 03:15:00,2026-07-07 05:15:00,DK1,722.7191,96.69,2026-08-30 08:43:34.908991
355516442631643,2026-07-07 03:00:00,2026-07-07 05:00:00,DK1,733.034,98.07,2026-08-30 08:43:34.908991
30775694808275,2026-07-07 01:45:00,2026-07-07 03:45:00,DK1,728.325,97.44,2026-08-30 08:43:34.908991
4759635749307,2026-07-07 00:45:00,2026-07-07 02:45:00,DK1,711.73145,95.22,2026-08-30 08:43:34.908991
24870957796363,2026-07-06 21:15:00,2026-07-06 23:15:00,DK1,917.0085,122.68,2026-08-30 08:43:34.908991
286234554936912,2026-07-06 20:15:00,2026-07-06 22:15:00,DK1,972.02295,130.04,2026-08-30 08:43:34.908991
867218742227582,2026-07-06 19:00:00,2026-07-06 21:00:00,DK1,1004.83734,134.43,2026-08-30 08:43:34.908991
550268429268333,2026-07-06 17:45:00,2026-07-06 19:45:00,DK1,960.5865,128.51,2026-08-30 08:43:34.908991
253068573551352,2026-07-06 16:00:00,2026-07-06 18:00:00,DK1,604.4871,80.87,2026-08-30 08:43:34.908991
826086244631592,2026-07-06 15:45:00,2026-07-06 17:45:00,DK1,706.89185,94.57,2026-08-30 08:43:34.908991
57635592074908,2026-07-06 15:15:00,2026-07-06 17:15:00,DK1,489.97318,65.55,2026-08-30 08:43:34.908991
337739348182436,2026-07-06 14:30:00,2026-07-06 16:30:00,DK1,291.14346,38.95,2026-08-30 08:43:34.908991
52455609175116,2026-07-06 14:00:00,2026-07-06 16:00:00,DK1,68.02068,9.1,2026-08-30 08:43:34.908991
616963081488872,2026-07-06 13:30:00,2026-07-06 15:30:00,DK1,83.34402,11.15,2026-08-30 08:43:34.908991
355203484920354,2026-07-06 13:00:00,2026-07-06 15:00:00,DK1,70.93585,9.49,2026-08-30 08:43:34.908991
478094027043942,2026-07-06 12:00:00,2026-07-06 14:00:00,DK1,144.71213,19.36,2026-08-30 08:43:34.908991
961848401098112,2026-07-06 11:45:00,2026-07-06 13:45:00,DK1,143.8899,19.25,2026-08-30 08:43:34.908991
203740533805529,2026-07-06 10:00:00,2026-07-06 12:00:00,DK1,463.36285,61.99,2026-08-30 08:43:34.908991
263163948758390,2026-07-06 09:45:00,2026-07-06 11:45:00,DK1,437.20108,58.49,2026-08-30 08:43:34.908991
783824773784491,2026-07-06 09:00:00,2026-07-06 11:00:00,DK1,678.0391,90.71,2026-08-30 08:43:34.908991
150694030375640,2026-07-06 08:45:00,2026-07-06 10:45:00,DK1,540.8765,72.36,2026-08-30 08:43:34.908991
460056361749694,2026-07-06 08:15:00,2026-07-06 10:15:00,DK1,727.597,97.34,2026-08-30 08:43:34.908991
695696102556666,2026-07-06 07:30:00,2026-07-06 09:30:00,DK1,800.17737,107.05,2026-08-30 08:43:34.908991
930621357686528,2026-07-06 07:00:00,2026-07-06 09:00:00,DK1,966.0432,129.24,2026-08-30 08:43:34.908991
657311786196827,2026-07-06 06:00:00,2026-07-06 08:00:00,DK1,1178.0286,157.6,2026-08-30 08:43:34.908991
267145110676209,2026-07-06 03:00:00,2026-07-06 05:00:00,DK1,860.2,115.08,2026-08-30 08:43:34.908991
688382748492408,2026-07-06 02:15:00,2026-07-06 04:15:00,DK1,843.60596,112.86,2026-08-30 08:43:34.908991
241460415146103,2026-07-06 00:30:00,2026-07-06 02:30:00,DK1,876.64453,117.28,2026-08-30 08:43:34.908991
355556077830658,2026-07-06 00:00:00,2026-07-06 02:00:00,DK1,931.8086,124.66,2026-08-30 08:43:34.908991
615141928001938,2026-07-05 23:30:00,2026-07-06 01:30:00,DK1,918.65295,122.9,2026-08-30 08:43:34.908991
55293532804286,2026-07-05 21:30:00,2026-07-05 23:30:00,DK1,728.3997,97.45,2026-08-30 08:43:34.908991
555345053664842,2026-07-05 20:15:00,2026-07-05 22:15:00,DK1,723.8402,96.84,2026-08-30 08:43:34.908991
913068455787269,2026-07-05 20:00:00,2026-07-05 22:00:00,DK1,759.4194,101.6,2026-08-30 08:43:34.908991
751625201462189,2026-07-05 18:30:00,2026-07-05 20:30:00,DK1,619.7938,82.92,2026-08-30 08:43:34.908991
235066401164445,2026-07-05 17:45:00,2026-07-05 19:45:00,DK1,474.03912,63.42,2026-08-30 08:43:34.908991
670269662920016,2026-07-05 16:45:00,2026-07-05 18:45:00,DK1,137.90637,18.45,2026-08-30 08:43:34.908991
304644715249369,2026-07-05 13:45:00,2026-07-05 15:45:00,DK1,-7.325108,-0.98,2026-08-30 08:43:34.908991
439401944668113,2026-07-05 13:15:00,2026-07-05 15:15:00,DK1,-7.698838,-1.03,2026-08-30 08:43:34.908991
721686130189314,2026-07-05 11:15:00,2026-07-05 13:15:00,DK1,-1.569666,-0.21,2026-08-30 08:43:34.908991
931831706738494,2026-07-05 11:00:00,2026-07-05 13:00:00,DK1,-1.270682,-0.17,2026-08-30 08:43:34.908991
577206610904482,2026-07-05 10:15:00,2026-07-05 12:15:00,DK1,-0.672714,-0.09,2026-08-30 08:43:34.908991
4002296857254,2026-07-05 09:45:00,2026-07-05 11:45:00,DK1,-0.149492,-0.02,2026-08-30 08:43:34.908991
793153288492424,2026-07-05 08:00:00,2026-07-05 10:00:00,DK1,0.0,0.0,2026-08-30 08:43:34.908991
665238076903669,2026-07-05 07:15:00,2026-07-05 09:15:00,DK1,10.165456,1.36,2026-08-30 08:43:34.908991
223807411642595,2026-07-05 06:30:00,2026-07-05 08:30:00,DK1,57.77866,7.73,2026-08-30 08:43:34.908991
531665398214063,2026-07-05 06:00:00,2026-07-05 08:00:00,DK1,248.67995,33.27,2026-08-30 08:43:34.908991
178834830358485,2026-07-05 05:30:00,2026-07-05 07:30:00,DK1,156.89186,20.99,2026-08-30 08:43:34.908991
579077785235738,2026-07-05 02:15:00,2026-07-05 04:15:00,DK1,467.611,62.56,2026-08-30 08:43:34.908991
816080640210894,2026-07-04 23:45:00,2026-07-05 01:45:00,DK1,686.0188,91.78,2026-08-30 08:43:34.908991
234322132250161,2026-07-04 21:00:00,2026-07-04 23:00:00,DK1,916.98395,122.68,2026-08-30 08:43:34.908991
284959223667383,2026-07-04 18:45:00,2026-07-04 20:45:00,DK1,881.92804,117.99,2026-08-30 08:43:34.908991
203218941190180,2026-07-04 18:30:00,2026-07-04 20:30:00,DK1,879.1625,117.62,2026-08-30 08:43:34.908991
315602362757948,2026-07-04 17:00:00,2026-07-04 19:00:00,DK1,606.3396,81.12,2026-08-30 08:43:34.908991
374969086685837,2026-07-04 16:15:00,2026-07-04 18:15:00,DK1,369.3947,49.42,2026-08-30 08:43:34.908991
56441813586719,2026-07-04 16:00:00,2026-07-04 18:00:00,DK1,85.80841,11.48,2026-08-30 08:43:34.908991
281431254832379,2026-07-04 15:30:00,2026-07-04 17:30:00,DK1,8.521044,1.14,2026-08-30 08:43:34.908991
230525511886287,2026-07-04 14:15:00,2026-07-04 16:15:00,DK1,-0.971698,-0.13,2026-08-30 08:43:34.908991
869158444291602,2026-07-04 13:30:00,2026-07-04 15:30:00,DK1,-15.547168,-2.08,2026-08-30 08:43:34.908991
837781817601154,2026-07-04 12:30:00,2026-07-04 14:30:00,DK1,-37.821476,-5.06,2026-08-30 08:43:34.908991
231807185275777,2026-07-04 11:30:00,2026-07-04 13:30:00,DK1,-46.34252,-6.2,2026-08-30 08:43:34.908991
929019560302793,2026-07-04 11:15:00,2026-07-04 13:15:00,DK1,-37.373,-5.0,2026-08-30 08:43:34.908991
20441406447290,2026-07-04 10:30:00,2026-07-04 12:30:00,DK1,-3.36357,-0.45,2026-08-30 08:43:34.908991
29125822155524,2026-07-04 09:30:00,2026-07-04 11:30:00,DK1,-0.074746,-0.01,2026-08-30 08:43:34.908991
896581706200531,2026-07-04 08:15:00,2026-07-04 10:15:00,DK1,0.0,0.0,2026-08-30 08:43:34.908991
666926620366718,2026-07-04 05:15:00,2026-07-04 07:15:00,DK1,596.62256,79.82,2026-08-30 08:43:34.908991
438112922911817,2026-07-04 03:15:00,2026-07-04 05:15:00,DK1,543.47815,72.71,2026-08-30 08:43:34.908991
723551934095568,2026-07-04 02:45:00,2026-07-04 04:45:00,DK1,594.9034,79.59,2026-08-30 08:43:34.908991
774420188451205,2026-07-04 02:00:00,2026-07-04 04:00:00,DK1,614.4121,82.2,2026-08-30 08:43:34.908991
122533914323851,2026-07-04 01:30:00,2026-07-04 03:30:00,DK1,665.5384,89.04,2026-08-30 08:43:34.908991
77065323399083,2026-07-04 00:45:00,2026-07-04 02:45:00,DK1,697.23065,93.28,2026-08-30 08:43:34.908991
779858815476281,2026-07-03 22:30:00,2026-07-04 00:30:00,DK1,646.17914,86.45,2026-08-30 08:43:34.908991
363758713771255,2026-07-03 20:30:00,2026-07-03 22:30:00,DK1,523.37146,70.02,2026-08-30 08:43:34.908991
99890121355704,2026-07-03 20:15:00,2026-07-03 22:15:00,DK1,452.88602,60.59,2026-08-30 08:43:34.908991
631750835720363,2026-07-03 19:30:00,2026-07-03 21:30:00,DK1,463.4252,62.0,2026-08-30 08:43:34.908991
701371231269152,2026-07-03 18:30:00,2026-07-03 20:30:00,DK1,463.49994,62.01,2026-08-30 08:43:34.908991
593054647864674,2026-07-03 17:00:00,2026-07-03 19:00:00,DK1,295.99414,39.6,2026-08-30 08:43:34.908991
42881755443840,2026-07-03 16:30:00,2026-07-03 18:30:00,DK1,241.50433,32.31,2026-08-30 08:43:34.908991
296814757622605,2026-07-03 14:45:00,2026-07-03 16:45:00,DK1,-0.149492,-0.02,2026-08-30 08:43:34.908991
129869659678528,2026-07-03 13:00:00,2026-07-03 15:00:00,DK1,-0.74746,-0.1,2026-08-30 08:43:34.908991
521298878061169,2026-07-03 11:30:00,2026-07-03 13:30:00,DK1,-0.672714,-0.09,2026-08-30 08:43:34.908991
558674731555934,2026-07-03 11:15:00,2026-07-03 13:15:00,DK1,-0.672714,-0.09,2026-08-30 08:43:34.908991
737716238441629,2026-07-03 10:30:00,2026-07-03 12:30:00,DK1,-0.74746,-0.1,2026-08-30 08:43:34.908991
609827403937671,2026-07-03 10:00:00,2026-07-03 12:00:00,DK1,-0.672714,-0.09,2026-08-30 08:43:34.908991
174084108326235,2026-07-03 09:30:00,2026-07-03 11:30:00,DK1,-0.298984,-0.04,2026-08-30 08:43:34.908991
659782839989092,2026-07-03 08:45:00,2026-07-03 10:45:00,DK1,-0.074746,-0.01,2026-08-30 08:43:34.908991
313962161860568,2026-07-03 08:15:00,2026-07-03 10:15:00,DK1,0.74746,0.1,2026-08-30 08:43:34.908991
275060621439987,2026-07-03 08:00:00,2026-07-03 10:00:00,DK1,0.74746,0.1,2026-08-30 08:43:34.908991
779389276252586,2026-07-03 07:30:00,2026-07-03 09:30:00,DK1,-0.074746,-0.01,2026-08-30 08:43:34.908991
669470592218730,2026-07-03 06:45:00,2026-07-03 08:45:00,DK1,122.80768,16.43,2026-08-30 08:43:34.908991
899041906628152,2026-07-03 06:30:00,2026-07-03 08:30:00,DK1,417.00793,55.79,2026-08-30 08:43:34.908991
281411136333654,2026-07-03 05:45:00,2026-07-03 07:45:00,DK1,269.16034,36.01,2026-08-30 08:43:34.908991
239918758479305,2026-07-03 05:15:00,2026-07-03 07:15:00,DK1,335.98328,44.95,2026-08-30 08:43:34.908991
415568784891518,2026-07-03 04:15:00,2026-07-03 06:15:00,DK1,397.57397,53.19,2026-08-30 08:43:34.908991
849222577168514,2026-07-03 01:30:00,2026-07-03 03:30:00,DK1,303.46875,40.6,2026-08-30 08:43:34.908991
236930087240534,2026-07-03 01:00:00,2026-07-03 03:00:00,DK1,370.6654,49.59,2026-08-30 08:43:34.908991
907592648847726,2026-07-02 23:00:00,2026-07-03 01:00:00,DK1,578.53406,77.4,2026-08-30 08:43:34.908991
620883395784612,2026-07-02 20:30:00,2026-07-02 22:30:00,DK1,233.88338,31.29,2026-08-30 08:43:34.908991
770183890597010,2026-07-02 20:00:00,2026-07-02 22:00:00,DK1,336.212,44.98,2026-08-30 08:43:34.908991
914071127112373,2026-07-02 19:30:00,2026-07-02 21:30:00,DK1,336.13727,44.97,2026-08-30 08:43:34.908991
406745618578910,2026-07-02 19:00:00,2026-07-02 21:00:00,DK1,523.3038,70.01,2026-08-30 08:43:34.908991
591497428423721,2026-07-02 17:45:00,2026-07-02 19:45:00,DK1,428.37506,57.31,2026-08-30 08:43:34.908991
440693127862931,2026-07-02 16:45:00,2026-07-02 18:45:00,DK1,524.4997,70.17,2026-08-30 08:43:34.908991
147438000036042,2026-07-02 16:15:00,2026-07-02 18:15:00,DK1,77.43789,10.36,2026-08-30 08:43:34.908991
457773719566519,2026-07-02 16:00:00,2026-07-02 18:00:00,DK1,9.941351,1.33,2026-08-30 08:43:34.908991
182759030698870,2026-07-02 15:00:00,2026-07-02 17:00:00,DK1,0.0,0.0,2026-08-30 08:43:34.908991
71162897197375,2026-07-02 14:45:00,2026-07-02 16:45:00,DK1,0.0,0.0,2026-08-30 08:43:34.908991
292346891806222,2026-07-02 14:30:00,2026-07-02 16:30:00,DK1,0.74747,0.1,2026-08-30 08:43:34.908991
157328094067230,2026-07-02 14:15:00,2026-07-02 16:15:00,DK1,-0.149494,-0.02,2026-08-30 08:43:34.908991
948545131327243,2026-07-02 14:00:00,2026-07-02 16:00:00,DK1,-0.672723,-0.09,2026-08-30 08:43:34.908991
906061497329649,2026-07-02 13:00:00,2026-07-02 15:00:00,DK1,-0.597976,-0.08,2026-08-30 08:43:34.908991
770044242578202,2026-07-02 10:30:00,2026-07-02 12:30:00,DK1,18.014027,2.41,2026-08-30 08:43:34.908991
589190391084186,2026-07-02 09:30:00,2026-07-02 11:30:00,DK1,18.16352,2.43,2026-08-30 08:43:34.908991
316494452789849,2026-07-02 08:00:00,2026-07-02 10:00:00,DK1,108.60739,14.53,2026-08-30 08:43:34.908991
276331020026206,2026-07-02 05:00:00,2026-07-02 07:00:00,DK1,926.0406,123.89,2026-08-30 08:43:34.908991
399311339423091,2026-07-02 04:00:00,2026-07-02 06:00:00,DK1,968.2726,129.54,2026-08-30 08:43:34.908991
192302092361223,2026-07-02 03:00:00,2026-07-02 05:00:00,DK1,829.54224,110.98,2026-08-30 08:43:34.908991
891175996311248,2026-07-02 02:15:00,2026-07-02 04:15:00,DK1,853.01276,114.12,2026-08-30 08:43:34.908991
277384663795844,2026-07-02 01:30:00,2026-07-02 03:30:00,DK1,881.0429,117.87,2026-08-30 08:43:34.908991
685506628057367,2026-07-02 00:45:00,2026-07-02 02:45:00,DK1,949.8849,127.08,2026-08-30 08:43:34.908991
784607500019273,2026-07-02 00:30:00,2026-07-02 02:30:00,DK1,973.28076,130.21,2026-08-30 08:43:34.908991
72053566758241,2026-07-02 00:00:00,2026-07-02 02:00:00,DK1,1022.9874,136.86,2026-08-30 08:43:34.908991
502982381278729,2026-07-01 22:30:00,2026-07-02 00:30:00,DK1,1211.5741,162.09,2026-08-30 08:43:34.908991
896756347506010,2026-07-01 20:15:00,2026-07-01 22:15:00,DK1,1573.0834,210.46,2026-08-30 08:43:34.908991
532925956313686,2026-07-01 20:00:00,2026-07-01 22:00:00,DK1,1865.1119,249.53,2026-08-30 08:43:34.908991
718246225418085,2026-07-01 19:15:00,2026-07-01 21:15:00,DK1,1945.1638,260.24,2026-08-30 08:43:34.908991
777054767343746,2026-07-01 19:00:00,2026-07-01 21:00:00,DK1,1922.591,257.22,2026-08-30 08:43:34.908991
703972568914534,2026-07-01 18:00:00,2026-07-01 20:00:00,DK1,1378.4473,184.42,2026-08-30 08:43:34.908991
387079668421020,2026-07-01 16:15:00,2026-07-01 18:15:00,DK1,819.0557,109.58,2026-08-30 08:43:34.908991
434873965566478,2026-07-01 10:30:00,2026-07-01 12:30:00,DK1,851.794,113.96,2026-08-30 08:43:34.908991
496867629755453,2026-07-01 10:15:00,2026-07-01 12:15:00,DK1,847.53357,113.39,2026-08-30 08:43:34.908991
619204081264944,2026-07-01 10:00:00,2026-07-01 12:00:00,DK1,886.6252,118.62,2026-08-30 08:43:34.908991
876674910800019,2026-07-01 08:00:00,2026-07-01 10:00:00,DK1,1046.0563,139.95,2026-08-30 08:43:34.908991
686192925026825,2026-07-01 07:45:00,2026-07-01 09:45:00,DK1,905.31146,121.12,2026-08-30 08:43:34.908991
499875655366661,2026-07-01 07:00:00,2026-07-01 09:00:00,DK1,1335.8427,178.72,2026-08-30 08:43:34.908991
859019586657770,2026-07-01 04:00:00,2026-07-01 06:00:00,DK1,1428.078,191.06,2026-08-30 08:43:34.908991
474532580379310,2026-07-01 02:45:00,2026-07-01 04:45:00,DK1,1148.6812,153.68,2026-08-30 08:43:34.908991
34265019266778,2026-07-01 01:45:00,2026-07-01 03:45:00,DK1,1064.2941,142.39,2026-08-30 08:43:34.908991
952026093724127,2026-07-01 01:30:00,2026-07-01 03:30:00,DK1,1099.1252,147.05,2026-08-30 08:43:34.908991
470734207110165,2026-07-01 00:45:00,2026-07-01 02:45:00,DK1,1085.7458,145.26,2026-08-30 08:43:34.908991
655933494652926,2026-07-01 00:15:00,2026-07-01 02:15:00,DK1,1096.1354,146.65,2026-08-30 08:43:34.908991
490619518704871,2026-06-30 20:45:00,2026-06-30 22:45:00,DK1,1749.7571,234.1,2026-08-30 08:43:34.908991
895742554783625,2026-06-30 19:15:00,2026-06-30 21:15:00,DK1,3356.5288,449.07,2026-08-30 08:43:34.908991
95478425343192,2026-06-30 16:45:00,2026-06-30 18:45:00,DK1,2923.4622,391.13,2026-08-30 08:43:34.908991
375352867100445,2026-06-30 16:00:00,2026-06-30 18:00:00,DK1,1170.192,156.56,2026-08-30 08:43:34.908991
868518925179912,2026-06-30 12:45:00,2026-06-30 14:45:00,DK1,826.5939,110.59,2026-08-30 08:43:34.908991
89279440495324,2026-06-30 12:15:00,2026-06-30 14:15:00,DK1,759.0253,101.55,2026-08-30 08:43:34.908991
854094529810572,2026-06-30 11:45:00,2026-06-30 13:45:00,DK1,748.56116,100.15,2026-08-30 08:43:34.908991
730023751485071,2026-06-30 10:15:00,2026-06-30 12:15:00,DK1,736.7516,98.57,2026-08-30 08:43:34.908991
972276854222765,2026-06-30 09:45:00,2026-06-30 11:45:00,DK1,682.936,91.37,2026-08-30 08:43:34.908991
879257492362558,2026-06-30 09:15:00,2026-06-30 11:15:00,DK1,788.5492,105.5,2026-08-30 08:43:34.908991
874649081741838,2026-06-30 08:00:00,2026-06-30 10:00:00,DK1,878.98944,117.6,2026-08-30 08:43:34.908991
772385180044950,2026-06-30 06:30:00,2026-06-30 08:30:00,DK1,1063.7567,142.32,2026-08-30 08:43:34.908991
721536635835115,2026-06-30 06:15:00,2026-06-30 08:15:00,DK1,1267.5835,169.59,2026-08-30 08:43:34.908991
408091224563894,2026-06-30 05:45:00,2026-06-30 07:45:00,DK1,1249.1217,167.12,2026-08-30 08:43:34.908991
184075179748469,2026-06-30 05:15:00,2026-06-30 07:15:00,DK1,1482.024,198.28,2026-08-30 08:43:34.908991
231852367149344,2026-06-30 04:30:00,2026-06-30 06:30:00,DK1,1439.3452,192.57,2026-08-30 08:43:34.908991
303527082729503,2026-06-30 04:15:00,2026-06-30 06:15:00,DK1,1434.0383,191.86,2026-08-30 08:43:34.908991
954894679224301,2026-06-30 03:45:00,2026-06-30 05:45:00,DK1,1240.302,165.94,2026-08-30 08:43:34.908991
896831897670750,2026-06-30 02:45:00,2026-06-30 04:45:00,DK1,1071.3058,143.33,2026-08-30 08:43:34.908991
456182246072760,2026-06-30 00:15:00,2026-06-30 02:15:00,DK1,1048.3593,140.26,2026-08-30 08:43:34.908991
443283172757598,2026-06-29 23:30:00,2026-06-30 01:30:00,DK1,1051.9471,140.74,2026-08-30 08:43:34.908991
110375872313120,2026-06-29 22:00:00,2026-06-30 00:00:00,DK1,1335.9742,178.74,2026-08-30 08:43:34.908991
670979668592332,2026-06-29 21:45:00,2026-06-29 23:45:00,DK1,1159.9677,155.19,2026-08-30 08:43:34.908991
884258010288872,2026-06-29 21:30:00,2026-06-29 23:30:00,DK1,1244.0558,166.44,2026-08-30 08:43:34.908991
786161384227696,2026-06-29 20:45:00,2026-06-29 22:45:00,DK1,1273.9537,170.44,2026-08-30 08:43:34.908991
286552644861053,2026-06-29 19:45:00,2026-06-29 21:45:00,DK1,2124.7761,284.27,2026-08-30 08:43:34.908991
820867079228734,2026-06-29 19:30:00,2026-06-29 21:30:00,DK1,2424.2793,324.34,2026-08-30 08:43:34.908991
354874181719557,2026-06-29 19:00:00,2026-06-29 21:00:00,DK1,2492.97,333.53,2026-08-30 08:43:34.908991
129382146038097,2026-06-29 17:00:00,2026-06-29 19:00:00,DK1,1102.4888,147.5,2026-08-30 08:43:34.908991
330628120557320,2026-06-29 16:30:00,2026-06-29 18:30:00,DK1,1058.0902,141.56,2026-08-30 08:43:34.908991
483532898316451,2026-06-29 16:00:00,2026-06-29 18:00:00,DK1,754.32654,100.92,2026-08-30 08:43:34.908991
367483417860701,2026-06-29 15:45:00,2026-06-29 17:45:00,DK1,1003.67584,134.28,2026-08-30 08:43:34.908991
46262270138262,2026-06-29 15:30:00,2026-06-29 17:30:00,DK1,925.41785,123.81,2026-08-30 08:43:34.908991
980421787054335,2026-06-29 14:45:00,2026-06-29 16:45:00,DK1,818.8315,109.55,2026-08-30 08:43:34.908991
463146798058994,2026-06-29 14:15:00,2026-06-29 16:15:00,DK1,756.0457,101.15,2026-08-30 08:43:34.908991
610689655977646,2026-06-29 12:15:00,2026-06-29 14:15:00,DK1,635.25775,84.99,2026-08-30 08:43:34.908991
684424012561760,2026-06-29 11:30:00,2026-06-29 13:30:00,DK1,591.0835,79.08,2026-08-30 08:43:34.908991
19364523182638,2026-06-29 11:00:00,2026-06-29 13:00:00,DK1,665.2305,89.0,2026-08-30 08:43:34.908991
309275418330977,2026-06-29 10:00:00,2026-06-29 12:00:00,DK1,695.1285,93.0,2026-08-30 08:43:34.908991
94637689892223,2026-06-29 09:15:00,2026-06-29 11:15:00,DK1,746.40356,99.86,2026-08-30 08:43:34.908991
181007836011787,2026-06-29 07:15:00,2026-06-29 09:15:00,DK1,932.0701,124.7,2026-08-30 08:43:34.908991
284447102222049,2026-06-29 06:30:00,2026-06-29 08:30:00,DK1,1043.4402,139.6,2026-08-30 08:43:34.908991
448588163766843,2026-06-29 06:15:00,2026-06-29 08:15:00,DK1,1123.1183,150.26,2026-08-30 08:43:34.908991
517343501909649,2026-06-29 05:30:00,2026-06-29 07:30:00,DK1,1145.6914,153.28,2026-08-30 08:43:34.908991
780861770684658,2026-06-29 03:45:00,2026-06-29 05:45:00,DK1,1005.5445,134.53,2026-08-30 08:43:34.908991
363912000342575,2026-06-29 01:45:00,2026-06-29 03:45:00,DK1,818.7567,109.54,2026-08-30 08:43:34.908991
843493247562229,2026-06-29 01:00:00,2026-06-29 03:00:00,DK1,822.195,110.0,2026-08-30 08:43:34.908991
79965203931310,2026-06-29 00:30:00,2026-06-29 02:30:00,DK1,836.9198,111.97,2026-08-30 08:43:34.908991
240372533931342,2026-06-28 23:45:00,2026-06-29 01:45:00,DK1,832.88354,111.43,2026-08-30 08:43:34.908991
429314276959344,2026-06-28 23:15:00,2026-06-29 01:15:00,DK1,846.41235,113.24,2026-08-30 08:43:34.908991
137860645104451,2026-06-28 22:15:00,2026-06-29 00:15:00,DK1,940.9648,125.89,2026-08-30 08:43:34.908991
340224044060441,2026-06-28 22:00:00,2026-06-29 00:00:00,DK1,992.23987,132.75,2026-08-30 08:43:34.908991
907765708686824,2026-06-28 21:15:00,2026-06-28 23:15:00,DK1,1087.1805,145.45,2026-08-30 08:43:34.908991
397441582905849,2026-06-28 20:30:00,2026-06-28 22:30:00,DK1,1156.4701,154.72,2026-08-30 08:43:34.908991
976790007756547,2026-06-28 20:00:00,2026-06-28 22:00:00,DK1,1214.9214,162.54,2026-08-30 08:43:34.908991
717558939788070,2026-06-28 19:30:00,2026-06-28 21:30:00,DK1,1171.6436,156.75,2026-08-30 08:43:34.908991
49930462201668,2026-06-28 19:15:00,2026-06-28 21:15:00,DK1,1202.6631,160.9,2026-08-30 08:43:34.908991
692561283066754,2026-06-28 18:15:00,2026-06-28 20:15:00,DK1,1150.5652,153.93,2026-08-30 08:43:34.908991
854933149481934,2026-06-28 18:00:00,2026-06-28 20:00:00,DK1,1102.8025,147.54,2026-08-30 08:43:34.908991
370629067271714,2026-06-28 16:45:00,2026-06-28 18:45:00,DK1,935.07245,125.1,2026-08-30 08:43:34.908991
189505971696937,2026-06-28 16:30:00,2026-06-28 18:30:00,DK1,862.04565,115.33,2026-08-30 08:43:34.908991
50725828757630,2026-06-28 16:15:00,2026-06-28 18:15:00,DK1,833.1189,111.46,2026-08-30 08:43:34.908991
4870923217803,2026-06-28 14:30:00,2026-06-28 16:30:00,DK1,216.98764,29.03,2026-08-30 08:43:34.908991
44428534364346,2026-06-28 14:00:00,2026-06-28 16:00:00,DK1,3.36357,0.45,2026-08-30 08:43:34.908991
908028235996093,2026-06-28 13:45:00,2026-06-28 15:45:00,DK1,40.960808,5.48,2026-08-30 08:43:34.908991
549434807124185,2026-06-28 13:15:00,2026-06-28 15:15:00,DK1,0.074746,0.01,2026-08-30 08:43:34.908991
374876450472587,2026-06-28 12:45:00,2026-06-28 14:45:00,DK1,10.015964,1.34,2026-08-30 08:43:34.908991
333627624172626,2026-06-28 12:00:00,2026-06-28 14:00:00,DK1,14.874454,1.99,2026-08-30 08:43:34.908991
87341820303212,2026-06-28 11:00:00,2026-06-28 13:00:00,DK1,15.397676,2.06,2026-08-30 08:43:34.908991
163379789674770,2026-06-28 06:45:00,2026-06-28 08:45:00,DK1,335.16107,44.84,2026-08-30 08:43:34.908991
922551932464940,2026-06-28 05:15:00,2026-06-28 07:15:00,DK1,839.84607,112.36,2026-08-30 08:43:34.908991
254016419579432,2026-06-28 05:00:00,2026-06-28 07:00:00,DK1,856.5892,114.6,2026-08-30 08:43:34.908991
369714208146923,2026-06-28 04:00:00,2026-06-28 06:00:00,DK1,867.0536,116.0,2026-08-30 08:43:34.908991
870421199359781,2026-06-28 03:30:00,2026-06-28 05:30:00,DK1,859.579,115.0,2026-08-30 08:43:34.908991
624863867463624,2026-06-28 03:15:00,2026-06-28 05:15:00,DK1,860.2517,115.09,2026-08-30 08:43:34.908991
452595197964062,2026-06-28 00:15:00,2026-06-28 02:15:00,DK1,901.5863,120.62,2026-08-30 08:43:34.908991
158343991659014,2026-06-28 00:00:00,2026-06-28 02:00:00,DK1,917.80615,122.79,2026-08-30 08:43:34.908991
16353455221722,2026-06-27 23:45:00,2026-06-28 01:45:00,DK1,903.97815,120.94,2026-08-30 08:43:34.908991
812764351009920,2026-06-27 23:30:00,2026-06-28 01:30:00,DK1,931.33514,124.6,2026-08-30 08:43:34.908991
826598682918277,2026-06-27 23:15:00,2026-06-28 01:15:00,DK1,964.52234,129.04,2026-08-30 08:43:34.908991
391419415282689,2026-06-27 22:30:00,2026-06-28 00:30:00,DK1,1014.3032,135.7,2026-08-30 08:43:34.908991
658973305016545,2026-06-27 21:45:00,2026-06-27 23:45:00,DK1,1021.1051,136.61,2026-08-30 08:43:34.908991
919227415031873,2026-06-27 21:15:00,2026-06-27 23:15:00,DK1,1094.3562,146.41,2026-08-30 08:43:34.908991
244487391138885,2026-06-27 20:15:00,2026-06-27 22:15:00,DK1,1314.4832,175.86,2026-08-30 08:43:34.908991
337390048927389,2026-06-27 20:00:00,2026-06-27 22:00:00,DK1,1558.6783,208.53,2026-08-30 08:43:34.908991
494544307366246,2026-06-27 19:30:00,2026-06-27 21:30:00,DK1,1634.097,218.62,2026-08-30 08:43:34.908991
812883017792251,2026-06-27 18:00:00,2026-06-27 20:00:00,DK1,1533.1152,205.11,2026-08-30 08:43:34.908991
907658481264157,2026-06-27 17:45:00,2026-06-27 19:45:00,DK1,1682.2335,225.06,2026-08-30 08:43:34.908991
114105722369030,2026-06-27 17:15:00,2026-06-27 19:15:00,DK1,1132.4766,151.51,2026-08-30 08:43:34.908991
835917622328503,2026-06-27 16:15:00,2026-06-27 18:15:00,DK1,873.8555,116.91,2026-08-30 08:43:34.908991
466746906825496,2026-06-27 15:30:00,2026-06-27 17:30:00,DK1,830.0544,111.05,2026-08-30 08:43:34.908991
734149670362939,2026-06-27 15:15:00,2026-06-27 17:15:00,DK1,738.26624,98.77,2026-08-30 08:43:34.908991
35620297752679,2026-06-27 15:00:00,2026-06-27 17:00:00,DK1,463.20096,61.97,2026-08-30 08:43:34.908991
470101211090312,2026-06-27 14:30:00,2026-06-27 16:30:00,DK1,492.42664,65.88,2026-08-30 08:43:34.908991
521952652193182,2026-06-27 12:30:00,2026-06-27 14:30:00,DK1,30.496368,4.08,2026-08-30 08:43:34.908991
629596131789889,2026-06-27 11:00:00,2026-06-27 13:00:00,DK1,33.6357,4.5,2026-08-30 08:43:34.908991
781711015905306,2026-06-27 10:15:00,2026-06-27 12:15:00,DK1,30.64586,4.1,2026-08-30 08:43:34.908991
147561734802027,2026-06-27 09:45:00,2026-06-27 11:45:00,DK1,15.397676,2.06,2026-08-30 08:43:34.908991
982198096392006,2026-06-27 09:30:00,2026-06-27 11:30:00,DK1,15.69666,2.1,2026-08-30 08:43:34.908991
529408707360925,2026-06-27 09:15:00,2026-06-27 11:15:00,DK1,77.960075,10.43,2026-08-30 08:43:34.908991
661351731192607,2026-06-27 08:15:00,2026-06-27 10:15:00,DK1,320.06238,42.82,2026-08-30 08:43:34.908991
315169952689423,2026-06-27 08:00:00,2026-06-27 10:00:00,DK1,481.5137,64.42,2026-08-30 08:43:34.908991
12923767447268,2026-06-27 07:15:00,2026-06-27 09:15:00,DK1,635.8642,85.07,2026-08-30 08:43:34.908991
972667832760010,2026-06-27 05:30:00,2026-06-27 07:30:00,DK1,843.9571,112.91,2026-08-30 08:43:34.908991
408421011605909,2026-06-27 04:45:00,2026-06-27 06:45:00,DK1,829.45636,110.97,2026-08-30 08:43:34.908991
354745672398794,2026-06-27 03:30:00,2026-06-27 05:30:00,DK1,850.90845,113.84,2026-08-30 08:43:34.908991
763799510675711,2026-06-27 01:15:00,2026-06-27 03:15:00,DK1,854.4963,114.32,2026-08-30 08:43:34.908991
177406761584505,2026-06-27 01:00:00,2026-06-27 03:00:00,DK1,881.1806,117.89,2026-08-30 08:43:34.908991
227891578382061,2026-06-27 00:45:00,2026-06-27 02:45:00,DK1,871.0899,116.54,2026-08-30 08:43:34.908991
987444781052452,2026-06-27 00:15:00,2026-06-27 02:15:00,DK1,889.32794,118.98,2026-08-30 08:43:34.908991
788548649324295,2026-06-26 22:30:00,2026-06-27 00:30:00,DK1,949.12476,126.98,2026-08-30 08:43:34.908991
755224839766869,2026-06-26 21:30:00,2026-06-26 23:30:00,DK1,1090.3198,145.87,2026-08-30 08:43:34.908991
423615512940933,2026-06-26 18:30:00,2026-06-26 20:30:00,DK1,3057.1113,409.0,2026-08-30 08:43:34.908991
283959298535084,2026-06-26 18:15:00,2026-06-26 20:15:00,DK1,2572.4583,344.16,2026-08-30 08:43:34.908991
558601351713733,2026-06-26 17:15:00,2026-06-26 19:15:00,DK1,1454.8561,194.64,2026-08-30 08:43:34.908991
230727164144441,2026-06-26 16:00:00,2026-06-26 18:00:00,DK1,701.34174,93.83,2026-08-30 08:43:34.908991
683636806999432,2026-06-26 15:15:00,2026-06-26 17:15:00,DK1,806.88306,107.95,2026-08-30 08:43:34.908991
61060131788142,2026-06-26 13:30:00,2026-06-26 15:30:00,DK1,589.2227,78.83,2026-08-30 08:43:34.908991
665721424430789,2026-06-26 13:00:00,2026-06-26 15:00:00,DK1,320.06238,42.82,2026-08-30 08:43:34.908991
543559671099889,2026-06-26 12:15:00,2026-06-26 14:15:00,DK1,219.23001,29.33,2026-08-30 08:43:34.908991
849105999162914,2026-06-26 12:00:00,2026-06-26 14:00:00,DK1,191.79823,25.66,2026-08-30 08:43:34.908991
847945807252872,2026-06-26 11:45:00,2026-06-26 13:45:00,DK1,238.14076,31.86,2026-08-30 08:43:34.908991
907072653083087,2026-06-26 10:15:00,2026-06-26 12:15:00,DK1,348.98907,46.69,2026-08-30 08:43:34.908991
145015271062352,2026-06-26 09:00:00,2026-06-26 11:00:00,DK1,663.66974,88.79,2026-08-30 08:43:34.908991
226499299448854,2026-06-26 08:45:00,2026-06-26 10:45:00,DK1,520.83014,69.68,2026-08-30 08:43:34.908991
39776325319846,2026-06-26 08:00:00,2026-06-26 10:00:00,DK1,834.5391,111.65,2026-08-30 08:43:34.908991
791520870386411,2026-06-26 07:45:00,2026-06-26 09:45:00,DK1,709.5638,94.93,2026-08-30 08:43:34.908991
896229284306330,2026-06-26 06:00:00,2026-06-26 08:00:00,DK1,1029.2524,137.7,2026-08-30 08:43:34.908991
822073185540443,2026-06-26 05:30:00,2026-06-26 07:30:00,DK1,950.09644,127.11,2026-08-30 08:43:34.908991
436490169687084,2026-06-26 05:00:00,2026-06-26 07:00:00,DK1,1179.3424,157.78,2026-08-30 08:43:34.908991
669322118257262,2026-06-26 04:30:00,2026-06-26 06:30:00,DK1,1124.7031,150.47,2026-08-30 08:43:34.908991
799685449934969,2026-06-26 04:00:00,2026-06-26 06:00:00,DK1,1083.4432,144.95,2026-08-30 08:43:34.908991
239388381768471,2026-06-26 03:30:00,2026-06-26 05:30:00,DK1,973.0434,130.18,2026-08-30 08:43:34.908991
842827309182324,2026-06-26 01:30:00,2026-06-26 03:30:00,DK1,888.95416,118.93,2026-08-30 08:43:34.908991
11241153579782,2026-06-25 22:00:00,2026-06-26 00:00:00,DK1,1139.6522,152.47,2026-08-30 08:43:34.908991
965033834866155,2026-06-25 21:45:00,2026-06-25 23:45:00,DK1,1091.875,146.08,2026-08-30 08:43:34.908991
38012336984834,2026-06-25 21:30:00,2026-06-25 23:30:00,DK1,1103.3856,147.62,2026-08-30 08:43:34.908991
288698699436714,2026-06-25 20:45:00,2026-06-25 22:45:00,DK1,1193.4534,159.67,2026-08-30 08:43:34.908991
790575199142338,2026-06-25 20:30:00,2026-06-25 22:30:00,DK1,1292.1917,172.88,2026-08-30 08:43:34.908991
853132238362472,2026-06-25 18:15:00,2026-06-25 20:15:00,DK1,2190.9253,293.12,2026-08-30 08:43:34.908991
400703780762608,2026-06-25 14:15:00,2026-06-25 16:15:00,DK1,607.37787,81.26,2026-08-30 08:43:34.908991
963156038832618,2026-06-25 13:45:00,2026-06-25 15:45:00,DK1,678.68463,90.8,2026-08-30 08:43:34.908991
427456595700992,2026-06-25 12:00:00,2026-06-25 14:00:00,DK1,164.88747,22.06,2026-08-30 08:43:34.908991
686130401142673,2026-06-25 10:30:00,2026-06-25 12:30:00,DK1,279.77054,37.43,2026-08-30 08:43:34.908991
715094441126746,2026-06-25 09:00:00,2026-06-25 11:00:00,DK1,689.97107,92.31,2026-08-30 08:43:34.908991
742336839751872,2026-06-25 08:15:00,2026-06-25 10:15:00,DK1,716.2066,95.82,2026-08-30 08:43:34.908991
547338472787926,2026-06-25 08:00:00,2026-06-25 10:00:00,DK1,800.22,107.06,2026-08-30 08:43:34.908991
837573244108712,2026-06-25 07:30:00,2026-06-25 09:30:00,DK1,775.62885,103.77,2026-08-30 08:43:34.908991
816794675250560,2026-06-25 07:15:00,2026-06-25 09:15:00,DK1,839.01263,112.25,2026-08-30 08:43:34.908991
421044353111893,2026-06-25 06:45:00,2026-06-25 08:45:00,DK1,732.05255,97.94,2026-08-30 08:43:34.908991
532421847239134,2026-06-25 06:30:00,2026-06-25 08:30:00,DK1,840.956,112.51,2026-08-30 08:43:34.908991
341460044830175,2026-06-25 06:15:00,2026-06-25 08:15:00,DK1,934.98517,125.09,2026-08-30 08:43:34.908991
844047304768,2026-06-25 06:00:00,2026-06-25 08:00:00,DK1,1055.2499,141.18,2026-08-30 08:43:34.908991
176197077744219,2026-06-25 05:45:00,2026-06-25 07:45:00,DK1,873.8438,116.91,2026-08-30 08:43:34.908991
812826682160710,2026-06-25 04:30:00,2026-06-25 06:30:00,DK1,1208.5519,161.69,2026-08-30 08:43:34.908991
978201066872299,2026-06-25 04:00:00,2026-06-25 06:00:00,DK1,1207.2064,161.51,2026-08-30 08:43:34.908991
380135675025204,2026-06-25 03:30:00,2026-06-25 05:30:00,DK1,1065.6395,142.57,2026-08-30 08:43:34.908991
177863209028586,2026-06-25 01:45:00,2026-06-25 03:45:00,DK1,1040.3009,139.18,2026-08-30 08:43:34.908991
14546151849794,2026-06-25 01:30:00,2026-06-25 03:30:00,DK1,1050.9895,140.61,2026-08-30 08:43:34.908991
634111056825437,2026-06-25 00:30:00,2026-06-25 02:30:00,DK1,1060.2578,141.85,2026-08-30 08:43:34.908991
994165148609159,2026-06-24 23:30:00,2026-06-25 01:30:00,DK1,1132.6857,151.54,2026-08-30 08:43:34.908991
794947290871385,2026-06-24 22:15:00,2026-06-25 00:15:00,DK1,1278.1395,171.0,2026-08-30 08:43:34.908991
923876922753098,2026-06-24 21:15:00,2026-06-24 23:15:00,DK1,2189.275,292.86,2026-08-30 08:43:34.908991
530422009384752,2026-06-24 18:30:00,2026-06-24 20:30:00,DK1,5487.69,734.09,2026-08-30 08:43:34.908991
329317238166195,2026-06-24 18:15:00,2026-06-24 20:15:00,DK1,5067.417,677.87,2026-08-30 08:43:34.908991
598648590640892,2026-06-24 17:45:00,2026-06-24 19:45:00,DK1,5403.142,722.78,2026-08-30 08:43:34.908991
712582801569913,2026-06-24 16:00:00,2026-06-24 18:00:00,DK1,1025.4143,137.17,2026-08-30 08:43:34.908991
28886709678444,2026-06-24 15:15:00,2026-06-24 17:15:00,DK1,899.07837,120.27,2026-08-30 08:43:34.908991
601540669093423,2026-06-24 14:45:00,2026-06-24 16:45:00,DK1,911.8615,121.98,2026-08-30 08:43:34.908991
595422713475367,2026-06-24 14:30:00,2026-06-24 16:30:00,DK1,820.21185,109.72,2026-08-30 08:43:34.908991
722425423782457,2026-06-24 13:45:00,2026-06-24 15:45:00,DK1,786.6469,105.23,2026-08-30 08:43:34.908991
43463881347803,2026-06-24 11:45:00,2026-06-24 13:45:00,DK1,488.8977,65.4,2026-08-30 08:43:34.908991
907997055491196,2026-06-24 10:15:00,2026-06-24 12:15:00,DK1,540.10486,72.25,2026-08-30 08:43:34.908991
859969274749354,2026-06-24 07:15:00,2026-06-24 09:15:00,DK1,930.9988,124.54,2026-08-30 08:43:34.908991
212878442905383,2026-06-24 06:30:00,2026-06-24 08:30:00,DK1,1052.9989,140.86,2026-08-30 08:43:34.908991
35874986068312,2026-06-24 03:30:00,2026-06-24 05:30:00,DK1,1169.3177,156.42,2026-08-30 08:43:34.908991
867165643578151,2026-06-24 00:00:00,2026-06-24 02:00:00,DK1,1137.0236,152.1,2026-08-30 08:43:34.908991
987392609763621,2026-06-23 23:15:00,2026-06-24 01:15:00,DK1,1240.335,165.92,2026-08-30 08:43:34.908991
393657748132781,2026-06-23 23:00:00,2026-06-24 01:00:00,DK1,1361.8118,182.17,2026-08-30 08:43:34.908991
485726751760046,2026-06-23 21:45:00,2026-06-23 23:45:00,DK1,1273.125,170.32,2026-08-30 08:43:34.908991
343616355591745,2026-06-23 21:15:00,2026-06-23 23:15:00,DK1,1706.1459,228.25,2026-08-30 08:43:34.908991
632071826008558,2026-06-23 18:30:00,2026-06-23 20:30:00,DK1,4470.663,598.09,2026-08-30 08:43:34.908991
730661373475873,2026-06-23 18:15:00,2026-06-23 20:15:00,DK1,4084.5095,546.43,2026-08-30 08:43:34.908991
71034794418622,2026-06-23 18:00:00,2026-06-23 20:00:00,DK1,3520.977,471.04,2026-08-30 08:43:34.908991
527373807747114,2026-06-23 17:15:00,2026-06-23 19:15:00,DK1,1822.9038,243.87,2026-08-30 08:43:34.908991
649463220951601,2026-06-23 15:30:00,2026-06-23 17:30:00,DK1,921.7299,123.31,2026-08-30 08:43:34.908991
808595678969254,2026-06-23 15:00:00,2026-06-23 17:00:00,DK1,771.2602,103.18,2026-08-30 08:43:34.908991
992395204917475,2026-06-23 14:30:00,2026-06-23 16:30:00,DK1,794.9556,106.35,2026-08-30 08:43:34.908991
60267682153187,2026-06-23 13:15:00,2026-06-23 15:15:00,DK1,544.6212,72.86,2026-08-30 08:43:34.908991
69327662807689,2026-06-23 12:15:00,2026-06-23 14:15:00,DK1,450.51224,60.27,2026-08-30 08:43:34.908991
851185503242794,2026-06-23 12:00:00,2026-06-23 14:00:00,DK1,406.4103,54.37,2026-08-30 08:43:34.908991
327370175106179,2026-06-23 11:45:00,2026-06-23 13:45:00,DK1,411.86697,55.1,2026-08-30 08:43:34.908991
208746988118303,2026-06-23 11:15:00,2026-06-23 13:15:00,DK1,450.51224,60.27,2026-08-30 08:43:34.908991
127758542229348,2026-06-23 10:30:00,2026-06-23 12:30:00,DK1,464.93878,62.2,2026-08-30 08:43:34.908991
702478856501004,2026-06-23 09:00:00,2026-06-23 11:00:00,DK1,647.1021,86.57,2026-08-30 08:43:34.908991
288688151112345,2026-06-23 07:30:00,2026-06-23 09:30:00,DK1,807.9619,108.09,2026-08-30 08:43:34.908991
497083947352358,2026-06-23 06:15:00,2026-06-23 08:15:00,DK1,1074.5168,143.75,2026-08-30 08:43:34.908991
124987716083278,2026-06-23 06:00:00,2026-06-23 08:00:00,DK1,1201.7397,160.77,2026-08-30 08:43:34.908991
257100179174079,2026-06-23 02:45:00,2026-06-23 04:45:00,DK1,1060.6882,141.9,2026-08-30 08:43:34.908991
989982070513363,2026-06-23 01:30:00,2026-06-23 03:30:00,DK1,1009.33575,135.03,2026-08-30 08:43:34.908991
198970168259542,2026-06-22 21:45:00,2026-06-22 23:45:00,DK1,1101.9203,147.42,2026-08-30 08:43:34.908991
384867903316566,2026-06-22 21:15:00,2026-06-22 23:15:00,DK1,1206.7156,161.44,2026-08-30 08:43:34.908991
694644425660011,2026-06-22 19:45:00,2026-06-22 21:45:00,DK1,1531.6407,204.91,2026-08-30 08:43:34.908991
818544866388620,2026-06-22 19:30:00,2026-06-22 21:30:00,DK1,1835.0388,245.5,2026-08-30 08:43:34.908991
567188727882146,2026-06-22 18:15:00,2026-06-22 20:15:00,DK1,1960.0159,262.22,2026-08-30 08:43:34.908991
240793602563393,2026-06-22 17:00:00,2026-06-22 19:00:00,DK1,1121.6534,150.06,2026-08-30 08:43:34.908991
145173981255911,2026-06-22 16:45:00,2026-06-22 18:45:00,DK1,1358.452,181.74,2026-08-30 08:43:34.908991
20364532817692,2026-06-22 16:30:00,2026-06-22 18:30:00,DK1,1116.7201,149.4,2026-08-30 08:43:34.908991
728222648883987,2026-06-22 15:45:00,2026-06-22 17:45:00,DK1,977.2423,130.74,2026-08-30 08:43:34.908991
301750415833123,2026-06-22 12:30:00,2026-06-22 14:30:00,DK1,329.0363,44.02,2026-08-30 08:43:34.908991
272800000522460,2026-06-22 11:45:00,2026-06-22 13:45:00,DK1,225.96017,30.23,2026-08-30 08:43:34.908991
424969334959073,2026-06-22 11:15:00,2026-06-22 13:15:00,DK1,248.08528,33.19,2026-08-30 08:43:34.908991
507180107487903,2026-06-22 10:45:00,2026-06-22 12:45:00,DK1,224.31575,30.01,2026-08-30 08:43:34.908991
942959988436515,2026-06-22 09:00:00,2026-06-22 11:00:00,DK1,530.77844,71.01,2026-08-30 08:43:34.908991
139568132257363,2026-06-22 08:30:00,2026-06-22 10:30:00,DK1,603.20825,80.7,2026-08-30 08:43:34.908991
927187781059247,2026-06-22 08:15:00,2026-06-22 10:15:00,DK1,665.8463,89.08,2026-08-30 08:43:34.908991
691684639804355,2026-06-22 08:00:00,2026-06-22 10:00:00,DK1,796.5788,106.57,2026-08-30 08:43:34.908991
583914839164060,2026-06-22 07:30:00,2026-06-22 09:30:00,DK1,765.18506,102.37,2026-08-30 08:43:34.908991
494689623832287,2026-06-22 05:15:00,2026-06-22 07:15:00,DK1,1109.6191,148.45,2026-08-30 08:43:34.908991
666058670681704,2026-06-22 05:00:00,2026-06-22 07:00:00,DK1,1144.8998,153.17,2026-08-30 08:43:34.908991
861935401819665,2026-06-22 04:45:00,2026-06-22 06:45:00,DK1,1057.969,141.54,2026-08-30 08:43:34.908991
707746074297459,2026-06-21 22:30:00,2026-06-22 00:30:00,DK1,927.6102,124.1,2026-08-30 08:43:34.908991
575363339431409,2026-06-21 22:15:00,2026-06-22 00:15:00,DK1,964.909,129.09,2026-08-30 08:43:34.908991
725443175743545,2026-06-21 21:45:00,2026-06-21 23:45:00,DK1,916.8345,122.66,2026-08-30 08:43:34.908991
813082914540328,2026-06-21 20:45:00,2026-06-21 22:45:00,DK1,1036.5028,138.67,2026-08-30 08:43:34.908991
581212639832205,2026-06-21 18:15:00,2026-06-21 20:15:00,DK1,1114.8365,149.15,2026-08-30 08:43:34.908991
439963948138208,2026-06-21 14:45:00,2026-06-21 16:45:00,DK1,311.39185,41.66,2026-08-30 08:43:34.908991
390603026997744,2026-06-21 13:45:00,2026-06-21 15:45:00,DK1,0.224238,0.03,2026-08-30 08:43:34.908991
601606396928769,2026-06-21 13:15:00,2026-06-21 15:15:00,DK1,0.0,0.0,2026-08-30 08:43:34.908991
139701716311235,2026-06-21 12:15:00,2026-06-21 14:15:00,DK1,0.0,0.0,2026-08-30 08:43:34.908991
4619493072148,2026-06-21 11:00:00,2026-06-21 13:00:00,DK1,0.0,0.0,2026-08-30 08:43:34.908991
637141274530145,2026-06-21 10:45:00,2026-06-21 12:45:00,DK1,0.074746,0.01,2026-08-30 08:43:34.908991
119723008011635,2026-06-21 10:15:00,2026-06-21 12:15:00,DK1,0.224238,0.03,2026-08-30 08:43:34.908991
496926934089784,2026-06-21 09:30:00,2026-06-21 11:30:00,DK1,0.224238,0.03,2026-08-30 08:43:34.908991
68385163463662,2026-06-21 09:00:00,2026-06-21 11:00:00,DK1,0.74746,0.1,2026-08-30 08:43:34.908991
486789721059652,2026-06-21 07:00:00,2026-06-21 09:00:00,DK1,473.36642,63.33,2026-08-30 08:43:34.908991
127683986036372,2026-06-21 06:45:00,2026-06-21 08:45:00,DK1,238.66397,31.93,2026-08-30 08:43:34.908991
252465941738354,2026-06-21 04:45:00,2026-06-21 06:45:00,DK1,804.4165,107.62,2026-08-30 08:43:34.908991
15391666667124,2026-06-21 04:30:00,2026-06-21 06:30:00,DK1,827.8867,110.76,2026-08-30 08:43:34.908991
572690303798285,2026-06-21 03:30:00,2026-06-21 05:30:00,DK1,888.6552,118.89,2026-08-30 08:43:34.908991
855624463842615,2026-06-21 01:45:00,2026-06-21 03:45:00,DK1,910.85474,121.86,2026-08-30 08:43:34.908991
330086808777358,2026-06-21 00:45:00,2026-06-21 02:45:00,DK1,930.5877,124.5,2026-08-30 08:43:34.908991
440325421778466,2026-06-21 00:30:00,2026-06-21 02:30:00,DK1,937.01587,125.36,2026-08-30 08:43:34.908991
880668625624226,2026-06-20 23:00:00,2026-06-21 01:00:00,DK1,981.78876,131.35,2026-08-30 08:43:34.908991
901715865732719,2026-06-20 22:45:00,2026-06-21 00:45:00,DK1,974.5384,130.38,2026-08-30 08:43:34.908991
335129141815025,2026-06-20 21:45:00,2026-06-20 23:45:00,DK1,1029.2524,137.7,2026-08-30 08:43:34.908991
452960123712893,2026-06-20 19:45:00,2026-06-20 21:45:00,DK1,1363.0681,182.36,2026-08-30 08:43:34.908991
656770601427623,2026-06-20 18:45:00,2026-06-20 20:45:00,DK1,1491.4817,199.54,2026-08-30 08:43:34.908991
218195673381048,2026-06-20 17:15:00,2026-06-20 19:15:00,DK1,1048.9854,140.34,2026-08-30 08:43:34.908991
578689473254248,2026-06-20 16:45:00,2026-06-20 18:45:00,DK1,1007.5013,134.79,2026-08-30 08:43:34.908991
244675080207389,2026-06-20 15:45:00,2026-06-20 17:45:00,DK1,988.2916,132.22,2026-08-30 08:43:34.908991
193369090867581,2026-06-20 13:45:00,2026-06-20 15:45:00,DK1,7.4746,1.0,2026-08-30 08:43:34.908991
1738933527468,2026-06-20 12:00:00,2026-06-20 14:00:00,DK1,-0.149492,-0.02,2026-08-30 08:43:34.908991
33788977274452,2026-06-20 11:30:00,2026-06-20 13:30:00,DK1,-0.149492,-0.02,2026-08-30 08:43:34.908991
186624592442789,2026-06-20 11:00:00,2026-06-20 13:00:00,DK1,-0.074746,-0.01,2026-08-30 08:43:34.908991
298100217169035,2026-06-20 10:30:00,2026-06-20 12:30:00,DK1,-0.074746,-0.01,2026-08-30 08:43:34.908991
259286648191431,2026-06-20 08:45:00,2026-06-20 10:45:00,DK1,0.074746,0.01,2026-08-30 08:43:34.908991
688597126181934,2026-06-20 07:45:00,2026-06-20 09:45:00,DK1,31.617558,4.23,2026-08-30 08:43:34.908991
772645584958402,2026-06-20 07:00:00,2026-06-20 09:00:00,DK1,657.7648,88.0,2026-08-30 08:43:34.908991
428654615941882,2026-06-20 06:30:00,2026-06-20 08:30:00,DK1,627.26843,83.92,2026-08-30 08:43:34.908991
312608749508702,2026-06-20 05:30:00,2026-06-20 07:30:00,DK1,738.4158,98.79,2026-08-30 08:43:34.908991
741380469744979,2026-06-20 05:15:00,2026-06-20 07:15:00,DK1,810.3961,108.42,2026-08-30 08:43:34.908991
98980965205464,2026-06-20 05:00:00,2026-06-20 07:00:00,DK1,854.3468,114.3,2026-08-30 08:43:34.908991
482836755724862,2026-06-20 04:15:00,2026-06-20 06:15:00,DK1,840.0703,112.39,2026-08-30 08:43:34.908991
46243516717321,2026-06-20 03:45:00,2026-06-20 05:45:00,DK1,831.026,111.18,2026-08-30 08:43:34.908991
500566996964642,2026-06-20 03:30:00,2026-06-20 05:30:00,DK1,845.37726,113.1,2026-08-30 08:43:34.908991
42800072950465,2026-06-20 00:00:00,2026-06-20 02:00:00,DK1,901.06305,120.55,2026-08-30 08:43:34.908991
619686296496811,2026-06-19 21:45:00,2026-06-19 23:45:00,DK1,946.28436,126.6,2026-08-30 08:43:34.908991
35481917669046,2026-06-19 21:30:00,2026-06-19 23:30:00,DK1,1000.25104,133.82,2026-08-30 08:43:34.908991
143251420381039,2026-06-19 21:15:00,2026-06-19 23:15:00,DK1,1061.9912,142.08,2026-08-30 08:43:34.908991
605718715274624,2026-06-19 20:15:00,2026-06-19 22:15:00,DK1,1220.4526,163.28,2026-08-30 08:43:34.908991
478010770511525,2026-06-19 19:45:00,2026-06-19 21:45:00,DK1,1221.0507,163.36,2026-08-30 08:43:34.908991
836961297123058,2026-06-19 19:15:00,2026-06-19 21:15:00,DK1,1493.7988,199.85,2026-08-30 08:43:34.908991
137036977617660,2026-06-19 17:15:00,2026-06-19 19:15:00,DK1,1132.6261,151.53,2026-08-30 08:43:34.908991
695388441926913,2026-06-19 16:30:00,2026-06-19 18:30:00,DK1,1006.90344,134.71,2026-08-30 08:43:34.908991
521438558622176,2026-06-19 13:30:00,2026-06-19 15:30:00,DK1,406.2445,54.35,2026-08-30 08:43:34.908991
910567086664290,2026-06-19 12:45:00,2026-06-19 14:45:00,DK1,198.82436,26.6,2026-08-30 08:43:34.908991
499927338798321,2026-06-19 11:15:00,2026-06-19 13:15:00,DK1,77.063126,10.31,2026-08-30 08:43:34.908991
412371364127707,2026-06-19 10:45:00,2026-06-19 12:45:00,DK1,74.67126,9.99,2026-08-30 08:43:34.908991
539940455780066,2026-06-19 10:30:00,2026-06-19 12:30:00,DK1,106.13932,14.2,2026-08-30 08:43:34.908991
22954432472815,2026-06-19 09:15:00,2026-06-19 11:15:00,DK1,291.3599,38.98,2026-08-30 08:43:34.908991
88609588801252,2026-06-19 07:30:00,2026-06-19 09:30:00,DK1,686.9158,91.9,2026-08-30 08:43:34.908991
817517465098048,2026-06-19 05:45:00,2026-06-19 07:45:00,DK1,827.6625,110.73,2026-08-30 08:43:34.908991
636225052820790,2026-06-19 04:45:00,2026-06-19 06:45:00,DK1,980.96655,131.24,2026-08-30 08:43:34.908991
422665395263090,2026-06-19 04:15:00,2026-06-19 06:15:00,DK1,1063.5608,142.29,2026-08-30 08:43:34.908991
563109701370758,2026-06-19 02:45:00,2026-06-19 04:45:00,DK1,884.9179,118.39,2026-08-30 08:43:34.908991
507876267197432,2026-06-19 01:15:00,2026-06-19 03:15:00,DK1,902.1095,120.69,2026-08-30 08:43:34.908991
311513241817914,2026-06-19 00:45:00,2026-06-19 02:45:00,DK1,905.9963,121.21,2026-08-30 08:43:34.908991
229348046297040,2026-06-18 23:30:00,2026-06-19 01:30:00,DK1,962.6537,128.79,2026-08-30 08:43:34.908991
841528660231060,2026-06-18 22:30:00,2026-06-19 00:30:00,DK1,1085.2372,145.19,2026-08-30 08:43:34.908991
699364299834023,2026-06-18 21:30:00,2026-06-18 23:30:00,DK1,1167.0996,156.14,2026-08-30 08:43:34.908991
303303382495392,2026-06-18 20:30:00,2026-06-18 22:30:00,DK1,1489.932,199.33,2026-08-30 08:43:34.908991
818537427622448,2026-06-18 20:15:00,2026-06-18 22:15:00,DK1,2270.0664,303.7,2026-08-30 08:43:34.908991
211561969649284,2026-06-18 19:30:00,2026-06-18 21:30:00,DK1,2999.1484,401.24,2026-08-30 08:43:34.908991
965171363147517,2026-06-18 19:15:00,2026-06-18 21:15:00,DK1,3866.4382,517.27,2026-08-30 08:43:34.908991
181479060440402,2026-06-18 17:45:00,2026-06-18 19:45:00,DK1,3174.9536,424.76,2026-08-30 08:43:34.908991
104723102790230,2026-06-18 17:00:00,2026-06-18 19:00:00,DK1,1117.1687,149.46,2026-08-30 08:43:34.908991
965082438350996,2026-06-18 15:30:00,2026-06-18 17:30:00,DK1,857.94604,114.78,2026-08-30 08:43:34.908991
717049414635941,2026-06-18 12:45:00,2026-06-18 14:45:00,DK1,242.47926,32.44,2026-08-30 08:43:34.908991
697274562117534,2026-06-18 12:00:00,2026-06-18 14:00:00,DK1,157.9404,21.13,2026-08-30 08:43:34.908991
343523050095312,2026-06-18 11:45:00,2026-06-18 13:45:00,DK1,160.85555,21.52,2026-08-30 08:43:34.908991
365808759120730,2026-06-18 11:15:00,2026-06-18 13:15:00,DK1,164.66765,22.03,2026-08-30 08:43:34.908991
319428140714072,2026-06-18 11:00:00,2026-06-18 13:00:00,DK1,198.3038,26.53,2026-08-30 08:43:34.908991
428428775943886,2026-06-18 09:00:00,2026-06-18 11:00:00,DK1,551.78235,73.82,2026-08-30 08:43:34.908991
491363706155163,2026-06-18 07:00:00,2026-06-18 09:00:00,DK1,874.5399,117.0,2026-08-30 08:43:34.908991
27700354463531,2026-06-18 06:15:00,2026-06-18 08:15:00,DK1,923.8729,123.6,2026-08-30 08:43:34.908991
952543319789816,2026-06-18 06:00:00,2026-06-18 08:00:00,DK1,979.1857,131.0,2026-08-30 08:43:34.908991
176983539310996,2026-06-18 04:45:00,2026-06-18 06:45:00,DK1,1004.74915,134.42,2026-08-30 08:43:34.908991
459939226731964,2026-06-18 03:30:00,2026-06-18 05:30:00,DK1,957.73334,128.13,2026-08-30 08:43:34.908991
323210306148653,2026-06-18 00:45:00,2026-06-18 02:45:00,DK1,900.40234,120.46,2026-08-30 08:43:34.908991
360105214295776,2026-06-18 00:00:00,2026-06-18 02:00:00,DK1,921.85474,123.33,2026-08-30 08:43:34.908991
656791927457253,2026-06-17 23:45:00,2026-06-18 01:45:00,DK1,913.8568,122.26,2026-08-30 08:43:34.908991
749173411942847,2026-06-17 23:00:00,2026-06-18 01:00:00,DK1,966.0303,129.24,2026-08-30 08:43:34.908991
409011784290624,2026-06-17 22:15:00,2026-06-18 00:15:00,DK1,1007.5896,134.8,2026-08-30 08:43:34.908991
112533238004838,2026-06-17 22:00:00,2026-06-18 00:00:00,DK1,1065.8174,142.59,2026-08-30 08:43:34.908991
961229852422163,2026-06-17 21:30:00,2026-06-17 23:30:00,DK1,1037.8899,138.85,2026-08-30 08:43:34.908991
399164509776521,2026-06-17 20:15:00,2026-06-17 22:15:00,DK1,1194.2648,159.77,2026-08-30 08:43:34.908991
457943247916282,2026-06-17 18:45:00,2026-06-17 20:45:00,DK1,1299.7356,173.88,2026-08-30 08:43:34.908991
230258292770734,2026-06-17 16:30:00,2026-06-17 18:30:00,DK1,930.9241,124.54,2026-08-30 08:43:34.908991
721326346159311,2026-06-17 16:00:00,2026-06-17 18:00:00,DK1,815.66113,109.12,2026-08-30 08:43:34.908991
99939537125199,2026-06-17 14:15:00,2026-06-17 16:15:00,DK1,612.4186,81.93,2026-08-30 08:43:34.908991
188433444974344,2026-06-17 14:00:00,2026-06-17 16:00:00,DK1,556.4316,74.44,2026-08-30 08:43:34.908991
669512328563244,2026-06-17 12:45:00,2026-06-17 14:45:00,DK1,535.12805,71.59,2026-08-30 08:43:34.908991
162720005609959,2026-06-17 12:30:00,2026-06-17 14:30:00,DK1,507.17194,67.85,2026-08-30 08:43:34.908991
423896965129195,2026-06-17 10:15:00,2026-06-17 12:15:00,DK1,572.0541,76.53,2026-08-30 08:43:34.908991
853489515663597,2026-06-17 08:45:00,2026-06-17 10:45:00,DK1,587.22815,78.56,2026-08-30 08:43:34.908991
754918296294126,2026-06-17 08:30:00,2026-06-17 10:30:00,DK1,694.194,92.87,2026-08-30 08:43:34.908991
640984554509628,2026-06-17 07:45:00,2026-06-17 09:45:00,DK1,729.1765,97.55,2026-08-30 08:43:34.908991
54900568411625,2026-06-17 06:00:00,2026-06-17 08:00:00,DK1,992.891,132.83,2026-08-30 08:43:34.908991
633315241998223,2026-06-17 04:45:00,2026-06-17 06:45:00,DK1,1010.23267,135.15,2026-08-30 08:43:34.908991
998513424201440,2026-06-17 03:45:00,2026-06-17 05:45:00,DK1,978.9877,130.97,2026-08-30 08:43:34.908991
87028417845435,2026-06-17 03:15:00,2026-06-17 05:15:00,DK1,944.2294,126.32,2026-08-30 08:43:34.908991
592156760832336,2026-06-17 02:15:00,2026-06-17 04:15:00,DK1,945.6496,126.51,2026-08-30 08:43:34.908991
516371169692450,2026-06-17 00:45:00,2026-06-17 02:45:00,DK1,955.21747,127.79,2026-08-30 08:43:34.908991
101789829758881,2026-06-17 00:30:00,2026-06-17 02:30:00,DK1,961.048,128.57,2026-08-30 08:43:34.908991
148526762830080,2026-06-16 23:45:00,2026-06-17 01:45:00,DK1,971.58746,129.98,2026-08-30 08:43:34.908991
718244003558202,2026-06-16 23:00:00,2026-06-17 01:00:00,DK1,1074.4421,143.74,2026-08-30 08:43:34.908991
895759375134151,2026-06-16 22:15:00,2026-06-17 00:15:00,DK1,1068.4623,142.94,2026-08-30 08:43:34.908991
203715359683132,2026-06-16 21:30:00,2026-06-16 23:30:00,DK1,1048.1771,140.23,2026-08-30 08:43:34.908991
135136757716675,2026-06-16 20:15:00,2026-06-16 22:15:00,DK1,1220.6185,163.3,2026-08-30 08:43:34.908991
864527891607800,2026-06-16 20:00:00,2026-06-16 22:00:00,DK1,1445.4575,193.38,2026-08-30 08:43:34.908991
294737819734522,2026-06-16 19:45:00,2026-06-16 21:45:00,DK1,1234.1477,165.11,2026-08-30 08:43:34.908991
693507449842412,2026-06-16 17:45:00,2026-06-16 19:45:00,DK1,1270.101,169.92,2026-08-30 08:43:34.908991
794902801507864,2026-06-16 17:30:00,2026-06-16 19:30:00,DK1,1151.926,154.11,2026-08-30 08:43:34.908991
726781376742429,2026-06-16 17:15:00,2026-06-16 19:15:00,DK1,1055.4276,141.2,2026-08-30 08:43:34.908991
20431534034899,2026-06-16 16:15:00,2026-06-16 18:15:00,DK1,913.9315,122.27,2026-08-30 08:43:34.908991
344777769995242,2026-06-16 16:00:00,2026-06-16 18:00:00,DK1,848.3037,113.49,2026-08-30 08:43:34.908991
384860882446585,2026-06-16 15:15:00,2026-06-16 17:15:00,DK1,772.13654,103.3,2026-08-30 08:43:34.908991
428219843433924,2026-06-16 14:45:00,2026-06-16 16:45:00,DK1,751.20734,100.5,2026-08-30 08:43:34.908991
633857062381631,2026-06-16 14:30:00,2026-06-16 16:30:00,DK1,678.70276,90.8,2026-08-30 08:43:34.908991
911788634506415,2026-06-16 14:00:00,2026-06-16 16:00:00,DK1,471.27982,63.05,2026-08-30 08:43:34.908991
146375165124184,2026-06-16 13:15:00,2026-06-16 15:15:00,DK1,457.52637,61.21,2026-08-30 08:43:34.908991
2217132421288,2026-06-16 13:00:00,2026-06-16 15:00:00,DK1,395.63586,52.93,2026-08-30 08:43:34.908991
903907821976313,2026-06-16 11:15:00,2026-06-16 13:15:00,DK1,467.54248,62.55,2026-08-30 08:43:34.908991
525732119892739,2026-06-16 11:00:00,2026-06-16 13:00:00,DK1,517.1745,69.19,2026-08-30 08:43:34.908991
737160649701692,2026-06-16 10:15:00,2026-06-16 12:15:00,DK1,530.7037,71.0,2026-08-30 08:43:34.908991
783838093566145,2026-06-16 09:30:00,2026-06-16 11:30:00,DK1,586.09125,78.41,2026-08-30 08:43:34.908991
184008045416965,2026-06-16 06:15:00,2026-06-16 08:15:00,DK1,1002.432,134.11,2026-08-30 08:43:34.908991
755798922499425,2026-06-16 04:45:00,2026-06-16 06:45:00,DK1,971.711,130.0,2026-08-30 08:43:34.908991
391474918408561,2026-06-16 03:15:00,2026-06-16 05:15:00,DK1,841.6512,112.6,2026-08-30 08:43:34.908991
608061450392160,2026-06-16 03:00:00,2026-06-16 05:00:00,DK1,835.9704,111.84,2026-08-30 08:43:34.908991
314034963578797,2026-06-16 02:45:00,2026-06-16 04:45:00,DK1,839.5583,112.32,2026-08-30 08:43:34.908991
561668409971710,2026-06-16 02:30:00,2026-06-16 04:30:00,DK1,828.4957,110.84,2026-08-30 08:43:34.908991
117620498529335,2026-06-16 02:00:00,2026-06-16 04:00:00,DK1,822.217,110.0,2026-08-30 08:43:34.908991
468950364033456,2026-06-15 22:45:00,2026-06-16 00:45:00,DK1,859.6653,115.01,2026-08-30 08:43:34.908991
832144706859037,2026-06-15 21:00:00,2026-06-15 23:00:00,DK1,1099.0518,147.05,2026-08-30 08:43:34.908991
277999408537023,2026-06-15 20:45:00,2026-06-15 22:45:00,DK1,1057.571,141.5,2026-08-30 08:43:34.908991
223428949766567,2026-06-15 19:00:00,2026-06-15 21:00:00,DK1,1136.2722,152.03,2026-08-30 08:43:34.908991
948169497739274,2026-06-15 18:45:00,2026-06-15 20:45:00,DK1,1290.6102,172.68,2026-08-30 08:43:34.908991
979741330965001,2026-06-15 17:30:00,2026-06-15 19:30:00,DK1,1022.81696,136.85,2026-08-30 08:43:34.908991
896998801905384,2026-06-15 14:00:00,2026-06-15 16:00:00,DK1,9.94042,1.33,2026-08-30 08:43:34.908991
698964076720724,2026-06-15 13:15:00,2026-06-15 15:15:00,DK1,10.16464,1.36,2026-08-30 08:43:34.908991
396493605408851,2026-06-15 12:15:00,2026-06-15 14:15:00,DK1,10.23938,1.37,2026-08-30 08:43:34.908991
713644187896845,2026-06-15 12:00:00,2026-06-15 14:00:00,DK1,10.23938,1.37,2026-08-30 08:43:34.908991
330910911909896,2026-06-15 11:30:00,2026-06-15 13:30:00,DK1,14.87326,1.99,2026-08-30 08:43:34.908991
547590518881318,2026-06-15 09:30:00,2026-06-15 11:30:00,DK1,23.24414,3.11,2026-08-30 08:43:34.908991
129536572440880,2026-06-15 08:30:00,2026-06-15 10:30:00,DK1,55.98026,7.49,2026-08-30 08:43:34.908991
970713288284012,2026-06-15 07:45:00,2026-06-15 09:45:00,DK1,178.32965,23.86,2026-08-30 08:43:34.908991
725642650069984,2026-06-15 07:30:00,2026-06-15 09:30:00,DK1,396.42096,53.04,2026-08-30 08:43:34.908991
713669394135753,2026-06-15 06:15:00,2026-06-15 08:15:00,DK1,735.59106,98.42,2026-08-30 08:43:34.908991
796648142728152,2026-06-15 04:45:00,2026-06-15 06:45:00,DK1,753.82764,100.86,2026-08-30 08:43:34.908991
528606198544602,2026-06-15 04:30:00,2026-06-15 06:30:00,DK1,675.87384,90.43,2026-08-30 08:43:34.908991
603105882378397,2026-06-15 04:00:00,2026-06-15 06:00:00,DK1,589.9228,78.93,2026-08-30 08:43:34.908991
851675363758594,2026-06-15 02:30:00,2026-06-15 04:30:00,DK1,379.3055,50.75,2026-08-30 08:43:34.908991
472706047019206,2026-06-15 02:15:00,2026-06-15 04:15:00,DK1,373.62527,49.99,2026-08-30 08:43:34.908991
365378983959180,2026-06-15 01:15:00,2026-06-15 03:15:00,DK1,372.9526,49.9,2026-08-30 08:43:34.908991
659061912897103,2026-06-15 00:45:00,2026-06-15 02:45:00,DK1,358.07935,47.91,2026-08-30 08:43:34.908991
519351159455193,2026-06-14 23:30:00,2026-06-15 01:30:00,DK1,426.61594,57.08,2026-08-30 08:43:34.908991
642702095529131,2026-06-14 22:15:00,2026-06-15 00:15:00,DK1,491.11655,65.71,2026-08-30 08:43:34.908991
372644139188036,2026-06-14 21:00:00,2026-06-14 23:00:00,DK1,648.77795,86.8,2026-08-30 08:43:34.908991
810839743317782,2026-06-14 20:30:00,2026-06-14 22:30:00,DK1,615.21783,82.31,2026-08-30 08:43:34.908991
981944711600670,2026-06-14 18:15:00,2026-06-14 20:15:00,DK1,620.3004,82.99,2026-08-30 08:43:34.908991
165957734511792,2026-06-14 17:00:00,2026-06-14 19:00:00,DK1,149.93646,20.06,2026-08-30 08:43:34.908991
104330170636775,2026-06-14 16:45:00,2026-06-14 18:45:00,DK1,139.84602,18.71,2026-08-30 08:43:34.908991
700640576247183,2026-06-14 14:30:00,2026-06-14 16:30:00,DK1,-0.074744,-0.01,2026-08-30 08:43:34.908991
880134263887214,2026-06-14 13:30:00,2026-06-14 15:30:00,DK1,-20.031391,-2.68,2026-08-30 08:43:34.908991
579266971970313,2026-06-14 11:00:00,2026-06-14 13:00:00,DK1,-0.074744,-0.01,2026-08-30 08:43:34.908991
94757855580448,2026-06-14 10:30:00,2026-06-14 12:30:00,DK1,-0.074744,-0.01,2026-08-30 08:43:34.908991
874447304420209,2026-06-14 10:15:00,2026-06-14 12:15:00,DK1,-0.074744,-0.01,2026-08-30 08:43:34.908991
853274954649479,2026-06-14 08:00:00,2026-06-14 10:00:00,DK1,0.0,0.0,2026-08-30 08:43:34.908991
142590980321266,2026-06-14 07:45:00,2026-06-14 09:45:00,DK1,0.0,0.0,2026-08-30 08:43:34.908991
531625480115946,2026-06-14 07:15:00,2026-06-14 09:15:00,DK1,0.0,0.0,2026-08-30 08:43:34.908991
674482475158406,2026-06-14 05:45:00,2026-06-14 07:45:00,DK1,-0.074744,-0.01,2026-08-30 08:43:34.908991
631163877797477,2026-06-14 05:30:00,2026-06-14 07:30:00,DK1,-0.074744,-0.01,2026-08-30 08:43:34.908991
196657606860432,2026-06-14 04:30:00,2026-06-14 06:30:00,DK1,40.959713,5.48,2026-08-30 08:43:34.908991
810860179955971,2026-06-14 01:45:00,2026-06-14 03:45:00,DK1,199.86546,26.74,2026-08-30 08:43:34.908991
826996557506966,2026-06-14 01:00:00,2026-06-14 03:00:00,DK1,216.60811,28.98,2026-08-30 08:43:34.908991
780594707144519,2026-06-14 00:45:00,2026-06-14 02:45:00,DK1,210.55385,28.17,2026-08-30 08:43:34.908991
44812613086648,2026-06-14 00:30:00,2026-06-14 02:30:00,DK1,204.27534,27.33,2026-08-30 08:43:34.908991
526981041600562,2026-06-13 23:45:00,2026-06-14 01:45:00,DK1,281.3364,37.64,2026-08-30 08:43:34.908991
687741247517045,2026-06-13 23:30:00,2026-06-14 01:30:00,DK1,341.80432,45.73,2026-08-30 08:43:34.908991
10849694170157,2026-06-13 22:30:00,2026-06-14 00:30:00,DK1,463.4128,62.0,2026-08-30 08:43:34.908991
474326884776130,2026-06-13 22:15:00,2026-06-14 00:15:00,DK1,488.82578,65.4,2026-08-30 08:43:34.908991
596732585080224,2026-06-13 22:00:00,2026-06-14 00:00:00,DK1,498.692,66.72,2026-08-30 08:43:34.908991
268314666642861,2026-06-13 20:15:00,2026-06-13 22:15:00,DK1,621.1226,83.1,2026-08-30 08:43:34.908991
97914169975763,2026-06-13 20:00:00,2026-06-13 22:00:00,DK1,646.5356,86.5,2026-08-30 08:43:34.908991
167688611791266,2026-06-13 19:00:00,2026-06-13 21:00:00,DK1,562.89703,75.31,2026-08-30 08:43:34.908991
817873081196646,2026-06-13 17:00:00,2026-06-13 19:00:00,DK1,-0.448464,-0.06,2026-08-30 08:43:34.908991
437472691412040,2026-06-13 16:30:00,2026-06-13 18:30:00,DK1,0.0,0.0,2026-08-30 08:43:34.908991
582307801408930,2026-06-13 16:00:00,2026-06-13 18:00:00,DK1,-0.448464,-0.06,2026-08-30 08:43:34.908991
330521546246420,2026-06-13 15:45:00,2026-06-13 17:45:00,DK1,-6.801704,-0.91,2026-08-30 08:43:34.908991
426632363109623,2026-06-13 15:15:00,2026-06-13 17:15:00,DK1,-24.889751,-3.33,2026-08-30 08:43:34.908991
295922334542374,2026-06-13 14:45:00,2026-06-13 16:45:00,DK1,-41.557663,-5.56,2026-08-30 08:43:34.908991
162626999598513,2026-06-13 12:30:00,2026-06-13 14:30:00,DK1,-233.72449,-31.27,2026-08-30 08:43:34.908991
110262807942281,2026-06-13 10:45:00,2026-06-13 12:45:00,DK1,-142.0136,-19.0,2026-08-30 08:43:34.908991
572810038700363,2026-06-13 10:30:00,2026-06-13 12:30:00,DK1,-114.95627,-15.38,2026-08-30 08:43:34.908991
457325954586618,2026-06-13 10:00:00,2026-06-13 12:00:00,DK1,-65.176765,-8.72,2026-08-30 08:43:34.908991
835300176340435,2026-06-13 09:15:00,2026-06-13 11:15:00,DK1,-49.55527,-6.63,2026-08-30 08:43:34.908991
420450540140461,2026-06-13 08:45:00,2026-06-13 10:45:00,DK1,-49.33104,-6.6,2026-08-30 08:43:34.908991
856496110707847,2026-06-13 08:30:00,2026-06-13 10:30:00,DK1,-19.657673,-2.63,2026-08-30 08:43:34.908991
76564042979624,2026-06-13 06:45:00,2026-06-13 08:45:00,DK1,0.37372,0.05,2026-08-30 08:43:34.908991
643808223538539,2026-06-13 06:00:00,2026-06-13 08:00:00,DK1,10.46416,1.4,2026-08-30 08:43:34.908991
531957783945226,2026-06-13 05:15:00,2026-06-13 07:15:00,DK1,110.9201,14.84,2026-08-30 08:43:34.908991
681709994128390,2026-06-13 03:45:00,2026-06-13 05:45:00,DK1,264.07056,35.33,2026-08-30 08:43:34.908991
923610902548150,2026-06-13 03:30:00,2026-06-13 05:30:00,DK1,274.6842,36.75,2026-08-30 08:43:34.908991
259030481941256,2026-06-13 03:15:00,2026-06-13 05:15:00,DK1,278.0477,37.2,2026-08-30 08:43:34.908991
521954699574416,2026-06-13 03:00:00,2026-06-13 05:00:00,DK1,281.2617,37.63,2026-08-30 08:43:34.908991
750790076890621,2026-06-13 02:45:00,2026-06-13 04:45:00,DK1,282.08386,37.74,2026-08-30 08:43:34.908991
611055821655018,2026-06-13 02:30:00,2026-06-13 04:30:00,DK1,282.9808,37.86,2026-08-30 08:43:34.908991
760376362718530,2026-06-13 01:45:00,2026-06-13 03:45:00,DK1,378.9521,50.7,2026-08-30 08:43:34.908991
362003116068237,2026-06-13 00:30:00,2026-06-13 02:30:00,DK1,466.32782,62.39,2026-08-30 08:43:34.908991
43684047758915,2026-06-12 23:30:00,2026-06-13 01:30:00,DK1,536.06396,71.72,2026-08-30 08:43:34.908991
942637534150525,2026-06-12 22:45:00,2026-06-13 00:45:00,DK1,518.3496,69.35,2026-08-30 08:43:34.908991
504181914478320,2026-06-12 22:30:00,2026-06-13 00:30:00,DK1,587.7868,78.64,2026-08-30 08:43:34.908991
855340422030533,2026-06-12 22:15:00,2026-06-13 00:15:00,DK1,670.37897,89.69,2026-08-30 08:43:34.908991
630513358362622,2026-06-12 21:45:00,2026-06-12 23:45:00,DK1,699.82806,93.63,2026-08-30 08:43:34.908991
258217763779617,2026-06-12 21:00:00,2026-06-12 23:00:00,DK1,806.413,107.89,2026-08-30 08:43:34.908991
299943989956669,2026-06-12 20:45:00,2026-06-12 22:45:00,DK1,794.52875,106.3,2026-08-30 08:43:34.908991
310682652839651,2026-06-12 19:30:00,2026-06-12 21:30:00,DK1,821.1376,109.86,2026-08-30 08:43:34.908991
203169207049845,2026-06-12 18:45:00,2026-06-12 20:45:00,DK1,810.29974,108.41,2026-08-30 08:43:34.908991
43262685953140,2026-06-12 13:45:00,2026-06-12 15:45:00,DK1,428.7316,57.36,2026-08-30 08:43:34.908991
634503265197743,2026-06-12 13:15:00,2026-06-12 15:15:00,DK1,351.6705,47.05,2026-08-30 08:43:34.908991
379094227589670,2026-06-12 11:00:00,2026-06-12 13:00:00,DK1,536.2882,71.75,2026-08-30 08:43:34.908991
732682964375594,2026-06-12 09:45:00,2026-06-12 11:45:00,DK1,625.83154,83.73,2026-08-30 08:43:34.908991
506638495823269,2026-06-12 08:45:00,2026-06-12 10:45:00,DK1,692.65265,92.67,2026-08-30 08:43:34.908991
410650745738828,2026-06-12 07:30:00,2026-06-12 09:30:00,DK1,841.3932,112.57,2026-08-30 08:43:34.908991
853619861497443,2026-06-12 05:15:00,2026-06-12 07:15:00,DK1,912.4,122.07,2026-08-30 08:43:34.908991
783327028411070,2026-06-12 04:15:00,2026-06-12 06:15:00,DK1,859.63074,115.01,2026-08-30 08:43:34.908991
979137885647497,2026-06-12 03:45:00,2026-06-12 05:45:00,DK1,772.03076,103.29,2026-08-30 08:43:34.908991
476445396535534,2026-06-12 03:30:00,2026-06-12 05:30:00,DK1,716.496,95.86,2026-08-30 08:43:34.908991
707172343701136,2026-06-12 02:15:00,2026-06-12 04:15:00,DK1,675.3868,90.36,2026-08-30 08:43:34.908991
66834933542354,2026-06-12 01:30:00,2026-06-12 03:30:00,DK1,667.9124,89.36,2026-08-30 08:43:34.908991
159626531833198,2026-06-12 01:00:00,2026-06-12 03:00:00,DK1,696.24036,93.15,2026-08-30 08:43:34.908991
774960665102914,2026-06-11 23:00:00,2026-06-12 01:00:00,DK1,838.32874,112.16,2026-08-30 08:43:34.908991
288516151550836,2026-06-11 22:30:00,2026-06-12 00:30:00,DK1,842.0659,112.66,2026-08-30 08:43:34.908991
509762784329119,2026-06-11 20:30:00,2026-06-11 22:30:00,DK1,984.51483,131.72,2026-08-30 08:43:34.908991
152857302320253,2026-06-11 20:00:00,2026-06-11 22:00:00,DK1,1142.97,152.92,2026-08-30 08:43:34.908991
391111397731936,2026-06-11 18:45:00,2026-06-11 20:45:00,DK1,1431.7021,191.55,2026-08-30 08:43:34.908991
549122254005472,2026-06-11 16:45:00,2026-06-11 18:45:00,DK1,1125.2559,150.55,2026-08-30 08:43:34.908991
711699406476922,2026-06-11 16:00:00,2026-06-11 18:00:00,DK1,852.5934,114.07,2026-08-30 08:43:34.908991
801898439792838,2026-06-11 14:30:00,2026-06-11 16:30:00,DK1,632.9985,84.69,2026-08-30 08:43:34.908991
821067120242862,2026-06-11 14:00:00,2026-06-11 16:00:00,DK1,413.55304,55.33,2026-08-30 08:43:34.908991
18043772825441,2026-06-11 13:30:00,2026-06-11 15:30:00,DK1,410.7128,54.95,2026-08-30 08:43:34.908991
649969917654401,2026-06-11 10:45:00,2026-06-11 12:45:00,DK1,422.22324,56.49,2026-08-30 08:43:34.908991
814685564755170,2026-06-11 09:15:00,2026-06-11 11:15:00,DK1,592.86145,79.32,2026-08-30 08:43:34.908991
327146672979095,2026-06-11 07:30:00,2026-06-11 09:30:00,DK1,781.5875,104.57,2026-08-30 08:43:34.908991
658435056155757,2026-06-11 07:00:00,2026-06-11 09:00:00,DK1,902.2975,120.72,2026-08-30 08:43:34.908991
815659038326418,2026-06-11 06:00:00,2026-06-11 08:00:00,DK1,1088.0339,145.57,2026-08-30 08:43:34.908991
416030590089189,2026-06-11 05:00:00,2026-06-11 07:00:00,DK1,1183.0322,158.28,2026-08-30 08:43:34.908991
171076992035069,2026-06-11 03:00:00,2026-06-11 05:00:00,DK1,934.21277,124.99,2026-08-30 08:43:34.908991
403572607800736,2026-06-11 01:15:00,2026-06-11 03:15:00,DK1,937.72565,125.46,2026-08-30 08:43:34.908991
292669638264556,2026-06-11 00:30:00,2026-06-11 02:30:00,DK1,935.18445,125.12,2026-08-30 08:43:34.908991
502764285212905,2026-06-10 22:15:00,2026-06-11 00:15:00,DK1,1070.245,143.19,2026-08-30 08:43:34.908991
783035797963719,2026-06-10 21:30:00,2026-06-10 23:30:00,DK1,1096.1354,146.65,2026-08-30 08:43:34.908991
362927839986697,2026-06-10 20:30:00,2026-06-10 22:30:00,DK1,1211.3175,162.06,2026-08-30 08:43:34.908991
259295870807134,2026-06-10 18:15:00,2026-06-10 20:15:00,DK1,1521.3596,203.54,2026-08-30 08:43:34.908991
951653865077855,2026-06-10 17:15:00,2026-06-10 19:15:00,DK1,1164.6766,155.82,2026-08-30 08:43:34.908991
902003345457522,2026-06-10 16:30:00,2026-06-10 18:30:00,DK1,1103.6847,147.66,2026-08-30 08:43:34.908991
453327589964685,2026-06-10 16:15:00,2026-06-10 18:15:00,DK1,1040.2262,139.17,2026-08-30 08:43:34.908991
181750837832203,2026-06-10 15:30:00,2026-06-10 17:30:00,DK1,971.2366,129.94,2026-08-30 08:43:34.908991
863107296974110,2026-06-10 14:30:00,2026-06-10 16:30:00,DK1,811.8802,108.62,2026-08-30 08:43:34.908991
567456498316496,2026-06-10 14:15:00,2026-06-10 16:15:00,DK1,719.64484,96.28,2026-08-30 08:43:34.908991
757178532136474,2026-06-10 11:45:00,2026-06-10 13:45:00,DK1,522.617,69.92,2026-08-30 08:43:34.908991
181114984131972,2026-06-10 10:30:00,2026-06-10 12:30:00,DK1,517.3849,69.22,2026-08-30 08:43:34.908991
607326477612682,2026-06-10 09:15:00,2026-06-10 11:15:00,DK1,567.98724,75.99,2026-08-30 08:43:34.908991
255420789007465,2026-06-10 08:45:00,2026-06-10 10:45:00,DK1,538.164,72.0,2026-08-30 08:43:34.908991
353322831611824,2026-06-10 07:45:00,2026-06-10 09:45:00,DK1,640.4899,85.69,2026-08-30 08:43:34.908991
656012608314863,2026-06-10 06:00:00,2026-06-10 08:00:00,DK1,1055.4742,141.21,2026-08-30 08:43:34.908991
751308722000252,2026-06-10 04:30:00,2026-06-10 06:30:00,DK1,923.8482,123.6,2026-08-30 08:43:34.908991
732817717445303,2026-06-10 03:15:00,2026-06-10 05:15:00,DK1,821.2233,109.87,2026-08-30 08:43:34.908991
791263588835077,2026-06-10 02:45:00,2026-06-10 04:45:00,DK1,797.0059,106.63,2026-08-30 08:43:34.908991
453064122605892,2026-06-10 00:45:00,2026-06-10 02:45:00,DK1,802.2381,107.33,2026-08-30 08:43:34.908991
316798446558223,2026-06-10 00:00:00,2026-06-10 02:00:00,DK1,823.2414,110.14,2026-08-30 08:43:34.908991
954662295246222,2026-06-09 22:45:00,2026-06-10 00:45:00,DK1,878.92645,117.59,2026-08-30 08:43:34.908991
954435894580383,2026-06-09 22:15:00,2026-06-10 00:15:00,DK1,902.02264,120.68,2026-08-30 08:43:34.908991
239893537494248,2026-06-09 18:45:00,2026-06-09 20:45:00,DK1,1214.707,162.52,2026-08-30 08:43:34.908991
715971080107838,2026-06-09 18:30:00,2026-06-09 20:30:00,DK1,1145.4211,153.25,2026-08-30 08:43:34.908991
315318434619456,2026-06-09 18:00:00,2026-06-09 20:00:00,DK1,1035.2515,138.51,2026-08-30 08:43:34.908991
762078713817937,2026-06-09 16:15:00,2026-06-09 18:15:00,DK1,837.03564,111.99,2026-08-30 08:43:34.908991
69443707315126,2026-06-09 15:30:00,2026-06-09 17:30:00,DK1,698.76294,93.49,2026-08-30 08:43:34.908991
755141330006479,2026-06-09 11:00:00,2026-06-09 13:00:00,DK1,60.54102,8.1,2026-08-30 08:43:34.908991
681795600944733,2026-06-09 10:30:00,2026-06-09 12:30:00,DK1,112.86042,15.1,2026-08-30 08:43:34.908991
397503715532318,2026-06-09 10:00:00,2026-06-09 12:00:00,DK1,378.41876,50.63,2026-08-30 08:43:34.908991
937432133585200,2026-06-09 07:30:00,2026-06-09 09:30:00,DK1,767.3014,102.66,2026-08-30 08:43:34.908991
546338457981794,2026-06-09 07:15:00,2026-06-09 09:15:00,DK1,819.0228,109.58,2026-08-30 08:43:34.908991
177883930765892,2026-06-09 06:30:00,2026-06-09 08:30:00,DK1,935.09717,125.11,2026-08-30 08:43:34.908991
679719797927454,2026-06-09 05:45:00,2026-06-09 07:45:00,DK1,952.88574,127.49,2026-08-30 08:43:34.908991
209826796342323,2026-06-09 04:30:00,2026-06-09 06:30:00,DK1,985.92175,131.91,2026-08-30 08:43:34.908991
276942139649825,2026-06-09 03:00:00,2026-06-09 05:00:00,DK1,847.5743,113.4,2026-08-30 08:43:34.908991
468827458098756,2026-06-09 01:30:00,2026-06-09 03:30:00,DK1,827.54346,110.72,2026-08-30 08:43:34.908991
502869599490076,2026-06-09 00:30:00,2026-06-09 02:30:00,DK1,872.23914,116.7,2026-08-30 08:43:34.908991
314876203932043,2026-06-08 23:45:00,2026-06-09 01:45:00,DK1,892.79315,119.45,2026-08-30 08:43:34.908991
79694792057328,2026-06-08 23:30:00,2026-06-09 01:30:00,DK1,905.7236,121.18,2026-08-30 08:43:34.908991
674867904670209,2026-06-08 23:15:00,2026-06-09 01:15:00,DK1,916.48645,122.62,2026-08-30 08:43:34.908991
167400935045531,2026-06-08 21:45:00,2026-06-08 23:45:00,DK1,904.7277,121.05,2026-08-30 08:43:34.908991
287271441658047,2026-06-08 20:15:00,2026-06-08 22:15:00,DK1,1173.4927,157.01,2026-08-30 08:43:34.908991
364763130768722,2026-06-08 19:45:00,2026-06-08 21:45:00,DK1,1151.5193,154.07,2026-08-30 08:43:34.908991
896660026132207,2026-06-08 19:30:00,2026-06-08 21:30:00,DK1,1314.0787,175.82,2026-08-30 08:43:34.908991
471129715059491,2026-06-08 19:15:00,2026-06-08 21:15:00,DK1,1459.2985,195.25,2026-08-30 08:43:34.908991
90329395062743,2026-06-08 19:00:00,2026-06-08 21:00:00,DK1,1628.2856,217.86,2026-08-30 08:43:34.908991
221746719588328,2026-06-08 18:45:00,2026-06-08 20:45:00,DK1,1561.8418,208.97,2026-08-30 08:43:34.908991
304670576145216,2026-06-08 17:45:00,2026-06-08 19:45:00,DK1,1698.8402,227.3,2026-08-30 08:43:34.908991
967725651895508,2026-06-08 16:45:00,2026-06-08 18:45:00,DK1,1359.5953,181.91,2026-08-30 08:43:34.908991
833371306557056,2026-06-08 15:45:00,2026-06-08 17:45:00,DK1,1152.5656,154.21,2026-08-30 08:43:34.908991
115560449791391,2026-06-08 14:30:00,2026-06-08 16:30:00,DK1,803.5298,107.51,2026-08-30 08:43:34.908991
434302144743313,2026-06-08 13:45:00,2026-06-08 15:45:00,DK1,799.7927,107.01,2026-08-30 08:43:34.908991
204543813054062,2026-06-08 13:30:00,2026-06-08 15:30:00,DK1,682.4509,91.31,2026-08-30 08:43:34.908991
236196762831180,2026-06-08 12:45:00,2026-06-08 14:45:00,DK1,618.32404,82.73,2026-08-30 08:43:34.908991
101288328625235,2026-06-08 11:15:00,2026-06-08 13:15:00,DK1,545.602,73.0,2026-08-30 08:43:34.908991
375646143454802,2026-06-08 10:30:00,2026-06-08 12:30:00,DK1,551.5065,73.79,2026-08-30 08:43:34.908991
403732958972328,2026-06-08 10:00:00,2026-06-08 12:00:00,DK1,622.9579,83.35,2026-08-30 08:43:34.908991
133346116879124,2026-06-08 08:30:00,2026-06-08 10:30:00,DK1,642.61456,85.98,2026-08-30 08:43:34.908991
303403552821612,2026-06-08 07:30:00,2026-06-08 09:30:00,DK1,731.92883,97.93,2026-08-30 08:43:34.908991
664636535425730,2026-06-08 06:45:00,2026-06-08 08:45:00,DK1,787.83435,105.41,2026-08-30 08:43:34.908991
316851488016984,2026-06-08 06:30:00,2026-06-08 08:30:00,DK1,890.22815,119.11,2026-08-30 08:43:34.908991
559946129863942,2026-06-08 06:15:00,2026-06-08 08:15:00,DK1,972.0684,130.06,2026-08-30 08:43:34.908991
936610226722387,2026-06-08 05:15:00,2026-06-08 07:15:00,DK1,1105.2551,147.88,2026-08-30 08:43:34.908991
961875258614672,2026-06-08 04:30:00,2026-06-08 06:30:00,DK1,1136.5713,152.07,2026-08-30 08:43:34.908991
279195023501457,2026-06-08 04:00:00,2026-06-08 06:00:00,DK1,1137.8418,152.24,2026-08-30 08:43:34.908991
148134469474983,2026-06-08 03:15:00,2026-06-08 05:15:00,DK1,997.7043,133.49,2026-08-30 08:43:34.908991
140895348777501,2026-06-08 02:45:00,2026-06-08 04:45:00,DK1,997.5548,133.47,2026-08-30 08:43:34.908991
50932006458260,2026-06-08 01:45:00,2026-06-08 03:45:00,DK1,954.72876,127.74,2026-08-30 08:43:34.908991
673701371008447,2026-06-08 00:45:00,2026-06-08 02:45:00,DK1,989.7071,132.42,2026-08-30 08:43:34.908991
470790400941827,2026-06-08 00:00:00,2026-06-08 02:00:00,DK1,1005.4025,134.52,2026-08-30 08:43:34.908991
462222705836206,2026-06-07 22:30:00,2026-06-08 00:30:00,DK1,1018.8557,136.32,2026-08-30 08:43:34.908991
757392553170114,2026-06-07 21:15:00,2026-06-07 23:15:00,DK1,1030.8417,137.92,2026-08-30 08:43:34.908991
147555004033737,2026-06-07 19:30:00,2026-06-07 21:30:00,DK1,1041.754,139.38,2026-08-30 08:43:34.908991
787535935193334,2026-06-07 18:30:00,2026-06-07 20:30:00,DK1,966.2646,129.28,2026-08-30 08:43:34.908991
644822444061599,2026-06-07 16:45:00,2026-06-07 18:45:00,DK1,866.78296,115.97,2026-08-30 08:43:34.908991
133766994811578,2026-06-07 15:30:00,2026-06-07 17:30:00,DK1,4.932972,0.66,2026-08-30 08:43:34.908991
611649563228236,2026-06-07 14:30:00,2026-06-07 16:30:00,DK1,-88.419785,-11.83,2026-08-30 08:43:34.908991
790746524701175,2026-06-07 13:45:00,2026-06-07 15:45:00,DK1,-154.94017,-20.73,2026-08-30 08:43:34.908991
769301233871547,2026-06-07 13:15:00,2026-06-07 15:15:00,DK1,-234.46567,-31.37,2026-08-30 08:43:34.908991
124469499174080,2026-06-07 12:15:00,2026-06-07 14:15:00,DK1,-65.32451,-8.74,2026-08-30 08:43:34.908991
238248679092821,2026-06-07 10:30:00,2026-06-07 12:30:00,DK1,-30.121025,-4.03,2026-08-30 08:43:34.908991
781654416182824,2026-06-07 09:45:00,2026-06-07 11:45:00,DK1,-7.698426,-1.03,2026-08-30 08:43:34.908991
557768536493702,2026-06-07 09:30:00,2026-06-07 11:30:00,DK1,-6.278328,-0.84,2026-08-30 08:43:34.908991
934307397741097,2026-06-07 09:15:00,2026-06-07 11:15:00,DK1,-5.680392,-0.76,2026-08-30 08:43:34.908991
103787895017929,2026-06-07 07:45:00,2026-06-07 09:45:00,DK1,-74.66726,-9.99,2026-08-30 08:43:34.908991
367659706719526,2026-06-07 07:30:00,2026-06-07 09:30:00,DK1,-38.267902,-5.12,2026-08-30 08:43:34.908991
480464393274887,2026-06-07 04:45:00,2026-06-07 06:45:00,DK1,15.69582,2.1,2026-08-30 08:43:34.908991
409064355008826,2026-06-07 04:00:00,2026-06-07 06:00:00,DK1,63.90441,8.55,2026-08-30 08:43:34.908991
662608117084050,2026-06-07 03:30:00,2026-06-07 05:30:00,DK1,275.798,36.9,2026-08-30 08:43:34.908991
266591187728841,2026-06-07 03:00:00,2026-06-07 05:00:00,DK1,453.9829,60.74,2026-08-30 08:43:34.908991
975253392647082,2026-06-07 01:45:00,2026-06-07 03:45:00,DK1,529.7713,70.88,2026-08-30 08:43:34.908991
472171420939855,2026-06-07 01:30:00,2026-06-07 03:30:00,DK1,596.44116,79.8,2026-08-30 08:43:34.908991
384583745262973,2026-06-07 01:00:00,2026-06-07 03:00:00,DK1,685.6084,91.73,2026-08-30 08:43:34.908991
300523956674215,2026-06-06 23:15:00,2026-06-07 01:15:00,DK1,759.30396,101.59,2026-08-30 08:43:34.908991
511933430128765,2026-06-06 22:30:00,2026-06-07 00:30:00,DK1,804.2239,107.6,2026-08-30 08:43:34.908991
481820941852185,2026-06-06 20:45:00,2026-06-06 22:45:00,DK1,915.96326,122.55,2026-08-30 08:43:34.908991
141460871203160,2026-06-06 20:15:00,2026-06-06 22:15:00,DK1,1023.5917,136.95,2026-08-30 08:43:34.908991
130893542157723,2026-06-06 19:15:00,2026-06-06 21:15:00,DK1,1153.1942,154.29,2026-08-30 08:43:34.908991
326839327441599,2026-06-06 18:45:00,2026-06-06 20:45:00,DK1,1181.7457,158.11,2026-08-30 08:43:34.908991
846032604453594,2026-06-06 18:00:00,2026-06-06 20:00:00,DK1,1088.7667,145.67,2026-08-30 08:43:34.908991
330265891381042,2026-06-06 17:30:00,2026-06-06 19:30:00,DK1,1003.4114,134.25,2026-08-30 08:43:34.908991
842971082383270,2026-06-06 15:30:00,2026-06-06 17:30:00,DK1,765.13385,102.37,2026-08-30 08:43:34.908991
987576655696639,2026-06-06 15:15:00,2026-06-06 17:15:00,DK1,613.2581,82.05,2026-08-30 08:43:34.908991
260728071272229,2026-06-06 14:15:00,2026-06-06 16:15:00,DK1,313.9164,42.0,2026-08-30 08:43:34.908991
252088083929540,2026-06-06 11:00:00,2026-06-06 13:00:00,DK1,170.86021,22.86,2026-08-30 08:43:34.908991
659908590585728,2026-06-06 09:45:00,2026-06-06 11:45:00,DK1,179.7545,24.05,2026-08-30 08:43:34.908991
920280657357572,2026-06-06 09:30:00,2026-06-06 11:30:00,DK1,173.55092,23.22,2026-08-30 08:43:34.908991
807200508101881,2026-06-06 08:15:00,2026-06-06 10:15:00,DK1,304.49893,40.74,2026-08-30 08:43:34.908991
356957189963853,2026-06-06 08:00:00,2026-06-06 10:00:00,DK1,427.67374,57.22,2026-08-30 08:43:34.908991
403333692765319,2026-06-06 07:45:00,2026-06-06 09:45:00,DK1,193.65652,25.91,2026-08-30 08:43:34.908991
92019367198832,2026-06-06 06:30:00,2026-06-06 08:30:00,DK1,538.5908,72.06,2026-08-30 08:43:34.908991
896970660847551,2026-06-06 06:15:00,2026-06-06 08:15:00,DK1,689.196,92.21,2026-08-30 08:43:34.908991
370400347832029,2026-06-06 05:45:00,2026-06-06 07:45:00,DK1,574.01855,76.8,2026-08-30 08:43:34.908991
563058357012336,2026-06-06 02:30:00,2026-06-06 04:30:00,DK1,975.75684,130.55,2026-08-30 08:43:34.908991
562401810472667,2026-06-06 01:00:00,2026-06-06 03:00:00,DK1,888.9814,118.94,2026-08-30 08:43:34.908991
94076638064909,2026-06-06 00:30:00,2026-06-06 02:30:00,DK1,983.1562,131.54,2026-08-30 08:43:34.908991
962873961843930,2026-06-05 23:15:00,2026-06-06 01:15:00,DK1,1020.303,136.51,2026-08-30 08:43:34.908991
507354614754463,2026-06-05 22:45:00,2026-06-06 00:45:00,DK1,999.59955,133.74,2026-08-30 08:43:34.908991
428337856239474,2026-06-05 21:45:00,2026-06-05 23:45:00,DK1,1061.2617,141.99,2026-08-30 08:43:34.908991
204838499112143,2026-06-05 21:15:00,2026-06-05 23:15:00,DK1,1150.4288,153.92,2026-08-30 08:43:34.908991
176683090738952,2026-06-05 20:30:00,2026-06-05 22:30:00,DK1,1227.5626,164.24,2026-08-30 08:43:34.908991
817682063892701,2026-06-05 20:15:00,2026-06-05 22:15:00,DK1,1278.0135,170.99,2026-08-30 08:43:34.908991
231811897525442,2026-06-05 19:45:00,2026-06-05 21:45:00,DK1,1347.8972,180.34,2026-08-30 08:43:34.908991
101643529499562,2026-06-05 18:45:00,2026-06-05 20:45:00,DK1,1420.1727,190.01,2026-08-30 08:43:34.908991
403959811365094,2026-06-05 18:15:00,2026-06-05 20:15:00,DK1,1288.552,172.4,2026-08-30 08:43:34.908991
835212524399922,2026-06-05 17:30:00,2026-06-05 19:30:00,DK1,1181.4469,158.07,2026-08-30 08:43:34.908991
750981705972666,2026-06-05 16:30:00,2026-06-05 18:30:00,DK1,1025.6844,137.23,2026-08-30 08:43:34.908991
305046507157237,2026-06-05 15:15:00,2026-06-05 17:15:00,DK1,726.1933,97.16,2026-08-30 08:43:34.908991
196921385134628,2026-06-05 15:00:00,2026-06-05 17:00:00,DK1,540.1604,72.27,2026-08-30 08:43:34.908991
575357862310294,2026-06-05 13:00:00,2026-06-05 15:00:00,DK1,119.5872,16.0,2026-08-30 08:43:34.908991
946791480880845,2026-06-05 12:30:00,2026-06-05 14:30:00,DK1,203.52246,27.23,2026-08-30 08:43:34.908991
669673292122757,2026-06-05 12:15:00,2026-06-05 14:15:00,DK1,184.68747,24.71,2026-08-30 08:43:34.908991
13928250197587,2026-06-05 12:00:00,2026-06-05 14:00:00,DK1,190.36787,25.47,2026-08-30 08:43:34.908991
750982479294916,2026-06-05 11:15:00,2026-06-05 13:15:00,DK1,271.68716,36.35,2026-08-30 08:43:34.908991
230094969084606,2026-06-05 11:00:00,2026-06-05 13:00:00,DK1,314.21536,42.04,2026-08-30 08:43:34.908991
206467716299092,2026-06-05 10:30:00,2026-06-05 12:30:00,DK1,299.19223,40.03,2026-08-30 08:43:34.908991
558582424126207,2026-06-05 10:15:00,2026-06-05 12:15:00,DK1,342.16885,45.78,2026-08-30 08:43:34.908991
249520464729262,2026-06-05 10:00:00,2026-06-05 12:00:00,DK1,441.20203,59.03,2026-08-30 08:43:34.908991
407966526556815,2026-06-04 05:15:00,2026-06-04 07:15:00,DK1,680.52594,91.05,2026-08-30 08:43:34.908991
234074538509566,2026-06-04 04:45:00,2026-06-04 06:45:00,DK1,534.55475,71.52,2026-08-30 08:43:34.908991
801676813206297,2026-06-04 04:15:00,2026-06-04 06:15:00,DK1,567.21704,75.89,2026-08-30 08:43:34.908991
547466613054446,2026-06-04 03:30:00,2026-06-04 05:30:00,DK1,514.37445,68.82,2026-08-30 08:43:34.908991
899427769943919,2026-06-04 02:45:00,2026-06-04 04:45:00,DK1,527.9775,70.64,2026-08-30 08:43:34.908991
978757481696182,2026-06-04 17:45:00,2026-06-04 19:45:00,DK1,909.9838,121.75,2026-08-30 08:43:34.908991
567637169875600,2026-06-04 17:30:00,2026-06-04 19:30:00,DK1,879.1154,117.62,2026-08-30 08:43:34.908991
230255839077200,2026-06-04 17:15:00,2026-06-04 19:15:00,DK1,839.2032,112.28,2026-08-30 08:43:34.908991
530901017111327,2026-06-04 17:00:00,2026-06-04 19:00:00,DK1,784.8658,105.01,2026-08-30 08:43:34.908991
896825570689272,2026-06-04 16:15:00,2026-06-04 18:15:00,DK1,723.5773,96.81,2026-08-30 08:43:34.908991
536885578664960,2026-06-04 15:45:00,2026-06-04 17:45:00,DK1,737.9278,98.73,2026-08-30 08:43:34.908991
467929980897274,2026-06-04 14:45:00,2026-06-04 16:45:00,DK1,437.9881,58.6,2026-08-30 08:43:34.908991
47550130548356,2026-06-04 14:00:00,2026-06-04 16:00:00,DK1,48.881268,6.54,2026-08-30 08:43:34.908991
525130953537924,2026-06-04 12:45:00,2026-06-04 14:45:00,DK1,79.824455,10.68,2026-08-30 08:43:34.908991
173860676408122,2026-06-04 12:30:00,2026-06-04 14:30:00,DK1,72.49974,9.7,2026-08-30 08:43:34.908991
219756948407779,2026-06-04 11:00:00,2026-06-04 13:00:00,DK1,70.93016,9.49,2026-08-30 08:43:34.908991
223571871544821,2026-06-04 10:00:00,2026-06-04 12:00:00,DK1,74.742,10.0,2026-08-30 08:43:34.908991
179737490778241,2026-06-04 09:30:00,2026-06-04 11:30:00,DK1,51.721462,6.92,2026-08-30 08:43:34.908991
465541665124512,2026-06-04 07:00:00,2026-06-04 09:00:00,DK1,466.3901,62.4,2026-08-30 08:43:34.908991
719488865904015,2026-06-04 06:15:00,2026-06-04 08:15:00,DK1,636.3534,85.14,2026-08-30 08:43:34.908991
461901459239076,2026-06-04 06:00:00,2026-06-04 08:00:00,DK1,765.13385,102.37,2026-08-30 08:43:34.908991
65100185012332,2026-06-04 04:00:00,2026-06-04 06:00:00,DK1,536.0496,71.72,2026-08-30 08:43:34.908991
310452307968555,2026-06-05 08:45:00,2026-06-05 10:45:00,DK1,531.2662,71.08,2026-08-30 08:43:34.908991
50836115828124,2026-06-05 08:00:00,2026-06-05 10:00:00,DK1,785.389,105.08,2026-08-30 08:43:34.908991
850149347282801,2026-06-05 07:45:00,2026-06-05 09:45:00,DK1,549.57794,73.53,2026-08-30 08:43:34.908991
535191851581351,2026-06-05 06:15:00,2026-06-05 08:15:00,DK1,851.7598,113.96,2026-08-30 08:43:34.908991
231969014208416,2026-06-05 03:45:00,2026-06-05 05:45:00,DK1,734.86334,98.32,2026-08-30 08:43:34.908991
400170427789292,2026-06-05 03:15:00,2026-06-05 05:15:00,DK1,613.7813,82.12,2026-08-30 08:43:34.908991
731291876696945,2026-06-05 01:30:00,2026-06-05 03:30:00,DK1,552.94135,73.98,2026-08-30 08:43:34.908991
110415716201487,2026-06-05 01:00:00,2026-06-05 03:00:00,DK1,637.17554,85.25,2026-08-30 08:43:34.908991
280811096829040,2026-06-05 00:30:00,2026-06-05 02:30:00,DK1,615.72455,82.38,2026-08-30 08:43:34.908991
502319460466644,2026-06-04 21:45:00,2026-06-04 23:45:00,DK1,674.24756,90.21,2026-08-30 08:43:34.908991
322930845017152,2026-06-04 21:30:00,2026-06-04 23:30:00,DK1,742.2628,99.31,2026-08-30 08:43:34.908991
216556908209891,2026-06-04 21:15:00,2026-06-04 23:15:00,DK1,773.1313,103.44,2026-08-30 08:43:34.908991
150892659037137,2026-06-04 20:15:00,2026-06-04 22:15:00,DK1,838.0073,112.12,2026-08-30 08:43:34.908991
570778079168277,2026-06-04 20:00:00,2026-06-04 22:00:00,DK1,866.70825,115.96,2026-08-30 08:43:34.908991
930732397022327,2026-06-04 19:30:00,2026-06-04 21:30:00,DK1,864.0175,115.6,2026-08-30 08:43:34.908991
405205855863686,2026-06-04 16:45:00,2026-06-04 18:45:00,DK1,876.6489,117.29,2026-08-30 08:43:34.908991
52283440341228,2026-06-04 13:45:00,2026-06-04 15:45:00,DK1,112.113,15.0,2026-08-30 08:43:34.908991
955304717272023,2026-06-04 11:45:00,2026-06-04 13:45:00,DK1,72.49974,9.7,2026-08-30 08:43:34.908991
623905245399483,2026-06-04 10:30:00,2026-06-04 12:30:00,DK1,71.07964,9.51,2026-08-30 08:43:34.908991
281270516089740,2026-06-04 10:15:00,2026-06-04 12:15:00,DK1,72.574486,9.71,2026-08-30 08:43:34.908991
923242981730705,2026-06-04 09:00:00,2026-06-04 11:00:00,DK1,74.66726,9.99,2026-08-30 08:43:34.908991
107882016242817,2026-06-04 08:45:00,2026-06-04 10:45:00,DK1,68.01522,9.1,2026-08-30 08:43:34.908991
484693250210343,2026-06-04 08:15:00,2026-06-04 10:15:00,DK1,119.5872,16.0,2026-08-30 08:43:34.908991
318097790660153,2026-06-04 07:45:00,2026-06-04 09:45:00,DK1,73.17242,9.79,2026-08-30 08:43:34.908991
779778393771788,2026-06-04 07:30:00,2026-06-04 09:30:00,DK1,154.86542,20.72,2026-08-30 08:43:34.908991
43587963609140,2026-06-04 07:15:00,2026-06-04 09:15:00,DK1,327.36996,43.8,2026-08-30 08:43:34.908991
434144602781251,2026-06-04 06:45:00,2026-06-04 08:45:00,DK1,342.46783,45.82,2026-08-30 08:43:34.908991
581641420961279,2026-06-04 05:30:00,2026-06-04 07:30:00,DK1,631.64465,84.51,2026-08-30 08:43:34.908991
385821292771321,2026-06-04 05:00:00,2026-06-04 07:00:00,DK1,702.799,94.03,2026-08-30 08:43:34.908991
39202936259318,2026-06-04 02:30:00,2026-06-04 04:30:00,DK1,487.46735,65.22,2026-08-30 08:43:34.908991
